0x00047f	264	ヘ<1C>ほ生Ａ時た生方<1D>た 物<0D> <FD><0C>ワフま生<ED><18>た生ヌ死た子世ぅタヘオま そ<04> 物<0D> り<04>ゅこレ<10><09> <07><0C>生<ED><18>た子世 \n<05>Ｌ<F3><04>♥<00>ぅ<19>生<00><00><EA>ゅエま<F0><03>Ｌ<FD><04>生いャたぅ<10>ナ世世‥方Ｊミ<15>ゅよレ<09><01>ヘよレ♥４ぅ<01>ル行リネネネネ<10><F7>世闇手<00>た生<ED><18>たタ<FA>生！ルたワ<16>ワワ<17>ワワはンワひンワふンワへンワこレぅ命ヘけレワすレワせレワそレワひレぅ<04>ヘはレつ ぅ<0C><00>ヘふレヘほレ★ ワにレぅ<06>ヘなレぅ<03>ヘぬレぅ<04>ヘねレワのレワむレぅ<02>ヘみレつ ぅみ<00>ヘめレぅタ<02>ヘやレ「<00>結ら。結ら「結ら」結ら、結ら‥結らを結らぁ結らぃ<E8><E8>み★★ 「ソぅ
0x000598	16	ヘそロぅ<06>ヘ<15>ロぅ<03>ヘロロ「気ぅ
0x000698	129	来生<15>ワた生こ結た生ぅ２た生、<1F>た生ぁ７た ★<0C>ぅ<0F>ヘ者十生しＰつ生<ED><18>たゅ<FA>てみ<F3>ゅＺほ生２<1E>た生<ED><18>たゅ<FA>て<F0><0B>生界Ｑつゅ<FA>てみ<1B>タ<1D>‥カ<F0><06>生Ｊ知たタ<0F>生いサつ出世Ｐ<03>Ｌハ<08>生え<02>つ‥世０ま生★<1B>た♥０ゅぇへ）<12><F0><02>♥ ト世 ７<08> Ｎ<08>ワ<1C>ワ「<16>つ ぅ
0x0007ad	133	<03>ぇ★ ぅ<03>ンら‥★<10>タ<04>生<F7><1D>た★ ネネネネ<10>へ世子<00>♥者せＺ♥０<1C>け<17>結０<04><E6><00>タ<13>すかへ<1D>きへ<F0><0B>すきへ<EB>すかへ生<FE><1D>たネネネネ<10>る‥<00>み<1C>‥ヤ） み<16>つ ゅゃへ<F0><04>生<F7><1D>たゅょへ<F0><04>生<F7><1D>た★ 世生今ァつ「<00>♥<00>け★ン０<11>ンサまＺぃけ行リンシまコね<E8><E8>タ<EA>ぅ
0x0009a3	538	ソヘそぉ★ ワヨょぅ<18>界Ｙほ<10><02>ぅ<16>ナカぅタナ♥ワＸほワＹほ★ 生<ED><18>たゅ<FA>て<F0>８生界Ｑつゅ<FA>てみ世つ ゅけレヘさレゅ<17>知ＪＪＪＪヘすレゅ<19>知ＪＪＪＪ★ ヘせレゅゅろＪヘそレ生★４つぅ<08>ナ世タ？ ９<0F>‥カ<F0><06>生Ｊ知たタ出生クＡつ生「<02>つ生り<0C>つ生界来つ出世殺９生ミＳつ生ん８つ生<0E><03>つ生<FC>者た ル<10>‥世<10><03>Ｌて<09>）<10>ナ世生★<1B>た世‥世ノ<01>み<0A>出知０<0B>‥世ノ<02><F0><05>ぅタヘ行ほ世生ニ十たぅ０Ｈ →<0A>ィ石み<F8>ぅ 生２<1E>た「<0D>ぅ<1A>ンＯ十は<10><FA>ぅタナメ →<0A>‥メ０<F9>生ＳコたＣ<00><01><0E><1C><06>ゅ<12>ロの<0D>ミ<03><EE>Ｖソゅ<19>ワ<0D><1A>ワみ<05>ぅＡヘＶソ →<0A>生Ｍサた‥言み<AA9>者ヘてま →<0A>ほてまみ<F8>ぅ<F0>ヘてま →<0A>つ ‥者ノタミ★ み<05>ほてまみ<ED>生★<1B>た生<1C><1E>た世生<ED><18>た生<E8>Ｇつ世ゅのン<10>７）ソヘのン「<0F>ぅ<01>ンＭ十結何十は<10><F7>タ<0F>ゅ<01>！）<03>み<0C>「<0F><FE>Ｍ十は<10><FA>ぅタナメ生<ED><18>たぅ<0F>ヘ者十ゅ何十の みん世 <EA><0A>ゅオまノ<08><F0>ュ「<00>生<E7>生たしゅろけ」シンょやけゅシン。ゆぅ<10>ン。んリＩ<04>ぃつ けけシ<18>スゅらンゅらけきシ<18>ス腕りン腕り★ 生世<0B>つぅ<0F>ヘ者十生<ED><18>た「<00>ゅ来十の<08>ミ<10>す。ん<F0><0B>中。ん生<05>腕た生世<0B>つ生兵Ｌつゅぃまみれゅオま）<F7>ヘオま生へ<1B>た世ゅ<12>ロ<F0>Ｔの<0C>ーＰ生★<1B>た生<F2>１たぅ<18>生２<1E>たつ ぅ
0x000bbf	30	ヘ手！ヘ（！★ 生、<1F>たぅ<04>ナト生ア→た生ひロたぅタヘ行ほぅ
0x000bde	63	ヘこレ生へ<1B>たぅ<19>ナカ生<ED><18>た生Ｊ知た‥カみ<F4>ワこレ生へ<1B>た世ゅ<12>ロの<0D>ー<13> 」<0B>ぅ腕出知<10><02>ぅ。生２<1E>た生ＹＹた<EE><12>ロ‥知Ｉ
0x000e18	35	ヘぁシヘうシワ‥シワぅシワぉシワゅシワあシワおシぅ<10><00>ヘけシワさシぅ<F0>
0x000e3c	30	ヘすシワそシワきシワＯほワＭほ★ ワＱほワＲほワＳほ世「者ぅ
0x000e5b	422	ン）リ結行リ結十リ結命リ結言リ結死リ結ルリ結レリ結ロリンむリンめリンもリ結やリ結界リつ 結<09>ル結<0B>ル★ はははは<10>に「<00>ぅ<04>ヘ十リぅ殺生<B8B>た「<1C>ぅトン十リぅ<09>生<B8B>たぅ<04>ン行リつ す<09>ルヘほン★ 世つ ‥コヘイへ‥シヘエへ‥ツヘコへ‥トヘシへ‥ニヘセへ‥ネヘタへゅニへヘノへゅツへヘトへ★ ゅネへヘヒへォつ ゅイへナコゅエへナシゅコへナツゅシへナトゅセへナニゅタへナネゅノへヘニへゅトへヘツへ★ ゅヒへヘネへォゅ結へ<F0><05><0A>ぇャ４<0F>世３<0F>８<0F>世ゅはン<F0><1F>‥世ノ<04><F0><0B>ゅカ<02><F0><15> Ｏ<0F>Ｌね<0F>ワりま‥世ノ<04><F0><05>ぅタヘらま世ゅりま０<16><09>タヘりまぅ<01>ヘるま \n<0F>ＮれまＮれま <F8><0F>ゅ<01>！）？み<0B>ゅらま<F0><02>ぅソ<1A>ヘらまゅ<01>！）<0F>み<09>‥世ノ<04><F0><03> <13><10> ね<0F>ほるまみ出‥メ０<1B>ゅ？十の<08>ミ<14>つ ぅ<18><18>ヘ？十ヘＡ十ヘＣ十★ ぅ♥ナメぅ ヘるま世ほれまみ<03> ん<0F>つ ほわま★ み<03>Ｌ<F2><0F>世ぅ<0A>生（<1E>たぅ者生<1F><1D>たゥクヘれまワろま世ぅ腕生（<1E>たぅえ生<1F><1D>たつ ）
0x00106a	234	ゥ<00>ンょやぅ<0C>ンゅよぅたンゅれ<18>世ゅらま<F0><18>０<03>Ｌゃ<16>ワらまゅソ十）<FC>ヘソ十ゅチ十）<FC>ヘチ十世 サ<10>ゅ知へ<F0><07>）<1F><0A>ぇシぅ<10>世今<16>今<16>ツ<16>く<16>り<16><0E><17>ゃ<16><15><15>Ｓ<13>り<12><00><12><B11>ヲ<11><02><11>ぬ<10> ね<17><10> ♥者せ<17>結０時けＺ結の<05>み<1E>すゅれノ<03>み ほ。へみ<1B>ぅ<16>生（<1E>た生６<1D>た）？ゥ<08>ヘ。へ世ネネネネ<10>みワ知へ世ゅカ<02>み大 ね<17>０<05>ぅ<01>ヘ‥へゅ<01>！）<0F>みＪ生Ｕ行たーＤ生ぅ生たＴ<02>り<00><0A><16><03>ネ<03><00>ぅ<04>ン腕ろ生６<1D>た）<03><0A>生め生た生６<1D>たン腕ゆぅ<FE>ン。ゆ生６<1D>た）？ゥ←ンゅやぅ
0x001155	692	ゥ<00>ンょやぅたンょんンゅれＬぉ<11>世ゅカ<02>み？ ね<17>０<10>ぅ<01>ヘらまヘ‥へワ。へぅ♥ヘ」へゅ。へみ手ゅ<01>！）<1F>み<16>♥<05>けＯ十８<E9><08>ー<02>ぅ<00>ル？十ネ<10><F0>ぅたナメほ」へみ<03><EE>。へ世ほ‥へみ<11>生６<1D>た）<1F>ゥ<04>ヘ‥へぅ石生（<1E>たゅ<01>！）<03>み腕生ロ<14>つー力さ生６<1D>たュヌ十ン腕もゅネ十ゥ<00>ン。もぅ<F0>生<1F><1D>たュノ十ンゅもゅハ十ゥ<00>ンょも世ゅカ<02>み<04>生<E8>Ｇつ世 ね<17>０<0A>ぅ<01>ヘ。へぅ♥ヘ」へゅカ<02>みＹほ。へゅ。へ）<07>み<03> ワ<12>世ゅ」へみ５ほ‥へみＡ<EE>」へぅ<0A>ヘＯ十ヘＰ十ヘＱ十ヘＲ十ヘＳ十ヘＴ十ヘＵ十ヘＶ十ヘＷ十ヘＸ十ヘＹ十ヘＺ十ヘ闇十ぅタナメ‥メ０来ゅＯ十<F0><09>ワ」へぅタヘ‥へ世ぅ ヘＯ十ヘＰ十ヘＱ十ヘＲ十ヘＳ十ヘＴ十ヘＵ十ヘＶ十ヘＷ十ヘＸ十ヘＹ十ヘＺ十ヘ闇十ぅタナメ世生Ｕ行たー５生９生た<0A><1C><05>タ<02><02>ぅ ン。わ生６<1D>たン腕わ<0A><10><05>ぅ<03>ン。よ生む思つぅ ンょよぅ<0A>ン腕ろぅたンょんンゅれ<18>世 ね<17>０<08>ぅ<01>ヘ。へヘ」へゅカ<02>み力ほ。へゅ。へ）<07>み<03> <12><13>ほ」へみ<15>生６<1D>た）<0F>ゥ<04>ヘ」へ <12><13>ー<05>ぅ<0A>ン腕ろ世生Ｕ行たー石生９生た<0A><16><03>タ<03><00>生６<1D>たン腕わ）<03><0A>生め生た生６<1D>た）<0F>ゥ<08>ン。わ生♥思つぅ ンょよぅ<0B>ン腕ろぅたンょんンゅれ<18>世ゅカ<02>みソ ね<17>０<17>ぅ<01>タ<08>ぅ手生（<1E>たぅ輪ヘ。へゅ知へ）そヘ知へつ ほ中ま★ み<04>ワ知へ世ほ。へみＱ界知へ殺界ゅ知へ<09>輪ヘ知へぅ手生（<1E>たぅ<08>ヘ」へつ ゅゅらＪＪＪＪぃゅ腕りＪＪＪＪ★ ヘぁへフ‥へょ」へはは０」ホ」へぅ<0C>ヘ。へつ そァ<14>たナ（★ ぅたナ行 り<13>世♥<00>き（の<F0>み<01>世Ｚ<18>ュ‥へな闇ーカナ<18>ねき（<18>ュぁへな備ーゥナ<1A> \n<14>ー言生Ｕ行たー闇つ ‥<18>）
0x001416	90	<00><0A><0A><0A><0A>ン腕り★ 生命<1C>た）ソの殺ー６）<07><0A><0A><0A><0A>へゅりみ十Ｈ生９生た<06><04><00>タ<03><00>ィンゅり出前<10><05>ぅ ンょよ生世<0B>つぅ<0B>ン。んぅ<07>ン腕ろぅたンゅれコねねＬれ<13>世こ<14>ル<14>タ<14>ッ<14><01>
0x0014ef	627	<F0>兵けユゅ）？の<11>み<EB>‥<18>８<F9>ムゅ０\nるモゅー中‥<1A>８<F9>メゅ０よるヤゅーむ世 ね<17>０Ｈぅ<01>ヘ。へワ」へワ‥へワぁへゅけレのアみ<0D><EE>ぁへゅＵ十み<05>ぅチヘぁへ 言<15>ぅＢヘ <08>ぅ<0D>ヘ！<08>つ ぅ大<16>ヘ生<08>★ ぅたヘ出<08>ぅセヘ力<08>ぅ<10><04>ハ世ゅぁへ<F0><08>界知へ殺<03> <FA><15>ゅロ時み力ぅ兵生（<1E>た「<00>ゅ‥へＩ<01>ヘ‥へみ<09>生３ たぬ者はタ<07>生３ た<0C>石はぅ<01>ヘ。へぅ<00>マ<04>Ｂ<00>ぅ殺マ<05>Ｂ<00>ゅ。へ<1A>マ<06>Ｂ<00>「←♥中つ０子<00>子<02>っ<14>Ｂ<00>ナ<1A>Ｊナ<18>ねねはは０ ‥<00>ン<F1>そ‥<02>ル<F1>そ‥<18><18>ゥ<00><01>ナ<18>な<1A>ミ★★<1A>ナ<18>に<00><E6><02>タれ★０<EE>。へゅ。への世ミ<05>ぅ<01>ヘ。へ世ゅ<01>！）<03>み闇「<07>ゅぁへ<10>！ゅＯ十んＵ十ミ<0A>すＵ十<1A>の<18>ミ<02>ぅ<18>ンＵ十は<10><E8>ゅＵ十の<18><F0><14>タ<1A>中Ｕ十<10><03>結Ｕ十は<10><AAD>Ｕ十の<08>ー<08>ゅぁへＩタヘぁへゅＵ十<F0><04>ぅたナメぅ ８<ED>Ｅ十の ミ<02>ぅ<1F><09>←ヘネへ世<F0><F1>そ<F0>むた<00>つ <EE>テ十ゅ<01>！Ｊミ<03><EE>ナ十ゅテ十ヘ備十ゅナ十ヘ今十★ 世 ね<17>０<06>ワ。へワ」へ<EE>」へゅ」へ）<07>み<10><EE>。へゅ。へ）<03>ぇそぃ<16>たヘス<02>世<00><11>！<11> く<16>生<F8><02>つ生<0E><03>つ世ゅ<01>！）<03>み<18>生６<1D>た）<03>Ｍソ十ヘソ十生６<1D>た）<03>Ｍチ十ヘチ十世 ね<17>０<10>ぅタヘらまぅたヘ。へぅ<04>ヘ」へ世ほ。へ<F0><13>ほ」へみ<16>ゅ。へＪＪＪＪＩ<0F>ヘ」へタこぅタヘらまワ知へ世ゅカ<02><F0><03>Ｌナ<17> ね<17><10>オゅ<01>！）<0F>み死生Ｕ行たー備生ぅ生た<00><00><F0><00><06>石<05><00><03><00>ぅ輪ンょんぅ<03>ン腕ろ生６<1D>たン腕もぅ<FE>ン。ゆ生６<1D>たン腕ゆのター<11>生６<1D>た<18>ゥタンゅやぅ
0x001763	129	ゥ<00>ンょや‥モ）<03><0A>生め生た‥モ<10><0B>中。よ中。よぅ ンょよぅたンゅれほ。へみ<11>ぅ石生（<1E>た生６<1D>た）<1F>ゥ<08>ヘ。へゅ<01>！Ｊー<09>ょ<17>結 ぉ<17>Ｌそ<16>世生６<1D>た）<03>備ゅらンゅら生６<1D>た）<03>備腕りン腕り生世<0B>つ世ゅ知へ０<07><09>タヘ知へぅ<00>世ゅ<12>ロ<0A><0A>ぇつ そぉ<F0>た<10><14>の
0x002107	85	み<06>結ロ時★<10>世の<FE>み<0D>♥<02><00>‥Ｌ<10><E9><09><01>ナＬタ<E9>の<FD>み<1E>ねき（ンワ時ねつ き（ナ（ねねリンサ時★０生方<1F>た生、<1F>た世の<FC>み<05>♥<02><00>タくの<FB>み２れねき（ンワ時ねつ き（）
0x00215d	6	<00>ぇねき（）
0x002164	55	<00>ナ<18>ねき（ねねン<06>！<E8><E8>に<18>み<F3><FA>リンサ時★０生、<1F>た世の<FA>み<0B>ねき（ね生（<1E>たＬ<03>！ンワ時ねれつ すゃ時）
0x00221c	115	ン<EC>まは<10><FA>「セ結ゅれはは<10><F9>ぅちヘ<06><04>ワ<1D><04>ワ手<04>Ｌァ（つ 」<01>ナ輪<18>ゥ<06><00>デ★ 」<03>ナＢ♥<01>生<E7>生た結ゅよ結ょん結腕中結。中結ゅり結ょりぅ０ンょよき輪ねン腕みき輪ねン。みき輪ねン。よき輪ねン腕よき輪ねンゅんき輪ンゅみ結ょみぅ
0x002290	118	ン腕らン。らしゅんけＷ<02>ヨＷン腕ら０<05>ぃハル。らォつ 」<01>ナ輪<18>ゥ<0A><00>デ」<03>ナＢ♥<01>き輪ン腕もねねき輪ンゅもねね★ タタんゅみ<F0><06>ンゅみ結ょみォるゅみ<F0><FA>ルゅみぅ<00>ルょみォつ 結腕や結ゅや結腕ゆ結腕る結ゅゆ★ 結ゅるォ<0B>つ ぅ<00><04>前ぅ
0x002355	129	ル<EC>ま十世す腕らナな者ゅれＰオす。中０ＦみＧすょみ０。<09>タンょみぅちナ<0A>ナ<0E>つ ロせ腕みそ<00><00>ちナ<08>さし。みき<08>ナ<0C>しゅみき<0C>ン腕む★０結ょめタ<11>すゅれ）<03>み<0D>すゅめ<F0><08>中ゅめみ<03> <01>出す腕よノ<08><F0><06>ゅ<01>！Ｊー<1A>し。よけ４<04><10><06>ヨ４ヨ者タ<08>け者<04>ヨ者ぃヨＤぅ
0x0023d7	484	ユＤをな０<03>ＬＺ兵世？出９出Ｅ出ぃ出<EE>出兵時ョ出コ出Ｖ出言出ニ出５出５出５出５出５出★０す腕むナ<10>す。むナ<11>しょめき<10>の←ー<15>ねンゅめき<10>ねンゅむき<10>ねンょむリンょめ世ねニ２８<E9>←ぇシ→兵を２タらを２結ゅめ世を２♥<00>タひを２つ き<10>ン腕むナ<10>★ ♥<00>タこを２す腕よ）物ン腕よタ★を２す腕よ<09> ン腕よタるを２す腕よ<09> ン腕よタヨを２す腕よ）物ン腕よタハを２き<10>ね８<F7><10>生<1F><1D>たキ<10>ンゅめねつ き<10>ンゅむ★ ねねリンょめ世を２ゅ大<02>の<08>ー２ぅ<02>ン。中き<10>ねンゅめつ き<10>ねねン腕めき<10>ねねト１し腕中ルハセ★ ゃ大<02>ハルチセ<EE>大<02>‥１ンょめ世リ石ンょめぅタン。中世を２ゅ大<02>の<08>ー<EC>ぅ<06>ン。中き<10>ねンゅめつ き<10>ねねン腕めき<10>ねねト１し腕中ルハセ<18>ゥ<07><00><09><00>タルはセタょを２ゅ大<02>の<08>ーきつ き<10>ねねト１し腕中ルはセ★ 、１Ｌ<10>出つ<10>「<FC><01>ぅ←ンふ<04>はははは<10><F7>ワ出<04>ワ時<04>★０ォ「<00>ぅ<F0>ヘ。<04>ワ <04><0B>つ０ぅ<00><06>前子ひ子へ子ま子む子も子ゆ子ら子る子ろ子ん子物子→子\n子★子<E7>子<E9>ぅ<00><04>前ぅひ<06>ナ<0C>ニ生★０、 せ<EC>ま<10>９<06>。ミ<0A>‥<1E>ＪＪ<06>。ー<FA>メ<0C>つ０を生★出ー<1D>‥出８★生Ｉ
0x002875	23	ン腕らン。ら結ゅん結ゅれ生た（たはは<10><EA>つ ぅ
0x00288e	59	「者ンハセンフセ結はセンふセはははは<10><EE>★ 「<08>ンチセは<10><FA>「ョ結。スはは<10><F9>子大ォれさ生た（た<FA>ォ結ゅれし。ら<10><12>ぅ
0x0028ca	22	し腕ら０<04>ル。らリしゅんルＷ<02>ォす腕ら<10><06>ぅ
0x002985	26	ンチセ世ぃそ<15>行たナ<18>さ、<00>そ<07>みちル１スそ<0A>みち）
0x0029a0	27	<00><F0><13><0A>ル<11>セ‥<18>ルちシぅ<01><00>ル。ス<E6><19>ねねそ<0B>みち）
0x0029bc	27	<00><F0><13><0A>ル<11>セ‥<18>ルちシぅ<01><00>ル。ス<E6><19>ねねそ<0C>みち）
0x0029d8	27	<00><F0><13><0A>ル<11>セ‥<18>ルちシぅ<01><00>ル。ス<E6><19>ねねそ<0D>みち）
0x002a8f	13	ンらぅ←<06>ー<0A>ょるぅ０子ぅ
0x002a9d	89	Ｌ備兵子にははニとハＪ）セぇつ れすらぅナなすＹぇナぬすろぇナの ！十<FA>ははみ<E8>をとはは<F0> ニとするぅナなゅるぅンるぅす前ぇナぬすんぇナの「<02>♥<04> 出十タれ★ ♥<02>せらぅ０<0B>Ｚぅ
0x002af7	334	 備兵コねねタ<F0>世ぃつ けゅも<18>ケゅりンＹぇけ腕もンろぇリンらぅ★ <E8><E8>け腕ら<10>←世ハ<0A>ぃとと<F0> ーＬけＹぇる前ぇミ<19>み<12>けろぇるんぇミ<0A>み<0A>けらぅるるぅー<02>ねねけＹぇなぬー<15>けＹぇンＹぇけろぇンろぇけらぅンらぅさタすみ<10>けろぇなのミ<09>み←けらぅななーる‥ぬンＹぇ‥のンろぇ‥なンらぅ世ゅＷ<02>０<04>生を十たゅＸ<02>０<04>生を十たゅＹ<02>０<04>生を十たゅＺ<02>０<0E>ぃけゅれ<09><01>ルゅれけ腕ら<10><F2>ォゅＷ<02>０<04>生ゆ十たゅＸ<02>０<04>生ゆ十たゅＹ<02>０<04>生ゆ十たゅＺ<02>０<0E>ぃけゅれ）<FE>ルゅれけ腕ら<10><F2>ォ<18>ゥ輪ナ<10>れ子<19>）ソの輪ミ<0D>み<06><E6><19>ぅ<00>タ<0A>Ｉ？<1A>）？ぇそ<08>界たナ<18><FA>ォ<00><06><0C><12><19><1F>時十１８思ＤＪＰＶ闇命ァュウクセテネホモリン「ぁぉーおけすちなのへむやりろ中→★<E7><EA><EC><EE><F1><F3><F4><BF8><F9><FB><FC><FD><FE><FE>
0x002c9e	45	スょもンょもォすゅや<18>ス腕やン腕やすょや０<0C>ス腕もン腕もミ<03><FE>。もォゥ<00><F0><0E>ス腕もン腕もぅ
0x002ccc	45	ス。もン。もォすゅゆ<18>スゅるンゅるすょゆ０<0C>スゅりンゅりミ<03><FE>ょりォゥ<00><F0><0E>スゅりンゅりぅ
0x002cfa	53	スょりンょりォ生も界た生７腕たす腕ゆ<18>ス。るン。るす。ゆ０<0C>ス腕りン腕りミ<03><FE>。りォゥ<00><F0><0E>ス腕りン腕りぅ
0x002d30	45	ス。りン。りォすゅや<18>ス腕るン腕るすょや０<0C>スゅらンゅらミ<03><FE>ょらォゥ<00><F0><0E>スゅらンゅらぅ
0x002d5e	12	スょらンょらォのＰつ ）
0x002d71	32	<18>スゅやな<18>ー<0D>‥<18>タ<09>スゅやな<18>ミ<02>‥<18>ンゅや★ ォのＰつ ）
0x002d98	32	<18>ス腕ゆな<1A>ー<0D>‥<1A>タ<09>ス腕ゆな<1A>ミ<02>‥<1A>ン腕ゆ★ ォのＰつ ）
0x002dbf	34	<18>スゅゆな<1C>ー<0D>‥<1C>タ<09>スゅゆな<1C>ミ<02>‥<1C>ンゅゆ★ ォ出<19>つ ０<15>）
0x0055a0	27	<00>ナ<00>に<1A>ははネ<10>ゆ★０世<F0><F1>そ<F0>むた<00>つ０「ぜぅ！
0x0055bc	68	ン<F1>そ<1A>はは<10><F8>★０世つ 「たぅ<00> ン<EF>っははみ<F9>★ ゅひ<FD>Ｊー<03> ＴＶ生<05><1C>たた<00><F1>っゼタゅへ<FD><18>ゥ<03>）<1F>ヘへ<FD><18>ゥ<1A>）<1F>ナ<18>つ ）
0x005be9	46	み<F2>生★<1B>た <A5B>Ｌハ大ゅウまＪぇゅ<E9>ま知<05>セ０世ゅウまＪぇそ<05>セ０ヘ<E9>ま世‥何ノ<0C><F0>！ゃ手
0x005c41	11	の<03>み<0B>ぅ<02>生（<1E>たぅ
0x005c5f	12	の<03><F0><ED>ぅ<01>生（<1E>たょ手
0x005d90	16	<00><0A>ぇそわ備た<F0><03> ★備★０ょ手
0x005dff	36	ー輪ねねぇ★ き（ねナ<10>子<11>き（ね界<E9>まみ<05>き（ねタ<03>ねき（ね<0A><0A>つ ）
0x005e8a	7	生★<1B>た「<1F>ぅ
0x008000	179	Ｏ十ネ<10><F3>ぅたナメ世ょァソ <06>ツ０輪 来知れょ<12>ロそ<A80>たヘ世ソ<FA>ワ方ソぅ<04>ン。よすゅれ）<FC>ンゅれゅゅろＩ<04>ンゅろ<18>ゥ<10>生め生たつ しゅよけ<16>！ヘ出！★ 生、<1F>た世ゅ方ソ０Ｉみ<15>すゅめみ<F3><EE>方ソぅ<0E>ンゅよワ闇十ぅたナメ世出メ０物<09>タヘ方ソぅ<02>ン腕みぅＪン。みすゅろ生め生たぅ ヘ闇十ぅたナメつ ゅ ！ヘ出！★ 生、<1F>た世‥メ０<FB>ぅ<0A>ンゅよンゅ中ゅ世ソヘよへぅ
0x0080b4	23	ヘりへぅなナ。し腕んつ けル結ナ界♥<01>き界<EB>）
0x0083b4	20	へァゅみ<0B> ７トつ ぅテ<F9>Ｌもマヘァゅぅ
0x0085ab	141	み<08>つ ぅ<17><1D>Ｌもマつ<10>、<18>ぅ<03>ルら‥★<10>‥ゥノ♥みＴぅ<19>ヘォゅ ‥ヤヘョゅ み<E7>生子行たー輪さ生９生た<0A><1C><06>タ<03><00>結腕ろゃァソつ け腕もン腕もけゅも８<E9> <00>ンゅも★ ぅ<06>ンゅよぅたンょんンゅれホァソぅ<04>ヘ大ソぅ<08><04>言ィィ<18>世生て９つー<1D>さし腕んぅなナ。つ０けル結ナ界♥<01><00>き界<EB>）
0x0086eb	73	ヘ<17>ほ<18>世‥ヲヘ今ソ‥ァヘヲソ<18>世生今ァつ ‥ヤぇし★ン<10><03>Ｌまマ ーヤ<18>世 ‥ヤ<0A>ミ<0D> ーヤつ 生Ｈ２つー<09>タＦ生て９つー輪さし腕んぅ<0C>ルリ結ぅ
0x008deb	63	み<F7>★ リＪ石生<1F><1D>た<0A>ぃつ きイＬもマ ーヤヘＶほ<EB>ヘＷほぅ世タ<02>ぅ輪ヘぇへ ーヤヘゃへ<EB>ヘゅへ ーヤヘょへ<EB>ヘっへ ‥ヤの
0x008e2b	129	み<04>生ヒ‥つヘぅへ ‥ヤ）<0F>ナ<00>‥ゥノ <F0><08>ゅぇへ<09><02>ヘぇへ出ゥ<10><03><EE>ぇへ出ゥＰ兵ゅぇへ<09><10>ヘぇへ ーヤヘホま<EB>ヘヘま ーヤヘマま<EB>ヘミま ‥ヤＪヘムま♥<00> ‥ヤル<BCD> ‥ヤル<F7>へけ<BCD>の<FE>み<04>ねねタ<E9> ーヤつ ルかへの<00><00><F0><06>生ゆ<1D>たー<02>ねね★ に<00>みほぅ
0x00ac99	530	るむリみ<1D>るめリみ<18>るもリみ<13>生Ｋコた<0E><00><0B><0C><11><09>ゅにぉヘア<02>Ｌ時サ生Ｋコた７<00><0B><0C><11><09>ゅにぉヘア<02>Ｌ（サ ゆろ０輪つ ゅ<E6>ま<18>ュ<19>ワの<E8><03>ー<0A>ぅ<E8><03>８<ED><19>ワヘ<E6>ま★ ワ★<F0>ワとぉぅ（ヘなぉワにぉワぬぉ ニわ <00>サ<00><16> <06> 手「 Ｋ「<00><06><00><00>世ゅとぉ０６ノ<01>み<12> <F9>「ミ<F1>ゅとぉ<09><01>ヘとぉぅ輪ヘなぉほなぉみ<1A>ゅとぉ<09>タヘとぉノ輪<F0><0E>つ ぅ<0A><00>ヘそぉ★ ぅ<18>ナキ世ゅにぉみ<14> うゅミ<A22>今ァつ<EE>にぉワぬぉぅ ヘなぉほなぉみＦゃぬぉ<EE>ぬぉせ★ン０時つ す<0B>ルし）リた<09>み<06>ゅほンン<0B>ルン<09>ル★ ぅ ヘなぉぅ気生（<1E>たＬ０わ <00>サ<00><16> <06> 手「 Ｋ「<00><00><00><06>ぅ輪ヘとぉ世ゅ★<F0>０<0F><09>タヘ★<F0>つ ワ★<F0>ワ<E7><F0>★ 界★<F0>Ｐ<0B>つ ゅ<19>ワ８<E9><14><00>タ時♥<14>つ ゅ<E7><F0><18>ゥ<14><00>へ<E6>まミ<08>ゅ<E6>ま８<ED><E7><F0>ぃリ<18>ュ<19>ワの<0F>力ミ<03>ぅ<0F>力ヘ<19>ワヘケま★ 生フワたつ ゅ<E7><F0><18>ゥ<14><00>ヘ<E7><F0>へ<E6>まー生ゅ<E7><F0>へ★<F0>ミ<1A>ゅ★<F0><18>ゥ<F4><01>ヘ★<F0>★ ぅ<18>界★<F0>Ｐ<02>ぅＢ生（<1E>た<18>★ 世 ゆろ０<1B>ゅ<12>ロ<1A>Ｊヘゥソ <00>ザ<0A><1C><06>ぅタヘ<EF>ラ モ<E6>大ょ１世子キ世子キ世子キ世 ゆろ０。 <00>ザ<0A><13><09> <01>「♥<02>‥世ノ<08><F0><01>ねフのぉワとぉワなぉワにぉゅ★ン０<03>Ｌカ← 。<E6>みょ<0D>世ゅなぉ<F0>  <F9>「ミ<A9C>なぉゅにぉＩ
0x00b072	130	１たつ ぅ０<05>ヘ<F9>時★ 生Ｋコた<12><00><08><0A><16><0B>Ｌ者サ世ゅとぉ０Ｑみ<15><EE>とぉ生<11> た生<ED>来た生、<1F>たぅ<01>マ<05>！<00>生オ２た子<10>ょＷ<02>すょれみ<14><E6><10>生も界たすょり<F0><09>結ゅり結ょり<FE>ょれす腕らぇ<10>→‥<10>み<0B>ぅチヘとぉ カ← ヌいＬ<06>う出キＰソゅ来十み♥生<10>２た「<1E>つ ぅ
0x00b289	113	ヘ<F0>っゅ\nン０ 生Ｕ行たホ<F0>っ生９生た<06><12><05>タ<03><00>結腕ろぅ０ンょんぅたンゅれタ十世ょＷ<02>すゅ中ンゅよす腕らぇ<10><F4>世ょＷ<02>ぅ<0E>ンゅよす腕らぇ<10><AAC>テゅせ<EA>ンすゅ中ンゅよょ<F0>っ０出ゃテゅけ<EA>ンぃつ けゅらンゅらけ腕りン腕りけょる）
0x00b2fb	605	<00>ンゅり★ 生世<0B>つ世ょＷ<02>０<0A>生世<0B>つす腕らぇ<10><B60>ニ<10>ゃＷ<02>すゅらるゅらみ<10>す腕り）<F0>る腕りみ<06>と<10><F0><02>８世け腕らぃ<10>★<18>世生ぃ子つ子フぅ<06>ヘユょ♥<00>せ★ン０オす）リヘムょす十リ）<0F>ヘモょぅ<00>者十リ<10><01><1A>ヘヤょＺ生き子つ生Ｕ行た生９生た<00><00><04>タ<00><00>生ァ７つす腕みの<02>み<03>結腕み結ょれすゅよンゅ中ぅたンゅり結ょり生世<0B>つ生６<1D>たンゅゆ）<03>ゥ<F2>ンょゆぅたンゅれコハル<EA>ンリン腕ん‥フ<18>ゥ<04>ナフねタニ世 ゆろ０<0A>ワとぉ 。<E6>めう兵世ゅとぉみ<0A>出知<10><03>ＬィぅＬ（えＬＦえ ゆろ０）ゅォゅ<09>タヘォゅタ<05> ゆろ０<1A>ワとぉワへぉワ言ゅワ死ゅぅタナミつ ぅ力<E9>ヘ、<07>★ ‥ミ<10>０Ｌ１<E9>‥ミ０２ゅォゅ）ソヘォゅ ケぇ生Ｅコた<0E><00><18><08><08><05> 手「 時サ Ｋ「<00><00><08><00>ワ<EE>ラ<EE>とぉ世 か「ミ<04>ぅ<02>ナキ世 ゆろ０２ワとぉワなぉゅォゅの０ミ<04>のタミ<07> 。<E6>（え<04>世 <ED>物 <00>ザ<0A><0E><09> <01>「 Ｋ「<00><F7><00><00> ゥおＬ手「ゅなぉ<F0><04>ほなぉ世ゅとぉ０石 <F9>「ミ<A2C>とぉＰ十ゅとぉＪー<1E><EE>とぉ <00>サ<18><08><08><07> 手「生<EC>コた<0E><00> 時サ Ｋ「<00><00><08><00>世ぅ<02>ナキＬ０わぅタヘとぉ し物ミ<06> ゥおＬぉサ ミ物ミＩ<F0>１ゅォゅ ェきー？ ）おゃナゅゅッゅル命リゅアゅル言リゅウゅル死リゅオゅル子リ ゥお ぉサぅ ヘなぉぅ輪ヘとぉ <00>ザ<0A><0E><09> 手「 Ｋ「<00><00><00><F7>世ゃナゅゅォゅ 死か石<10><0A>けむリ Ｖおルむリ世石<10><0A>けめリ Ｖおルめリ世けもリ Ｖおルもリ世Ｚの
0x00b771	663	<00>ヘＮ<F0><0A>ュＮ<F0><0A>ぇそィ<ED>たナ<18>★０ゃナゅけ）リのア<F0><17>８<E9>殺の<10>ー<10><0A>ぇつ そＪ<ED>た時<18>★ ８<F0><01><18>世 ゆろ０Ｂワとぉワなぉぅ<10>ヘのぉ生ＫコたＱ<00><01><0A><08><09> <01>「 （サ Ｋ「<00><F7><00><00>ワ命ゅ <00>サ<03><0C><05><05>ゅチゅヘ言ゅヘ死ゅ Ｙ物 <00>ザ<0A><08><09>Ｌ手「ゅとぉ<F0><11> <19>ぃミＷゅ言ゅヘチゅゥ<13>ヘキ<02>世ゅなぉ０<1F> <F9>「ミＡ界なぉＰ<06>ぅ<10>ヘキ<02>世 <00>サ<03><0C><05><05>ゅなぉ<09>タヘなぉ え中ミ生<F0><0A>ゅ言ゅヘ<EB>ラ<EE>とぉ世ぅ輪ヘなぉ Ｋ「<00><00><00><F7> <F3>ユ<01><0A><08><09>Ｌ<01>「世ぅ<10>ナキ世 ゆろ０<07> モ<E6>方く<1C>世 ０わゅよソみ<11> えくゅけレの<06>み<06>ワとレ<EE>つレ世ぅ<10>ナキ世 ゆろ０腕ワとぉゅよソ<F0><14> レ<E6>ロく<00>つ ゅ★ソヘそぉ★ 世子キ世 フ<E6>っく<00>つ ゅ★ソヘそぉ★ 世 来知子キゅ出ほ<09><01>ヘ出ほぅタ<14>世ワ<1C>ワつ ゅけレヘたレゅゅらＪＪＪＪぃゅ腕りＪＪＪＪ★ ヘてレフつレゅゅろＪヘとレ世 えくォ ゆろ０十 ナ<E6><FA>く０世ゅよソみ<05>ぅ兵ナキ世の<02>ー<05>ぅ<1D>ナキ世 Ｋ「<00><00><00><08> <00>サ<00><14> <08>Ｌ手「 <F9>「ミ<0E>つ ぅ<0A><00>ヘそぉ★ ぅ<18>ナキ世 か「ミ５ゅとぉＪミ<04>ワとぉ世界とぉＰ <EE>とぉ <00>サ<00><14> <08> 手「 <F3>ユ<00><14> <08> <01>「 Ｋ「<00><00><00><08><18>世ぅタヘとぉ８世 ゆろ０<1E>ワとぉワタゅ セ<E6>ソけヲ世ゅタゅヘ言ゅヘ死ゅ <09><E6> 気こーＩゅとぉ０出 ２けミ？ゅとぉみ<13>つ ぅ<0A><00>ヘそぉ★ ぅ<18>ナキぅ<1C>ナキ世 <00>サ<02><07><12><0C> <EB>ん ぬをミ<18>み<17>ぅ輪ヘとぉ <00>サ<00><05> <0F> 手「 Ｋ「<00><00><00><0F>世ゃ言ゅフタゅけめぉヘォゅ クこＪみ<02>ぅ<01>ヘァゅ セ<E6><F8>け世世ゅよソ<F0><07> セ<E6>いけヲ世ゅ<16>ワの
0x00bab7	246	ル力ンネ<10><FA>ゅタゅヘ言ゅヘ死ゅ ニ★ 気こー★ゅとぉ０力 ２けミれゅとぉみ<16> ‥すぅ<1C>ミ<0C>つ ぅ<0A><00>ヘそぉ★ ぅ<18>ナキ世 <00>サ<02><07><12><0C>ゅなぉ<10><03>ＬえさみＺ <EB>ん ぬをミ<18>み<17>ぅ輪ヘとぉ <00>サ<00><05> <0F> 手「 Ｋ「<00><00><00><0F>世ゃ言ゅフタゅけめぉヘォゅ クこへ<16>ワ<F0><09>ミ<07> セ<E6>メさ子世ぅ<00> ヒすミ<07> セ<E6>メさ<02>世ゅ<16>ワヘァゅぅ<01>ヘなぉワぬぉ そしゅぬぉ０せみ<1B>タ時ゅァゅヘ<16>ワワなぉ生Ｋコた<0E><00><16><05><03><0F> 時サＬ気こ セ<E6>ハさ前世ゅよソ<F0><0A> ェさ セ<E6><F3>こ今世ゅゥソＨゅォゅＨ ウさィヘォゅィヘゥソぅ
0x00bbae	804	ヘなぉワにぉゅにぉ０８ノ<01>み<16><09><01>ヘにぉ <00>サ<00><05><16><0F> 手「 Ｋ「<00><00><00><0F> か「ミＮゅにぉ<09>タヘにぉワぬぉ界にぉＰ<09>ワなぉワにぉＬメさ Ｋしゅぬぉみ腕 ７しー<05> 力しー<10>ゅォゅル力ンゅゥソル（ンた<1E>ミ<07> セ<E6><0E>さ<14>世 Ｋ「<00><0F><00><00>ぅＡヘにぉ世♥<00>け力ン０<07>ねねた ミ<A60><18>世♥<00>け力ン０<0B>へォゅ<F0><07>ねねた ミ<F0><18>世ゅぬぉ０方ぅタヘぬぉ ‥すー<11>つ ぅたすナ界★ ぅたナ。生ゅ２つぅ<1A>生（<1E>た生Ｕ行た生９生た<06><0A><05>タ<02><00>つ ゅほぉン腕もゅみぉンゅも結ゅり★ 結腕ろゅ<12>ロの<0C>み<05>ぅ ンょよぅ輪ンょんぅたンゅれホ<F0>っ世ょ<F0>っすゅめみ<07>生た（たワぬぉ世ゅぬぉ０言ぅタヘぬぉ ７しミ<08>け（ンヘゥソタ<13>ぅ<01>ヘゥソ クこナ<10>ゅ<16>ワ８★<10>ヘ<16>ワ生ＫコたＳ<00><18><05><07><03> 者サ生Ｋコた<1B><00><01><05><18><05>ゅ言ゅ８<ED>命ゅ<0A><18>ュＭソヘＭソ 者サ界ぬぉ殺<0E>ゅぬぉ<09>輪ヘぬぉ セ<E6>時す<03>世ゅ何<02>ノ<03><F0>Ｍ クこナ<10>ゅ何<02>ノ<01>み<15>ゅゥソ石<F0>来 クこ<18>ュ<16>ワヘ<16>ワほゥソタロゅゥソ ヒすミ<07> セ<E6><1F>す<02>世ゅゥソの死ー<16> クこナ<10>ゅ<16>ワ８★<10>ミ<09>ヘ<16>ワ<EE>ゥソＬ<E9>し <17>物ミ<0B>み<04>ワぬぉ世ぅ<01>ヘぬぉ世ナ<11>ゅォゅ Ｆ<E8>ぅ<00>ー<06>ょォゅすユロ<18>今<11>ー<02>の死世♥者け<17>結０<0C>けれ結み<07>ける結のシ<F0><07>ネネネネ<10><E9><18>世６<00><00><04><04><00>世シ７<00><00><04><04><00>世ソ ゆろ０<18>ぅ者ヘとぉ <00>サ<0A><0B><10><02> セ<E6><ED>す<11>ぅタヘ<EF>ラ世ほとぉみ<11> <00>サ<0A><0B><10><02> フ<E6><01>せ<00>タ<E6>子キ世 ゆろ０思生<04>ワたワとぉワァゅつ ゅ<19>ワヘゥソ★  <00>サ<11><05><0F><08> <01>「 んそゅとぉ<F0><06> <FD>サ<05><0D>世 <00>サ<11><05><0F><08> 手「 Ｋ「<0F><00><00><00>世 ェせー<FA> ナ<E6>Ｓせ生世ゅよソみ<05>ぅ行ナキ世石み<05>ぅ十ナキ世ぅ輪Ｌ世そゅとぉ０ＸＪー行 か「ミＮ界とぉＰＤ<EE>とぉ <00>サ<00><14> <08> 手「 <F3>ユ<00><14> <08> <01>「 Ｋ「<00><00><00><08>タ） <F9>「ミ出界行ほ<10><03> まロ♥<18>ゅとぉノ <F0><02>♥生トキつ ぅ<0A><00>ヘそぉ★ ぅタヘとぉ８世<18>世 ゆろ<10><03>Ｌ<15>そぅ
0x00bed3	990	ヘにぉタ<08> ゆろ０８ワにぉ セ<E6><ABE><15>ぅ<19>界にぉ<10><07><18>ュそぉヘそぉ世生<04>ワたワァゅつ ゅ<19>ワヘゥソ★ ぅタヘとぉワなぉゅ<16>ワヘぬぉ世 ェせー<FA>ゅなぉ<F0><10> うゅミ<F0> セ<E6>大そ<1E>ぅ<01>Ｌ<E8>せ <04>たミ<09> んそ <FD>サ<05><0D>世ゅ\n<F0><F0><0C>Ｈ セ<E6>ルそ<09>ィヘそぉ世‥何<10>兵ぅ<02>生（<1E>たゅぬぉヘ<16>ワぅ世ヘとぉ <00>サ<11><05><0F><08> 手「 Ｋ「<00><00><0F><00>世‥者<10>死ゅァゅみ<07>ぅ<10>生（<1E>た世ぅ<01>生（<1E>た セ<E6>ヤそ<16>Ｌ<E6>せゅよソ<F0><09> セ<E6>わそ<15>Ｌ<E6>せ<EE>なぉワ★<F0>界にぉＰ<05>ぅ輪ヘ★<F0>ゅァゅマ<02>Ｂ<00>ぅ<05>マ<03>Ｂ<00>Ｈィっ<16>Ｂ<00>マ<02>Ｂ<00>ぅ子マ<03>Ｂ<00><EA><EA>つ っ<16>Ｂ<00>ヘ<E6>ま★ 世生ＫコたＵ<00><11><05><07><03> 時サ生ＫコたＳ<00><18><05><07><03> 時サ生ＫコたＴ<00><11><08><0E><05>Ｌ（サワ\n<F0>‥何ノ<03><F0>時ゃァゅ界にぉ０闇ノ<02>み<1D>つ ゅゥソの<0F>力★ ミ<0F>ぅ何ヘ\n<F0><18>世ぅ<10>生（<1E>た<18>世ねねネた<0A>ー<F1>ト<10>リ おそつ ゅ<E6>ま<18>ュ<19>ワの<0F>力ミ<03>ぅ<0F>力ヘゥソ★ ゅぬぉ８★<10>ー<04>ぅ子タとヘ<16>ワファゅぅ<00>生（<1E>た８世ノ<02>み<02>ねねネた<0A>ーート<10>リ<18>ュぬぉミ<04>ぅ<09>タ結リ おそつ ゅ<19>ワ８<ED><E6>ま★ <F0><02>ー<04>ぅ４タヌヘゥソ<EB>ヘェソリ<18>ュぬぉタお ゆろ０<15>ワとぉワなぉタ<0D> ゆろ０<08>ワとぉぅ<18>ヘなぉゃとぉけ力ン<10><12>ゅなぉナキ<F0><0A>つ ぅ<0A><00>ヘそぉ★ 世ヘォゅけ（ンヘョゅねねフとぉゅなぉみ<07> <00>ザ<0B><1C><06>ゅォゅの<17><F0><04>の<18>み<14>ぅ）、知０<02>ぅ行生２<1E>た レ<E6>９ちコタ<13> み<E7> レ<E6>９ちスゅョゅの<01><F0><03><EE>そぉゅなぉみ<05>ぅタヘ<EF>ラ世ぅＢ生（<1E>た世 ゆろ０Ｎ生今ァつ ０わワとぉワなぉワにぉワぬぉゅさまヘュゅ <F2>てミ気ぅタヘぬぉ生Ｋコた８<00><01><10><07><05>ゅュゅ生ナロたの<02>ミ<08><EE>Ｖソぅ<0D>ヘＮソ （サ <00>サ<00><10><0E><05> 手「世ゅぬぉ０ＵＪー）<EE>ぬぉワとぉゅさまヘュゅ生<FA>ヒた <F8>ル <FA>つ <00>ザ<09><1C><06>ぅタヘ<EF>ラ レ<E6>とちＰ世界ぬぉ殺<19> ナてゅとぉみ<1B>ぅＢ生石<1E>たゅぬぉ<09>輪ヘぬぉワとぉ 。てゅとぉみ<02>子キ世ゅにぉ０４み<19><EE>にぉワとぉ <00>ザ<09><1C><06>ぅタヘ<EF>ラ セ<E6><EC>ち石世 つてゅとぉみらゅにぉ<09>タヘにぉ れつ ノわＬカ←ゅなぉ<10>７Ｊミ兵 ナてゅとぉみ十ぅ気生（<1E>た生！知た <F2>てミ<08>ワなぉ <1D>つタゅぅタタ２ つてゅとぉみ<08>界なぉ殺フワぬぉ世 ヘ物ミ<FA>み兵 <00>ザ<09><1C><06>ぅタヘ<EF>ラ セ<E6>シつ者世ゅよソみＶぅたヘなぉぅ<01>ヘとぉ世ゃナゅけ）リヘュゅ <00>ザ<09><1C><06>ぅタヘ<EF>ラ セ<E6>ぃつ来世ゅよソみ行ゃナゅぅ
0x00c2b2	760	ル）リつ けＡル<18>ュ<19>ワの<0F>力ミ<03>ぅ<0F>力ヘ<19>ワヘケま★ ぅチヘなぉワとぉ世Ｌ<FA>ちぅタヘ<FA>ン出知０<16>♥<00>ねせ★ン０<0E>す）リの殺ミ<F3>ぅタル<FA>ンタ<EC>世ハ Ｒ→「<00>♥<10>け♥ワルほ<F0>き（<F0><0C>け♥ワの<05>ー<05>リン<00> <E8>ネ<10><E7>出知<10><0E>ハ<F0><0B>生<1F><1D>たぃせ<00> <FE>♥ワ世ゅとぉ０<0E><09>タヘとぉゅさまヘムょワ←<F0>ゃ←<F0>た<11>ー９<EE>←<F0>け♥ワるほ<F0><F0><EE>ヘゥソフィゅ <00>ザ<09><1C><06>ぅタヘ<EF>ラワテゅぅ<1C>ヘナゅ レ<E6>トてウゃィゅけほ<F0>み<09>ぅ死ヘそぉ世ワとぉ世ゅとぉ０<16><09>タヘとぉ Ｋ「<00><00><00><07> <00>サ<00><15> <07>Ｌ手「 <F9>「ミ<1C>ゅとぉＪー<13><EE>とぉ生今ァつ ニわ Ｋ「<00><07><00><00>タりワとぉ世ゅとぉ０生<09>タヘとぉＪミ<09> Ｋ「<00><00><F2><00>タ<07> Ｋ「<F2><00><00><00> <00>サ<00><10><0E><05>Ｌ手「 か「ミ<03>ワとぉ世生前ロたー<11>ゅさまヘュゅ生ナロた<18>今<10>ナ<10>の<06>世世ぅ<11>ナキ世ぅ<11>ナキ世ぅ<11>ナキ世生★<1B>たワ知へ <A9B>ぅタヘ行ほ生★４つ生ネＸたぅ<10>ヘ世<02>世 ゆろ０<13>生。ァつゅ★ン<10><07> 。<E6>Ｖと<0D>世Ｌ<17>← ヘ物ミ<1A>み<07>ぅ<03>ナキＬ０わゃテゅせ<EA>ンゅォゅンＹ♥子キＬ０わ世 ゆろ０輪 ０わ <11>♥ぅ輪ヘＫ<F0>ゃ★<F0>け★ン Ｒ→ゃォゅき（ヘ\nま<1A>ヘ→<F0>生クタつワとぉワなぉワにぉワぬぉょむふし腕んけＺ結ヘュゅＬ<08>に世 １なー<FA>ゅとぉ<F0><0A>ゅなぉ<F0><02>ぅ出ナキ世♥<03>けら。み<17><1A>ルら。 レ<E6><E6>と！ <00>サ<06><0B><14><04>ぅタヘ<EF>ラ世‥者ノ０<F0><1E>ゃ\nまねノ<10>み<02>ネネふ→<F0>ー<0F>フ\nまぅ<00>生（<1E>たぅ<10>ヘにぉ世 ９のミ！み<09><EE>なぉ<EE>とぉ子ナ世<EE>とぉょむふし腕んゅォゅルＹ♥ぅ<0F> Ｈにタ★世ゅにぉ０<05><09>チヘにぉゅにぉＪミ者ゅにぉノ<10>み６ノ輪み<17>ゅにぉ<09>輪ヘにぉ生<1B><1C>た<00><00><00><08><F2>なた<09>タ８世ノ み<17>生<1B><1C>た<00><04><00><08><F2>なた<09>タゅにぉ<09> ヘにぉ８世ゅにぉ）<FE>ヘにぉぅのナ行ゅ\nま<0A>ぇつ０そニ<BC9>ナ（♥<00><00>「<00><00>ぅ<0A><00>ナ<18>ぅ <00>ナ<1A>き（の
0x00c5ac	99	<F0><0F>き（<F0><0B>ン<F1>っねね<E8><E8>に<1A>タ<F1>ぅ<00><00>ン<F1>っ<E8><E8>に<1A>み<F7>ねねに<18>みも★０生<1B><1C>た<00><00>タ<02><F1>っゼタぅ<01>ヘツへゅにぉノ<10><F0><06> <07>へ ョひ８世<00><00> ゆろ０力ワＫ<F0>ょむふし腕んけＺ結ヘュゅワとぉワなぉぅ
0x00c610	366	ヘ<F0>っょむふし腕んけＸ♥ヘＬ<F0>世ゅとぉ<F0><0A>ゅなぉ<F0><02>ぅ<03>ナキ世 ９のミ行み<07><EE>とぉ<EE>なぉ世<EE>とぉょむふし腕んぅ<03>ルり知石ルＷ♥ゅＭ<F0>ルＸ♥ょＭ<F0>す腕んルル。世 ゆろ０Ｓワぬぉゅォゅの<18>み<03><EE>ぬぉワとぉワなぉぅ<10>ヘにぉ生今ァつゅ★ン<10><07> 。<E6>ウぬ<0D>世ゅ★ンヘナゅワテゅ ョゃ <00>ザ<05><1F><10>ゅにぉ<F0><10> Ｋ「<1F><00><00><00>ワにぉワア<02>Ｌ<01>「Ｌぉサゅなぉ０Ｎみ者‥メ０７ か「ミ２<EE>なぉ コぬ‥世）<08><F0><08> ノわ ぉサタ出 <F3>ユ<00><15> <07> <01>「 ノわ <00>サ<00><15> <07> 手「 Ｋ「<00><07><00><00>世 <F9>「ミコゅなぉ<09>タヘなぉＬカ← し物ーニゅ者<02><10>今ゃテゅけ<FA>ン<10><07>ぅ<10>生（<1E>た世ぅ<01>生（<1E>たゅ\nン０<0F> モ<E6>５ぬＪ世ワとぉゅよソみ者 。<E6>ウぬ<00>ゅぬぉ<F0><05> んねタ<03> ロぬヘそぉぅ気生（<1E>た‥世）<08><F0><0E>つ ゅ<19>ワヘケま★ 生！知た ０わＬユに 来知ワキ<02>世 <17>ん♥
0x00c77f	50	ねせ★ン０<15>す）リのア<F0><04>の殺ー<EF>け<FA>ン<09>タル<FA>ンタ★世生６<1D>たゃナゅけ）リの<09>み<05>★ ぅイ世つ ぅ
0x00c962	55	ヘ<F0>っ生Ｕ行たー腕ホ<F0>っ生９生た<06><12><06>タ<03><00>結腕ろぅたンゅれょむふし腕んけル。０<0D>ぃ生<B7A>つー<06>ぃせゅん<F0><02>ぅ
0x00c99a	4	 <15>ふぅ
0x00ca69	220	<00><18>ケゅりンゅりけゅらンゅらけ腕りン腕り★ 結ゅよけゅん<F0><05>ぅ<02>ンゅよ生世<0B>つせ腕んすＺ結生カセつ界Ｋ<F0>Ｐ<06> ョひ <06>ひ<18>世 <17>物ミ４<F0><0D>ゅＫ<F0><09><01>ヘＫ<F0> <ED>ふタ<03> <07>へょＭ<F0>すゅれ<09>輪ンゅれ生命セつ生<F4><0E>たょ<F0>っ０<04>生た（たゅＫ<F0>）<01>８世生そ<0E>たぅ<12>ナトぅ<04>ナナぅ<02>ナネナノ世<00><00><00><00><00><00><01><01><00><01><01><00><00><00><00><01><00><00> ニわょＭ<F0>すゅん<F0><0A>ハ ゅ‥ シ←Ｌ<11>♥ <11>♥Ｌぉサゅ<01>！）<0F>み<0B>ょＭ<F0>すゅれＩ輪ンゅれ世界Ｋ<F0>Ｐ４ゅ<01>！ノ<07>み腕ノ<08>み<14>♥
0x00cb46	19	ねせっふ０！すゅん<F0><AA9><0C>ンゅよタ<EE>♥
0x00cb5a	105	ねせっふ０<0D>すゅん<F0><ABD>ゅ中ンゅよタ<ED>世ゅォゅヘまふょむふゅＭ<F0>ヘっふ生→ゥつ♥<00>せっふ０<08>ぅ<0C>ンゅよねタ<F3>ぅ<01><04>ナょＭ<F0>つ ぅＰ<00>８<FD>腕もヘ備十ぅ生<00>８<FD>ゅもヘ今十★ 世 Ａふ♥<00>ゅハ<F0>の<10>ミ<02>♥<10>フハ<F0>ネぅ
0x00cbc4	47	ナ<10>ょむふすゅらＪＪＪＪナ<12>す腕りＪＪＪＪナ<13>ねせヒ<F0>０３<EC>むふ<F0><ABD>ゅらＪＪＪＪ８★<12><10><03>Ｉ
0x00cc89	9	<F0>７ナ<12>ねけぉ<F0>の
0x00cc93	48	<F0><0A>な<12>ー<F4>ナ<12>ト<11>タ<EE>、<10>を<11>けヒ<F0><EB>すヒ<F0>ルヒ<F0><EB>ンヒ<F0>けぉ<F0><EB>すぉ<F0>ルぉ<F0><EB>ンぉ<F0>ねタせぅ
0x00ccc4	33	ルヒ<F0>世ぇルヒ<F0>つ す腕りＪＪＪＪ★ <18>スゅらルぉ<F0>ねす腕ら<10>★ぅ
0x00cce6	672	ルヒ<F0>ルぉ<F0>世ゃＷ<02>０<03> <FA>ふゃＸ<02>０<0C>けゅ中ルゅよけ腕らぃ<10><F4>世 <14>へょむふすゅ中ンゅよ世ゃＷ<02>０<03> ！へゃＸ<02>０<0B>ぅ<0E>ルゅよけ腕らぃ<10><A60> ゆろ０時ゅけレヘぬぉ）<0F>ヘとぉゅけレＪＪＪＪヘなぉワにぉ生ＫコたＮ<00><01><15><08><01>Ｌ？サ <17>物ミ<07>み<05>ぅ<02>ナキ世ゃにぉ‥何ノ<03><F0><10>ネノ<01>み<02>ねねた<02>ー<05>フにぉタほノ<0C><F0>生ょにぉしとぉねノ<04>み<02>ネネリ）<0F>ンとぉゅなぉ<0A><0A><0A><0A><0D>とぉヘぬぉタぃ‥者<10><0E>ゅぬぉヘけレ子世ワすレワせレ世 ゆろ０ソ まロゅ<12>ロの<02>ミ<05>ぅ<01>ヘあワワソゅワタゅ子ヨ‥知ヘ<13><F0>つ ワＧ<F0>ワＩ<F0>★  来んゅけレヘ出<F0>ゅこレヘ時<F0>ゅ<12>ロヘ<11><F0>生Ｋコたケ<00><18><01><07><13> （サ生Ｋコたク<00><01><01><17><1A> （サ Ｚれ 出れ <EB>れ <19>ろ 思ろ ォろ 「ろ ワれ ソり <13>る Ａる ヒる ふるＬ\nら‥ヨ<F0><09> フほ‥ヨみＧタン‥何ノ<0C><F0><1B>ょソゅノ<04>み<07>は<10><0B>「<06>タ<07><E8>←<07>ミ<02>「<00>ホソゅＬ\nら‥何ノ<01><F0><05>ぅ<0F>ナヨ世 <17>物ミ<14>み<0C>子キ <F3>ユ<01><01><17><1B>Ｌぉサゅソゅ<1A>ナヨ世‥ヨ）<1F><0A>ぇシユほヲむヲむ行まふほ<E6>めミめ<01>も子も子も子も子も子も子も子も子も方やこや物や<F8>やフゆ<13>よおよ‥ヨ０<06><09>タナヨぅ<00>世 ちほ０<05>ワ<1C><F0>タ行‥何ノ<03><F0><13>ゃ<1C><F0>ねノ<01>み<02>ネネた<05>ー<05>フ<1C><F0>タ<11>ノ<0C><F0>時ょ<1C><F0>そ生またＭみンヘみン Ｔれゅ<1C><F0><0A>ュ<1C><F0><18>ゥ<07>ヘＬソぅ<03>ヘＮソＬ<00>れ <17>物ミ<04>み<02>子ヨ世タ輪 <10><08><04><02><01> ちほ０<09>ワ<1C><F0>ワ<1E><F0>Ｌろま界ヨ<02>殺<03>ＬＤまＬ<05>み世ゃ<1C><F0>ゅ何<02>ノ<08><F0><05>ネ０<14>タ<09>ノ<04><F0><0F>ねた<05>ー<09>フ<1C><F0> ヨれＬろま世‥８ノ輪<F0><05>ぅ<08>ヘへ<F0>‥８の０み<15>‥者ノ０み備ぅ ヘへ<F0> <F2>まぅ
0x020000	141	 ゃ子ワ<1A>ほワヤまぅ<10>出世<F0>。<14>世ゅオまノ み<08>ワをま界オま<10><0D>ぅタヘをまゅオま）物ヘオま生思５つゅオま<10>殺）ソヘオまタ十子フゅすレヘモょゅせレヘヤょゅそレ<0A>ヘユょ Ｗ<02>生ひ２つゅオまノ<08><F0><08>ゅょよ）物ヘょよ界オまＰ気つ ゅゅりヘ<18>ほぅ★<00>ヘゅり★ ぅ<F0><04>マゅょよヘ<17>♥ぅ０ヘょよぅ
0x02008e	35	ヘ<17>ほ<EE><1A>ほ「<00> ツ<0B> <FC><02>ゅオまノ<10>み<03> ‥<01>ゅオま）<EF>ヘオまつ ぅ
0x0200b3	404	ヘぃふヘぇふヘゃふ★ ‥世）<06><F0>Ａ）<02>み<11>つ ぅ<03><01>、知０<03>ぅ<05><01>ヘ<1E>！★ ォ「<00><E8>し★ン０生け）リのアみ<F3>す→ンン★ンはみ<F7>リヘ★ン「<00>ぅ<02>ン。みすゅろ生め生た世ゅヒま<10><03>Ｌ。<01> ゥァ れ<00>ぅ界ナフゅをふヘぁふワ<F1>て「<01>ぅ<00>し★ン０クＨけ）リ出知０<0C>の殺ー<08>の備<F0><04>ィ<E8>タ<E7>ヘムょれ さ子生Ｕ行た生９生た<00><00><04>タ<00><00> ォ７ ツ<0B>ぅたンゅれ、フゅぁふ<18>ゥ<14>ヘぁふル<19>結ぃゅ<1A>ほみ<14>けをはノた<F0><06>ネふをふみ<F3>リ、フル<19>結ぃ ま<04>すゅろ生へ生た‥フ８<E9><04>ナフハ<FA>コルぃふねリ<E8>タテ ゥァォワをふつ ゅゅらナ<18>ゅ腕りナ<1A>ゅゅりナ<1C>★ ゅゅろゃ<1A>ほ<F0><02><09>タナ<11>♥<00>ょゅろぅ<08>ナ<10>ゅょよルをひ‥<11>ルをは‥<18>ルをと‥<19>ルをな‥<1A>ルをに‥<1B>ルをぬ‥<1C>ルをね‥<1D>ルをの出<11><10>手ゅ<1A>ほ<F0><15>リ）<03>み<10>‥<11>）<F1>Ｈ‥<11>石石）<06>ナ<11>ィ<04><11>つ ‥<1C><18>ゥ<05><00>ナ<1C>★ ねに<10>みぃ‥<11>０<16>つ ‥<18><18>ソＧ<02>つナ<18>‥<1A><18>ソＯ<02>つナ<1A>★ た<00>みニ世
0x0203d2	38	<1A>ナ<11><E8>ニ<1A>‥<11>み<02><E6><11>★<10>けをとナ<1C>けをなナ<1D>けをにナ<1E>けをぬナ<1F>ゅ腕ろの
0x0203f9	298	ゅゅろミ<02><09>タナ<10>‥<11>石<F0><06>ぅ輪<04><10><04><00>ネつ ‥<1C><18>今<18>ナ<1C>‥<1E><18>今<1A>ナ<1E>★ ルをに<EB>ルをぬ‥<1C>ルをと‥<1D>ルをなゅゅりルをねゅょりルをのゅょよルをひ‥<10>ルをはに<11>みち‥<10>）そルをはフをふ<E6><00>ゅぃふ０アゅをふナ<10>♥<00>せぃふ０今Ｚし腕んけ<19>結８★<10><F0><02><10><09>すゅろ生へ生たタＢの<15>ー<1B>ゅ腕ろ<1A><F0><0C>け<19>結ぃけをは<10>★し腕んけ<19>結石ル<19>結タ<15><F0><AA5><00><F0><F1>れせ<19>結は者をは殺<FA>ハ<FA>ル<19>結ぃ ま<04>すゅろ<18>ゥ<08>生へ生たし腕んけ<19>結ナ<10>コねタヨ世けをとンゅらけをなンょらけをにン腕りけをぬン。りけをねンゅりけをのンょりけをひンょよけをは）<06>ンゅろＬツ<0B>「<00>ゅ<1A>ほ０<1F><09>タヘ<1A>ほつ ぅ<00><FB>ンゅゆ★ すょれ<09>タンょれぅ
0x020524	316	ン腕ろ も<05>つ ぅ<00><FB>ナ<1C>★ ぅた生。。た生も界た界<1A>ほ殺<15>ゅ<01>！）<01>み<0E>すゅろ<1A><1A>）<06>ンゅろ生へ生たゅゅり８<ED><18>ほ０<0B>へ<1B>ほー<06>ゅ<17>♥ヘょよつ ゅゅり８<ED><18>ほ<10>Ｘゅ<18>ほンゅり★ れ 」前<FA>ミ<0C>ゅハゅの<0A>み<05><EE>オまタ<1E>ぅ<10>生（<1E>た界<1A>ほ殺<13>ゅ<1A>ほ<09>輪ヘ<1A>ほつ ぅダンゅゆ★ 世 力Ｙゅオま）そヘオますょれ）ソンょれすゅろヘＹ結結腕ろワ<1A>ほ★ Ｌツ<0B>ぅ輪ヘ<1B>ほれ す石子<10>「<04><00>ねけ」界）<07><F0><0E>８★<10>０<0E><0A><0A><0A><0A>ヘ<1B>ほタ<05><E6><10>はみ★★０<FA>世「<00>子フワよま界オまＰ<03>Ｌ<04><05>ゅ<17>ほ<10><05>ワ<17>ほタ<19>すょれ０何 ９Ｇ フ<0C>ー５‥マ<10><1C>ノ み腕ぅ <04>マ結腕ろすゅろ生へ生たすゅれ<09><01>ンゅれタ<15>出♥<10><06>ぅ <04>♥タ★すゅれ）<FE>ンゅれ <17><0B>ロす腕ろの
0x020832	572	<1A>ナ<10>す腕わＪー手Ｆ<10>み生<E6><10>すょや<1D>。ゆ０<0D>者腕わＰ<0D>す。んＪー０タ<0B>者腕わ殺<F3>す。んＪミ兵者腕わＰ<10>すゅり８★<10>ンゅりー<13>中ょりタ<0E>すゅり<18>今<10>ンゅりミ<03><FE>ょり世生<E7>生たしゅろけ」シンょやけゅシン。ゆつ けきシＨけけシし腕ん<18>スゅらル<17>知ィ<18>ス腕りル<19>知★ ぅ<10>しょわ<F0>気<10><09><1E>ょや<1E>。ゆＪタ<1D>ネみ<1A>つ すゅやの<00>タセゅやす腕ゆの<00>タセ腕ゆ★ ぅ タ<07><1E>ょや<1E>。ゆＪン。んすょれ<09>タンょれし腕んけラ結０<06> ワ石 ぁ石すゅろ<18>ゥ<08>生へ生たＬ★<09> よ<09>０<16>ぅ<02>タ<1C> よ<09>０<0D>ぅ<04>タ<13> よ<09>０<04>ぅ<06>タ<0A>Ｌ<F0><07> よ<09>０<F8>ぅ<00>Ｈ タ石ィー２し腕んル<1A>結者ょれ殺行 <10><0A>み生ー<10>‥前）<07>る<18>結み<17>ル<18>結ぅたタ腕‥前）<07>る<18>結<F0><07>ル<18>結ぅタタ<1D>Ｌレ<09> <10><0A><F0><0F>‥前）<07>る<18>結み<EF>結腕わＬと<07>ぅ<01>ー<02><09>輪ン腕わすょれ<09>輪ンょれＬと<07>ぅアン腕ろロ よ<09>０ ハ<F0><06>結腕ろＬ備<07>ぅ<10>ン。んすょれ<09>タンょれすゅろ<18>ゥ<08>生へ生た中。んみ<0B>結腕ろすょれ）ソンょれ世さす腕ろ０<07><09>タン腕ろぅ<00>世‥前）ソの世ミ<08>のィー<04>ぅ<00>タ<12>ぅ０出前<10><02>ぅ しょよた０ミ<03>ンょよンゅわ世し腕んけ<1A>結んゅろ<F0><06>Ｉ<04>んゅろ<18>世‥知）<04>ぃつ ゅ<19>ワの２<00>ー<02>ねね★ フ<18>ワォ ェ<0A>ォ‥世ノ<03>みカゅＲほみアゅ行ほ<05>ホ０ェゅマょ<0D>リ結み言れゅ<12>ロ<0A><0A>Ｈぇ え<0A><FA>‥世ノ<04><F0><01><E8>そゅ<F0>たぃ<FA>つ リ）
0x020c95	10	<F0>）の<FE><F0><12>れつ０）
0x020ca0	14	<00><0A>ぇそせセなルら結★０<FA>ぅ
0x020fb0	221	ナ<1A>‥<1C>）８<00>ＪＪナ<1E>‥<1C>）た<00>Ｊ<04><1E>‥<1C>）<00><03><04><1E>‥<1C>ノ<00><04><F0><05>ぅタ<00><04><1E>を<1E>す<F1>っ時<1A>ナ<1C>す<F1>う時<18><05><1C>ン<F1>っずー時<1A>ナ<1C>ずえ時<18><05><1C>ン<01>ーほユへ★０世<01><01><02><02><04><04><08><08><10><10>  輪輪タタすゅろ生め生たすゅれ<09><01>ンゅれれ生Ｕ行た生ぅ生た<00><00><00><00><02>。<00>タ<03><00>結腕ろ結ょよロ<FA>リンょわぅタンょんぅ ン腕中ぅトルょんぅ出ル腕中すゅろ生中生たぅちルゅれ世生子行たーＺれさ生９生た<0A><1C><06>タ<03><02>コつ け腕もンゅらけゅも８<E9><10><00>ン腕り★ 生６<1D>たつ ）
0x0210a2	498	<00><18>ュノ十ンゅも★ ぅ<0E>ンゅよぅ<13>ン腕ろぅたンょんンゅれさ世 エ００<17> ト０ル<17>♥結腕わ結。わすゅろ<18>ゥ<10>生め生た世す腕わみ０すゅめみ<AFE>腕わぅ ヘＬ十ワ闇十ぅたナメしゅよつ け<16>！ヘ出！ワＤ！★ れ生、<1F>た<FA>ぅ<0E>ンゅよ世出メ０！す。わみ<13><FE>。わし腕んけ<17>♥ <EE>力ぅ ヘ闇十タとすゅ中ンゅよ結。ろ世 エ００<19> ト０ル<17>♥すゅれ）<FC>ンゅれすゅろ<18>ゥ０生め生た世生子行たーＷれさ生９生た<0A><1C><06>タ<03><02>コ生６<1D>た）<0F>ナ<18>子<19>生６<1D>たつ ）<1F><00><18>ケ腕も８<E9><10><00>ン腕もけゅも８★<18>ンゅも★ ぅ<FE>ン。ゆ生６<1D>たン腕ゆ）<0F>ゥ ン。んぅ<12>ン腕ろぅたンょんンゅれさすゅめみ<0C>し腕んけ<17>♥ <EE>力結。ろ世 エ００者 ト０ヘユへ ト０ヘヨへ ト０<0A>ヘリへワラへワルへぅ ヘＺ十生<05><1C>た <00><F1>きセチタつ ゅユへンセ<07>ゅラへン大<07>★ Ｌク<12>ゅルへ）<0F>み<07>ほＺ十ぅたナメゃルへ<10><04>結。ろ世ゅ<01>！ＪーＵれけ<F1>そナ<18>子<19>け<F2>そナ<1A>ナ<1B>ねねフルへつ０ゅラへナ<1C>を<18>す<F1>き時<1A>ン<F1>きずく時<1A>ン<01>くハ<18>ゥ <00>ぇ★<1C>ミ<E6>★０生<05><1C>た <00><F1>きゼタつ ゅユへンセ<07>ゅラへン大<07>★ <FA>世れ「<00>♥<00>リン<F1>そン<F3>そン<ABF>ン<F7>そン<F9>そン<FB>そン<FD>そン
0x021295	129	そぅ<FE>ン<F2>そぅ<FD>ン<F4>そぅ<FB>ン<BBF>ぅ<F7>ン<F8>そぅ<EF>ン<FA>そぅ物ン<FC>そぅそン<FE>そぅソン<00>たねねハ<18>ゥ<10>ぇ<10>かぅタＨ生６<1D>た）セぇ生６<1D>た）セぃつ け<F1>そＨす<F1>そル<F1>そィン<F1>そ★ ィ石みろ<FA>世 エ０<10><03>Ｌヌ<13>結腕ろ ト０つ き（ン腕わ♥<02>き（ンゅわ８<ED>チ十ヘラへ<10><04>Ｉ
0x02132a	411	<1A>ナ<18>な<1A>ー<02>‥<1A>★ ン。んぅ<00>マ<04>Ｂ<00>‥<18>マ<05>Ｂ<00>す。んマ<06>Ｂ<00>つ 、フ‥（<18>ゥ<04><00>ルら結っ<14>Ｂ<00>ヘルへ★ ぅ<00>マ<04>Ｂ<00>‥<1A>マ<05>Ｂ<00>す。んマ<06>Ｂ<00>ワユへワラへつ <EA><EA>っ<14>Ｂ<00>ヘロへ★ 界ヨへ<10><1A>ゅユへ８<ED>ルへヘユへゅソ十<ED>レへヘソ十ー<1D>ほタ十タ<18>ゅルへ<18>ュユへヘユへゅソ十ュレへヘソ十ミ<03><EE>タ十界リへ<10><1A>ゅラへ８<ED>ロへヘラへゅチ十<ED>ワへヘチ十ー<1D>ほツ十タ<18>ゅロへ<18>ュラへヘラへゅチ十ュワへヘチ十ミ<03><EE>ツ十中。んみ<13>つ す腕わヘソ十すゅわヘチ十★ 結。ろ世 エ００<15>結腕み結腕ろワユへぅ<0A>ヘヨへすゅろ生め生たゅユへみ<18>出者<10>ゥ<EE>ユへすゅろ<18>ゥ<18>生め生たぅ２生（<1E>た世すゅめみＰつ ぅ<18><18>ヘ？十ヘＡ十ヘＣ十★ ぅたナメすゅろ生め生たぅ<03>生<1F><1D>たＨ生ロ<14>つィ石<10><F7>ぅ石生（<1E>たワユへほヨへみ<18>つ ぅ<01><00>生<F7><1D>た★ ぅタヘのン結。ろぅ<01>ヘネへ世れ生Ｕ行たー大生９生た<06><06><05>タ<03><00>ぅ<10>ン腕ろ生６<1D>た）<03><0A>生め生た‥モ<18>ゥタンゅやぅ
0x0214c6	13	ゥ<00>ンょや生６<1D>たン腕ゆぅ
0x0214d4	520	ン。ゆつ ゅゅら<18>ゥ<10><00>ンゅらゅ腕りン腕りゅゅりンゅり★  ツ<0B>ぅ世ンょんぅたンゅれロ<18><FA>ォ エ００界結腕ろ ト０ン腕わ結。わぅ世ン。んつ しゅよけ<16>！ヘ出！ワＤ！★ れ生、<1F>た<FA>ぅ<0E>ンゅよ者腕わ<10><13>ゅ<01>！）<01>み<03> ニ<15>す。ん<F0><04>中。ん世す。わ０<12><09>タン。わぅ ヘＬ十ワ闇十ぅたナメ世‥メ０<1F>す。わＪー<10><FE>。わ結腕わぅ ヘ闇十ぅたナメ世すゅ中ンゅよ結。ろ世ホ<F0>っゅユへ<18>ゥ<04>ヘユへ生Ｕ行たーＡ生９生た<0A><1C><06>タ<03><02>生６<1D>たン腕わ）<0F><18>ゥ<18>ン。わゃ<F0>っつ け腕もンゅらけゅも８<E9><10><00>ン腕り★ 生<19>気たぅ<0F>ン腕ろぅたンょんンゅれょ<F0>っ世 エ００来結腕ろぅ<0F>ン腕わワラへワリへ ト０つ ワユへぁ（ヘルへ♥<02>ぁ（ヘロへ、フ‥（<18>ゥ<04><00>ルら結★ 生そ<0E>たぅ<E8>ヘネへ ★<18>界ラへ０<15>ゅユへの<14>ミ ぅタヘラへぅ<08>ヘ大ソぅ<08><04>言生Ｔスたー<0C>ぅ<03><14>ハ結。ろ生<F4><0E>た世界ラへ殺１<EE>ユへみ<0B>ほユへゅラへ<09>輪ヘラへつ ゅ<01>！Ｊぅ<F1>そミ<03>ぅ<F1>ちナ（★  Ｅ！ぅ<03><14>ハゅ<01>！）<01><1A><04>ハ世 エ００シ結腕ろ ト０ン腕わワラへワリへつ す腕も８<ED>ヌ十ヘルへすゅも８<ED>ノ十８<E9><06><00>ヘロへワユへ★ 者腕わ<10>気つ しゅよけ<16>！ヘ出！ワＤ！★ れ生、<1F>た<FA>ぅ<0E>ンゅよぅ ヘ闇十ヘＬ十ぅ
0x0216dd	443	ヘネへぅ<18>ヘユへタ<0E>生そ<0E>たぅ←ヘネへ者腕わ殺<EB> ★<18>者腕わ殺<04>ぅテナノ者腕わ０Ｅ者腕わＰ兵ゅ<01>！）<03><F0><03>Ｌロ<17>ゅネへの★み<08>す腕よ<09><08>ン腕よ<EE>ネへみイほネへタ<19>ゅユへの<18>ー<03><EE>ユへ<EE>ネへみ大ほネへゅユへの<18>ミＴ結。ろ世界ラへ０<11><09>タヘラへワ闇十す腕わ）輪<09>タナメゅＬ十みＶ結ょよ者腕わＰ<13>ゅ<01>！）<03>みＧゅネへ）<1F>石０<14>ほネへ世ゅネへ）<1F>石０<03>ほネへほユへ<10><0A>ぅ<03><14>ハ生<F4><0E>たタゃつ ゅ<01>！Ｊぅ<F1>そミ<03>ぅ<F1>ちナ（★  Ｅ！ぅ<03><14>ハゅ<01>！）<01><1A><04>ハ世 エ００Ｓ結腕ろすゅれ<09><03>ンゅれす腕よ<09><08>ン腕よしゅよつ け<16>！ヘ出！ワＤ！★ れ生、<1F>た<FA>ぅ<0E>ンゅよぅ<1F>ヘ闇十ヘＬ十ぅたナメ生そ<0E>たぅ←ヘネへ ェ<18>ぅ<01><04>ハワユへ ト０ン腕わゅ<01>！）<03>みＭゅユへ<F0>兵<EE>闇十ぅたナメほネへゅネへ）<1F>み<11>ぅ<01><14>ハすゅ中ンゅよ結。ろ生<F4><0E>た世<EE>ネへぅたナメほ闇十み<19><EE>ユへ結ょよす腕わ０<0E>生命<1C>た<0A>ぅ０ミ<02>ぅ ンょよ世つ す腕も８<ED>ヌ十ナ<18>すゅも８<ED>ノ十<18>ゥ<10><00><0A>ナ<1A>★ ‥<18>８<E9><10>ー<02>ぅ<00>ナ<10>‥<18><18>ゥ<10>ミ<02>ぅ
0x021899	21	ナ<11>れ「<00>つ<10>、<1A>そ力<19>つ０<1D><18>今<18>ミ<02>ぅ
0x0218af	6	ル<F2>そ‥<18>８
0x0218b6	29	力<19>つー<02>ぅ<00>ル<F1>そネネ<E8>タんつ０‥<10>ル<F1>そネネ<10><F9>、<1A>ぅ
0x021b62	482	<00>ム（ねねただミ<F7>★０世 エ００<09>ぅ<08>ヘ大ソぅ<08><04>言生Ｔスたー<03>結。ろ世 エ００<0F>ぅ<07>ヘ大ソぅ<08><04>言ぅ<04>生（<1E>た生前スたー<03>結。ろ世 エ００Ａゃゅよつ け<16>！ヘ出！ワＤ！★ れ生、<1F>た<FA>ぅ<0E>ヘゅよワユへぅ<18>ヘヨへぅ ヘラへれ「<00>すゅろ<18>ゥ（生め生た ク<1C>すゅれ）<FC>ンゅれ<FA>界ユへ殺<0D>ゅ<00>！ノ<0F>み<06>ぅ<0A>生（<1E>たゅユへ０。ほラへみ<13><09>タヘユへノ輪<F0><0B>結。ろすゅろ生め生た世ぅセヘラへれ「<00>生３ た腕Ｏは<FA>ぅ<01>ヘらま‥メ０<16>♥<02>ゅヨへルＭ十ねた<08>ミ<F8>Ｉ<04>ヘヨへぅ♥ナメほラへみ（ぅ０ヘラへぅ輪ヘユへ♥<02>ぅ ルＭ十ねた<08>ミ<F8>ぅ♥ナメワロ時ゅゅ中ヘゅよぅタヘらま世れ生Ｕ行たーＪ生９生た<06><02><04>タ<02><00>ゅょよンょよゅゅりンゅりつ ゅ腕もン腕もゅゅも<1A>ンゅも★ れ「<0B>すめン０<03>はみ<F8>コそ腕８つルょんハ<0A><0A>ル腕中ぅ<0D>ル腕ろぅたルゅれ<FA>世 エ０ゃーへた<09>ー<0E>ぅ輪出知<10><02>ぅた<19><EE>レル<EE>レれ生<EA>くた<FA>世 エ００<09> ト０ヘユへワヨへ♥<0F>けＭ十へユへみ<07>ネ<10><A9E>。ろ世ぅ<08>ナ<10>♥<00>ゅヨへＩタヘヨへ０<02>♥<08>けＭ十へユへ<F0><08><1A>ミ<02>石石ルＭ十ねに<10>み<EB>ぅタ<04>メ世 エ００前結腕ろす腕中ＪＪぃぅ
0x022188	16	ナ<1F>‥<02><18>今<18>ー<11>の←ー<0D>つ０）
0x0221ca	16	ナ<1F>‥<02><18>今<1A>ー<11>の←ー<0D>つ０）
0x022372	1152	<1A>Ｈっ<14>Ｂ<00>ンゅやィ<EB>マ<04>Ｂ<00>★ ‥<10>マ<06>Ｂ<00>ン。んつ Ｈィっ<14>Ｂ<00>ン腕ゆ★ 出<19><10><04>生闇。た出<1B><10><04>生ォ。た生<05>腕た中。んみ<19>つ し腕んけ<17>知ンゅらけ<19>知ン腕り★ 結。ろ う石Ｌツ<0B>さ結。ろれ ト０ナ界 ト０ナ腕 ト０ナ。生ゅ２つ<FA>世さ結。ろし腕ん生イ２つ世され ト０ナ<18> ト０ナ<19>結。ろ生命２つ<FA>世さ ト０ンゅれ結。ろ世さ ト０生<FE><1D>た ト０結。ろ世さ ト０ヘンへ結。ろ世 エ００<1A>ぅ<17>ナト石ナナぅ<01>ナノ<1A>ナネぅ ヘＲ十ワＢ十ぅタナメ‥メ０<03>結。ろ世され生<EA>くた<FA> ト０ヘちレ ト０ヘたレ ト０ヘつレ ト０ヘてレ ト０ヘとレ世さ ト０ンゅよ世 エ００<05>ぅ輪ン。んすゅれＩ輪ンゅれす。ん）<03>み<0E>すゅろ<1A><1A>）<06>ンゅろ生め生た中。んみ<03>結。ろ世さ ト０ヘこレ ト０ヘけレ ト０ヘすレ ト０ヘせレ ト０ヘそレワ世<02>世 エ００<17>結腕ろ結腕わぅタ<04>マぅたン。んすゅれ<09><03>ンゅれす腕わ<F0> すゅれＩ輪ンゅれ中。んみ界 力Ｙし腕ん生イ２つぅ<0D>生（<1E>たＬ<19>腕す。んみ<0A><FE>腕わぅ世ン。んタ<07>中。ん）？み<03>Ｌ<13>腕世さ ト０ヘ<1D>ほ ト０ヘ<1E>ほ ト０ヘ<1F>ほ ト０ヘ ほ ト０ヘ！ほ ト０ヘ生ほゅ出ほ<09>輪ヘ出ほ結。ろ世 エ００<0C> ト０ヘ者十 ト０ン。んゅ来十へ者十み<08>中。んみ<03>結。ろ世 エ００<0A>ぅタ<04>マ結腕わ結。わ<FE>腕わす腕わ）<03>み<0E>すゅろ<1A><1A>）<06>ンゅろ生め生た子<1C>ぅ<10>ナ<1D>ぅ０生。。た生も界たすょり<F0><0E>結。ろ 力Ｙし腕ん生イ２つ世す腕わ）<03>み<0A> ★時ー<05>ぅ<01>ル腕ろＬツ<0B>生子行たーＺれさ生９生た<00><00><04>タ<02><00>ぅ ン。ん結腕ろロ<FA>つ す腕もル腕もすゅもルゅも★ す腕みル腕みす。みル。みす腕よル腕よすゅよルゅよすょんルょんす腕中ル腕中すゅろルゅろ生中生たぅちルゅれ<18>世Ｚ ト０つ ぁ（ナ<18>♥<02>き（ナ<1A>、フ‥（<18>ゥ<04><00>ルら結★  フＡー出‥フＨつ ‥<1A>ルら結★ トフぅ<FE>ルリ結結。ろ結腕ろすょれ）ソンょれィナフ<FA>世 エ０れ ラ手<FA>結。ろ世 ト０ロ<0A>ぇそぇ手つＨそぅ手つＨさ世手）ソ）ヒ）ム）ゆ）←）ょ）ふ）命）<E8>）ナ）生）<15>）<E7>（や（中（て（方（Ｕ（Ｉ（Ｃ（７（手（<1C>（\n力る力ま力オ力<19>力<01>力<FA>手<E8>手ワ知へ子ハぅ←ヘネへぅ<13><14>ト結。ろ世ワ者十結。ろ世 ト０ぃのタミ<07>）ソぃぅ<00>タ<02>ぅ<01>ルＨン結。ろ世ホユへワヨへ生Ｕ行た生９生た<0A><1C><04>タ<02><00>ぅ<06>ンゅよゅユへンょわぃつ けゅり<18>ゥ<12><00>ンゅりけ腕もン腕もけゅもンゅも★  ツ<0B>ぅ<15>ン腕ろぅたンょんンゅれゅヨへン腕わ<18>ゥ<08>ヘヨへみょょユへ世れ生Ｕ行た生９生た<00>。<03>タ<03><00>コけゅろ<18>ゥ<10>生め生たぅ♥ンょんぅ（ン腕中つ け腕もン腕もけゅもンゅも★ ぅ<14>ン腕ろリン腕わけゅよンゅよンゅ中ぅたンゅれさすゅろ<18>ゥ<08>ンゅろ生め生た世 ト０ルＸ結結。ろ世 ト０ヘぁま闇<14>Ｑた ト０ <EE>力結。ろ世ロつ０）
0x0227f3	56	<00><0A><0A><0A>ぇ★ そエょなル腕みそオょなル。みそカょなルゅよルゅ中★<10>さすゅろ生め生た世 ト０ヘはン結。ろ世 ト０の
0x02282c	89	み<03>ゅひンヘふン結。ろ世ぅ<F0>ヘマ<02>ワ<17>ほ結。ろ世ぅ<0C>ヘ知へ世ゅのン<09>タヘのン結。ろ世れ生ひロた<FA>結。ろ世生ニ十たぅタヘ行ほれ生石<1F>たつ 「<00>結ヲ！結ヲ生結ヲ兵結ヲ出<E8><E8>み<F0>「<1E>ぅ
0x022887	1821	ン手！はは<10><F9>ぅ<0C><01>ヘ<06>！<1A>ヘ<08>！★ 子Ｏ生ら<1F>たぅ<02>ナＯ生ら<1F>た<FA>ぅ ヘＭ十ヘＮ十ワ何十ワ思十ぅタナメぅ<0F>ヘ者十結。ろ世 ト０ヘそぉ ト０ヘたぉぅ手ナカ世 ト０ヘンへ結。ろ世ぅタヘヒま結。ろ世結腕ろ ト０ナ<10>ぅ<05>ナ<11>♥<00>出知<10><02>♥<1C>け）リ０<0F>な<10>み<03>Ｌハ<1F>ねねねねに<11>み<EC> ト０Ｌト０ぅ<17>ナトワ来十ぅ<0F>ヘ者十世結。ろ世つ ぅＰ<00>ヘ<0E>！<1A>ヘ<12>！<1A>ヘ<14>！★ 生、<1F>た生石<1F>たつ ぅヨ行ナ界★ ぅはナ。ワィ時生輪７たぅ<08>ヘＸ十ヘＹ十ぅタナメ世「<00>すゅろ<18>ゥ<10>生め生た「<02>すゅろ<18>ゥ<10>生め生たぅ<05>ヘ知へ世ぅ<01>ヘらま世ぅタヘらま世ぅ<04>ヘ知へ世結腕ろ ト０ン。みぅ<06>ン腕みぅ輪ンょん結ゅよぅ<00>生め生た世「 生ぅ生たダ輪<00><06>６<04>タ<03><00>結腕ろぅ輪ンょんぅたンゅれ世「 ぅ<02>生め生た世 ト０ヘひン生２<1E>た世 ト０生（<1E>た世ょＺ<02>す腕みの<06>み<1B>す。みの石み<14>ぅ８ン。み生６<1D>た）<02>生め生たぅ<02>ン腕ろす腕らぇ<10>りぅ Ｈ キ行ー<18>さ結腕よ結。も結ょも生６<1D>たン腕も生６<1D>たンゅもィ石み中世 エ００生 ト０ン。ん ト０すゅろ<18>ゥ<10>生へ生た生<E7>生たつ ぅた<00>ンゅゆ★ 世生も界た ツ<0B>中。んみ<03>結。ろゅ<01>！）<03>み<00>世生子行たーＶれさ生９生た<06>８<05>タ<03><00>ぅ<02>ン腕ろぅ輪ンょん生６<1D>た）<1F>ナ<18>子<19>）<02>生め生た生６<1D>た）<1F>ナ<1A>子<1B>ロ<FA>つ す腕も８<E9><10><00><18>今<18>ル腕もすゅも８<E9> <00><18>今<1A>ルゅも★ ぅたルゅれ<18>世 エ０者。ろＰ<03>結。ろ世 エ０れ ト０ナ<18> ト０ナ<19> フＡー<08>す。ろ<09>輪ン。ろ<FA>結。ろ世 エ００Ｈ生命<1C>た<0A>ぅ ー<02>ぅ０ンょよす腕みン腕わす。みン。わぅ<0A>ン腕みぅ<10>ン。みすゅろ生め生たしゅよつ け<16>！ヘ出！★ れ生、<1F>た<FA>結ゅよぅ<09>生（<1E>た世者。ろ殺思すゅめみＮす。ろ<09>輪ン。ろす腕わン腕みす。わン。みぅ<0E>ンゅよすゅろ生め生たすゅれ<09><01>ンゅれワＬ十ぅ ヘ闇十ぅ<01>ヘメまぅたナメ‥メ０<11>すゅ中ンゅよすゅれ）<FE>ンゅれ結。ろ世 エ００腕すゅれ<09><01>ンゅれしゅよつ け<16>！ヘ出！★ れ生、<1F>た<FA>ぅ<0E>ンゅよワ闇十ぅ<01>ヘメまぅたナメ世者。ろ殺気‥メ０石す。ろ<09>輪ン。ろぅ<0A>ン腕みぅ<12>ン。み結ゅよぅ<09>生（<1E>たすゅろ生め生たすゅれ）<FC>ンゅれ世すゅめみ<0A>結。ろし腕ん生イ２つ世 エ０００すゅれ）そンゅれホ結まつ しゅよけ<16>！ヘ出！★ ぅ<0E>ンゅよれ生、<1F>た<FA>生<01>０たぅタヘレまワロま世生エレたょ結まゅレまみ<03>結。ろ世 エ００<18>すゅれ<09><03>ンゅれし腕んぅ<00>ル<17>♥ぅたン。んワス<02>ゅ<01>！）<03>み<0D>ゅス<02>８<E9><10><10><02>ぅ<00>ヘス<02>者。ろ殺出す。ん）？み<08> <13>腕ぅ３ヘス<02>中。んみ<0F>す。ろ<09>輪ン。ろホ結ま生<01>０た世し腕んけ<17>♥みＤ<1A>ル<17>♥けラ結ノ<04>み<1E>れつ０ゅ知ま８<E9><08><00>ヘ知ま★００<0C>生ヒ気たー<06>さ （腕タ★<FA>ぅ<0C>ンゅよンゅ中ぅタン。んぅ１生（<1E>たぅ３ヘス<02>Ｌ<19>腕中。んみ<06>結。ろＬＴ０世ぅ<04>生（<1E>た♥<0F>ぅ<14>ル何十ネ<10><FA>ぅたナメ世ぅ<04>ン腕ろ生６<1D>たンゅや<0A>ミ<04>生闇。たぅ<03>生<1F><1D>た<1A>ン。ゆ生６<1D>たン腕ゆ生ォ。た世 エ００ゥ結腕わ結ゅわ結ょわぅた<04>マすゅれ<09><03>ンゅれワ知まワ♥まし腕んけラ結ノ<04>み<1C><FE>腕わゅ行ほ０<14>ぅ<03> っょつ 生めホつれ生フワた<FA> ネホしゅよつ け<16>！ヘ出！ワＤ！★ れ生、<1F>た<FA>ぅ<0E>ンゅよワ闇十ぅ ヘＬ十ぅたナメ世すゅわみ<03>Ｌエ。ゅＬ十の<14>ミ<F0>すょわみ<12><FE>ょわすゅ中ンゅよすゅれ）<FC>ンゅれ世すゅめみやホ結まつ すゅらＨす腕りＨすゅりＨ★ すょよＨすゅろＨし腕んＺ生イ２つコつ けル結<18>ゥ<08><00>ナ界ぅな<00>ナ。★ 生。２つ ワ石し腕んィルＹ結ンゅろンょろ生め生たィンょよぅ<03>ン。よつ ィンゅりィン腕りィンゅらル<17>知す腕りル<19>知★ 出知<10><05>ぅ→ルラ結 ツ<0B>出知０<03> う石ょ結まＬ力Ｙ世ゅ闇十み<05>ゅＬ十み<ABD>腕わ<F0>Ｋ生<B2F>たつ０ゅ知ま８<E9><08><00>ヘ知ま★００７生ヒ気たー１ぅ<05>ル腕ろぅ<00>ルゅよすょよルょよぅたルょんぅ<0A>ル腕みぅ<16>ル。み生６<1D>た）<03><0A>生中生たぅタルゅれタけ ワ石し腕んつ けル結<18>ゥ<08><00>ナ界ぅな<00>ナ。★ ぁ界 <EE>力ぅ<0E>ンゅよすゅろ<18>ゥ<08>生め生たすゅれ<09><01>ンゅれれすゅ中<0A><0A><0A><0A>ぃ「<1E>つ ネネけニ生ンＦ兵はは<10><F4>★ ぅ ヘ闇十ぅたナメぅ１生（<1E>た<FA><FE>ゅわ世 エ００<15>ぅタ<04>マすゅろ<18>ゥ<08>生め生たぅ<12>生（<1E>た世すゅめみ<FA>結。ろ Ｔ０ぅ<03>ン。よし腕んぅ死ルＺ結けＹ結ンゅろンょろぅ<00>ルる結ルれ結ぅ→ルラ結 ワ石Ｌ力Ｙ エ００Ｏれ ト０つ ぁ（ヘユへ♥<02>き（ナ<18>し腕ん‥（<18>ゥ<04><00>ルら結‥<18>の
0x022fa6	194	★ <F0><09>生Ｄ２つー<0A><FA>タＯ生て９つー<F7>さハ<FA>し腕んル<17>♥ぅＰン。んゅ行ほ<10><06>れ生<04>ワた<FA>世者。ろ殺<12>中。んみＥぅミン。んす。ろ<09>輪ン。ろゅユへ<0D>ヨへみ<14>中。んみろゅ行ほ<10><06>れ生ひロた<FA>結。ろ世ゅ<01>！Ｊミ<16>つ ゅ<19>ワの<0F>力ー<03><EE><19>ワほユへ★ 生フワたゅ<01>！Ｊー十れせ<17>♥ 今マー！ぅ<0A>ル腕みぅ<16>ル。みぅたルょんぅ<06>ル腕ろゅ<01>！ノ<07>み<06>ぅ<1F>生（<1E>た<FA>世し腕んぅなナ。つ けル結ナ界♥<01>き界<EB>）
0x023069	54	テＩ<00>タ生<F7><1D>た★ 世さ、フす。ろ０<07><09>タン。ろぅ<00>世ぅなナ行つ 、フけら結ナ（<1A>ルら結ぁ（★ 世ロす腕ろの
0x02327b	11	ルめンす腕よ）<10><F0><05>ぅ
0x023287	5	ルもンコぅ
0x023375	251	み<01>世 メ４Ｚゅあまノ<10><F0>気ゅあま）<EF>ヘあまつ ゅゃま★ <F0><18>生中<1D>たー<12>ゅあま<09>０ヘあまつ ぅ何<05>ヘょま★ Ｌ力４コ８世ゅゅま）<03><0D>ゃま<F0>ォゅあまノ<08><F0><13>つ<10>ょいま<F0><08>すら‥み<03><FE>ら‥★<10>タ<19>つ ゅゃま生ゆ<1D>た★ ー<0C>ゅムょの言みな<EE>ムょタ行界あま殺３ゅいま<0D>うま<F0>十つ<10>ょいますら‥）<03>★<10><F0><1D>の<03>み<03>Ｌっ３の<02><F0><04>出知<10><0E>ワょまワっまワーまぅ→ヘあまリ８<E9><08>ぇ、フゅあまルラ結つ ゅょまルる結ハ<18>今界ルル結★ ゅモょ<10><15>）ソヘモょょムょし★ンたター７け）リヘムょ さ子 <1E>６ー）れ、フつ０ゅーま）
0x0235d1	14	テ<F0><11>生ゆ<1D>たー<0B>★０、フぅ
0x02370f	108	ぅ<04>タ<09>ぅ<00>８<ED>闇<02>ぃぅ<06>ト<18>Ｈ す石子<10>け」界）クの０ー<11>の<10>ミ<0D><E6><10>つ リ<18>今<18>ぃ★ タ<E6>★０‥<10><0A><0A><0A><0A><E9><07>ナ<10>すゅり８★<10>ンゅりー<03>中ょり、フィル<1A>結すょれ<09>輪ンょれ世 ォ７ォロょヘ<02>そ腕８つナ<10>ゅムょつ０）
0x02377c	152	<00><0A><0A><0A>ぇ★ そエょなル腕みそオょなル。みそカょなルゅよルゅ中そキょな）<10><19>腕よル腕よそキょなノ<03><F0><0C>Ｊけ。よ石ー<02><1A><1A>ル。よそクょなル腕れそケょなル。れそコょなルょるそサょなルょん★０け腕みみ<0B>‥世）<08>み<05>ぅ<02>ル腕みさ‥フン腕んゅヘ<02><0A><0A>ン腕中すょんみ<05>‥<10>ンょんゅユょンゅろンょろ生め生たゅモょつ ）
0x023815	12	<00><0A><0A><0A><0A>ンゅらゅヤょ）
0x0239db	179	ー）ぃすゅりるゅりみ兵けょれ<0A>ー<1A>せ腕んつ する結<F0><11>ヘそぉ★ すラ結） み<03>フヨょ<18>世★ ８世すょろ８<FD>ゅろ）<07>８<F0>１者ょろ０<0D><EB>すょろ<09>タンょろ結。ん<EB>中。ん<10><19>の<04>すゅろミ<02><E9><04><1A><1A>）<06>ンゅろ生へ生たぅ<04>ン。ん<18>世ゅ闇<02>ナ<18>子<19>★ け」界のキみ手ゅゅろノ<02>み<09>ね）<04><F0><ED>ネネタ<E9>ノ<04>み<09>つ リ<18>今<18>ぃタれつ リ８★<18>ぃタむ世‥前）ソの殺ー<0F> <E6>石ー<0A>ぅ
0x023b7b	50	者セ来 よ<09>０<06>結。わ結ゅわすゅわ０ュみ<17>ゅ<01>！ノ<01>み<10><FE>。わす。わの ミ<1B><FE>ゅわ結。ん中。んみ<10>ぅ
0x023bae	128	ンゅわ結ょわぅ界生（<1E>たタ？<FE>腕わす。わナ<10>す腕わ ９★しょわつ け腕りン腕り‥<18><18>ケゅらンゅら★ す。わナ<10>す腕わ 者★つ ‥<18><18>ス腕りン腕り★ Ｌツ<0B> に者すょわみコ<FE>ょわ生６<1D>たンゅやＪミ<03>中ょや生６<1D>たン腕ゆＪミ<03>中。ゆ生６<1D>た<0A>ー。生６<1D>たつ ）
0x023c5d	242	<00>ュヌ十ンゅらゅノ十８<E9> <00>ン腕り‥モＪミ<0A>ゅノ十<18>ゥ<F0><00>ン腕りつ す腕も８<FD>ゅら０<0B>ぅ<00><FE>ナ<18>★ ぅ<FC>タ<09>ぅ<00><02>ナ<18>★ ぅ<04>生れ腕たつ すゅも８<FD>腕り０<0B>ぅ<00><FE>ナ<1A>★ ぅ<FC>タ<09>ぅ<00><02>ナ<1A>★ ぅ<04>生<04>。たＬス輪ゅ<01>！ノ<0F>み１生子行たー十れさ生９生た<0A><1C><06>タ<03><02>コつ け腕もン腕もけゅもンゅも★ ぅ<02>ン腕ろぅたンょんンゅれさ世 よ<09>し腕わつ け腕もン腕もけゅもンゅも★ けゅろ）<06><18>ゥ<10>生へ生た世 よ<09><10><0E>生ウ界た中。んみ<04>生た（た世生６<1D>た）？<18>ゥ<08>ン。んつ すゅら８<FD>腕もナ<18><10><04>Ｉ
0x023e3b	20	<1A>のた<00>ー<16>ゅノ十<18>ゥ殺<00>８<FD>ゅも<10><04>Ｉ
0x023e51	303	<1A>のー<00>ミ<09>★ 結腕ろ生た（た★ 世 ウ思生む思つ世 ウ思生♥思つ世 よ<09>０<17>生６<1D>たＪぅ<06>ミ<02>ぅ<FA>ンゅわ生<E7>生たぅ←ンゅゆ生も界たす腕わ<18>スゅわン腕わＬチ輪す。わナ<10>す腕わ ９★つ ‥<18><18>ゥＮ<00>ンゅら★ す。わナ<10>す腕わ 者★つ ‥<18><18>ゥ<00><00>ン腕りＬ世<0B>す。わナ<10>す腕わ ９★つ ‥<18><18>ゥ０<00>ンゅら★ す。わナ<10>す腕わ 者★つ ‥<18><18>ゥＰ<00>ン腕りＬ世<0B> よ<09>０<10>生<E7>生た生６<1D>たン腕ゆぅ<FE>ン。ゆＬス輪 よ<09>中。んみ<07>結腕ろ生た（た世 よ<09>ゅゅみの ー<04>生た（た世 よ<09>０十生６<1D>たン腕わ♥<0A>‥世ノ<04><F0><02>♥<08>リン。わぅ<08>出モ<10><02>ぅ<F8>ンょわすゅれ<09>たンゅれ結。んす。ん<18>ゥ<08>ン。んみ<08>生た（た結腕ろ世すゅわ）
0x0252b0	5	<00><F0><1C>ぇぅ
0x0252bf	21	８今<18>ム界ねね<E6><1C>に<1A><F0>！はみ★「<08><00>ぅ<00>
0x025300	5	<00><F0><19>ぇぅ
0x025322	39	ム（‥<18><18>今<1C>ム界ネネに<1A><F0><09>はみ<EB>に０に０タつ世つ０子<18>♥←<00>「中<00>ゅ‥と）
0x02536e	17	ねねはは０<19>つ ‥<1A>８<E9><02><00>ーむぅ
0x0254cd	18	<F0><0B>生ゆ<1D>たー<F1>★ 子ホ世ねねきラの
0x0254e1	83	<F0><06>生<F7><1D>たタ<F1>★ 生<07>闇つタ<E6>♥<02>きラ<0A>０<05>へゅろみ<08>ぅ<04>ヘハゅＬ８Ｙ子ホ世‥方<10><03>子ホ世‥ホノ<08>み大「<00>すゅろ生へ生た っＹ‥ホ０Ｍぅた<04>マぅネ<04>ホワホゅ レ前の
0x025541	13	<1A>み<02>ぅ←<18>ュゅりヘヘゅぅ
0x02554f	183	ヘ腕ろぅ<07>生（<1E>たゅオまＪミ<14>ゅオま）<FE>ヘオまつ ぅ<00><FC>ンゅゆ★ ダ世ゅホゅみ何ゅゅり８<ED>ヘゅ０４の<10>ー<03>ワ者十「<00>ゅ<01>！）<01>み<0E>すゅろ<1A><1A>）<06>ンゅろ生へ生たつ ぅ<00><FC>ナ<1C>★ ぅた生。。た生も界た ツ<0B>ゅ来十み<0B>ゅオま<09>輪ヘオまＬ０Ｖ世ぁラ０<05>へゅろみ腕♥<01>きラ<10><0E>界ヤま０<06>）ソ生（<1E>たねきラヘユまねつ リ<18>今ラヘヨま★ ‥ルヘリまぅタヘヤま子ホ世♥<00>つ きラの
0x025608	731	<F0><08>生<F7><1D>たねねタ<F1>★ 生<07>闇つ子ホ世 ヘ前０<0B>ワぃまワ者十ぅタナマ世 <F8>Ｖー<EA>ゅこレナ<11> レ前ナ<10>‥世）<04><F0><16>つ ゅけレヘはレゅゅらヘふレゅ腕りヘほレ★ 、<10>フけレ‥<11>ヘこレの<02>み<0C>た<05>ー<08>ゅオま<09><08>ヘオま レ前ヘそレの輪ミ１ノ輪<F0>生ゅゅろＪヘそレつ ゅゅらＪＪＪＪぃゅ腕りＪＪＪＪ★ ヘせレフすレタ輪 レ前ヘすレ レ前タ行）<03><0A>ぃけ」シナ<10>けゅシナ<11>つ ぁラナ（★ ぅ<EE>ナ行♥<02>き（<18>今<10>ヘすレねき（<18>今<11>ヘせレゅそレ）<03>ヘそレゅけレ<10><0D>）ソヘけレゅこレＩ<01>ヘこレワ世<02>子ホ世‥世ノ<04><F0><0F>れ「<00>すょみ<10><06>ワＩン クＬ<FA>ゅ来十の<01>世 ヘ前０<0B>ワぃまワ者十ぅタナマ世 <F8>Ｖーま レ前ナ<11>Ｌ５Ｖ ヘ前０Ｆ‥８<10>者生Ｕ行たー６ホ<F0>っぁラ<10><0C>）ソぃゅゅも）<08><F0><01>ねリナ<10><0A>今<10><0A>ぇそニぇてナ<10><0A>へゅろみ<10>そヌぇてヘヒゅぅタナマ レ前タＤワ<17>ほ子ホ世界ハゅ殺０ゅきっ<10><03> <12>方ゃ<F0>っけゅめみ（ゅハゅ<09>輪ヘハゅワ者十「<00>生マ<1C>た）ソ<1A>ン腕ろすゅれ）<FC>ンゅれ世ゅょれ０<03>ワハゅ世つ そネぇてヘしっそハぇてヘこっゅ腕もＪＪＪＪヘせっゅゅもＪＪＪＪ石石ヘたっゅ腕りＪＪＪＪゃゅろた<06>ミ<01>石★ マ<02>Ｂ<00>ゅ闇<02>マ<03>Ｂ<00>つ ゅゅらＪＪＪＪゃゅろた<06>ー<04>ほせっ石つ<10><18>ッ<16>Ｂ<00>ぃ★ ‥<10>）タ出知０<02>Ｉタ<0D><18>結ル」界★０ <04>備 も備ょ<F0>っ生９生た<06><00><04>タ<02><00>結腕ろゅヒゅン。みつ ゅ腕もン腕もゅゅも８<E9><10><00>ンゅもゅゅりンゅり★ ゅ腕よ）←ン腕よぅたンゅれぅ生生（<1E>た世 ヘ前０<0E> わＸーＣぅ<01>ヘ<17>ほぅタナマ界ハゅ殺<0F>ゅハゅ<09>輪ヘハゅ 物Ｚ生<07>闇つゅきっ０手ょ<EF>っ <A58>ー<17> Ｍ前 も備ゅきっ０力ょ<EF>っ<E8><E8>ホ<EF>っ←<08>ミ★子マ子ホＬ十Ｙ <12>方ゅきっ０<0C>ゅ<EF>っ<1A><1A>の<08>ー<E8>ヘ<EF>っ世ワフゅ レ前の
0x0258e4	198	<F0><0E>の<FE>み<06><EE>フゅ レ前ヘヒゅ<18>世ぅてナ行つ ８す<E7>っナ（<F0>！ぁ（<1A><F0><1C><1A>み<18>す<E7>っ<1A><1A><1A>ン<E7>っ★ ゅマゅ<F0><08>♥<02>き（生（<1E>た<18>★ 世ぅ<F1><14>マぅ♥<14>マゅゅれ）たヘゅれ世 ヘ前０<0A>ぅ<01>ヘ<17>ほぅた<04>マ世 つＺー<19> レ前ヘそぉ レ前ヘたぉワヨょぅ<18>ナキぅー<04>♥子ホ世 ヘ前０<14>ゅゅろの<04>み！ゅマ<02><09>たヘマ<02>ぅ<01>ヘ<17>ほゅマ<02>）<F0>の<F0>み<0D>ぅ<10>ヘカ<02>ぅ<01>生（<1E>た子ホ世 っＹゅホ<02>０<03>ＬＬＹ世 っＹ‥ホみ<05>ぅ
0x0259ab	82	ヘ<17>ほ世 ヘ前０<0A> わＸーＨぅた<04>マ世‥マ<F0>？）<F0>の<F0>み<A2C>ハゅ殺<14>ゅハゅ<09>輪ヘハゅ 物Ｚ生<07>闇つぅタヘくっ <08>Ｚ ＯＺー<1E>ゅくっみ<19>ぅ<01>ヘ<17>ほ こ前ミ<09>の<0A>み<05>ぅ
0x0259fe	231	ヘ<17>ほワホ<02>Ｌ力Ｙ世ゅくっ<F0>Ａほはっみ者ぅ<04>ヘはっょ<EF>っゅきっ<10><03>Ｌ<12>方 <A58>ー<18> Ｍ前 も備ょ<EF>っつ す<E7>っ<18>ゥ<0A><00>ン<E7>っ★ 世ょ<EF>っ<E8><E8>ホ<EF>っ←<08>ミらワくっ世子<11>♥者せ<17>結０方Ｚ生命<1C>た）<07><0A><0A><0A><0A>ナ<10>‥前）ソの<10>ミ<04>の気ミＥすゅりな<10><F0>思ミ<03><E9><08><18>ゥ<04>ンゅり<E6><11>な<10>み十ハみ<13>♥<00>つ けをは<09>タタルをはねねみ<F3>★ し腕ん‥前）<07>ル<18>結ぅ０出前<10><02>ぅ ンょよ ツ<0B>コネネネネ<10>ヨ‥<11>の<01>世子<10>‥マ<10><08>ノ み<04><E6><10>タ<0A>ノ輪<F0><06>）<10>み<02><E6><10>‥<10>の<01>世つ０ゅヒゅ）
0x025ae6	65	<01><0A><0A><0A>ぇそ<00><00>て<F0><04>生<F7><1D>たそ<02><00>て<F0><04>生<F7><1D>たそ<04><00>て<F0><04>生<F7><1D>たそ<06><00>てナ（ワ<E7>っワ<E9>っワ<EB>っワ<ED>っ★０ぅてナ行♥<00>さき（の
0x025b28	179	<F0><17>ねへけレみ<0B>つ き（ン<E7>っ★ <E8><E8>ねね←<08>ミ\nワ<EF>っワきっぅ<01>ヘはっ世ょ<EF>っぅてナ。つ す<E7>っナ界ぁ界ヘしっ♥<02>き界ヘこっ♥<04>き界ねヘせっき界ねヘたっき界ナ（ねねき界ナ<18>★０ワそっワちっ ツ備Ｌ<04>備ゅハゅ０<07><09>タヘハゅぅ<00>世ぁラ<E6>ラみ<02><E6>リ世 こ前ミ<11>ヘハゅつ すヨゅナラ★ ぅ<EE>ナル８世つ ゅ腕りＪＪＪＪナ<1A>ゅゅらＪＪＪＪ★ ナ<18>「<F9>ハ<18>ゥ<07>ぇすムゅの
0x025bdc	85	<F0>！‥<18>８<FD>ムゅ０<EC>んモゅー<E7>‥<1A>８<FD>メゅ０物んヤゅーれすユゅ）？８世<18>世ワマゅワミゅゅこレ<0A>ぇゅけレ<0A>ぃぅ<EE>ナ行ナ。つ０そ<00>タ<EE>ナ（き（ナ界♥<00><00>さ★ き界の<FE>ミ<1D><EB>ぅ
0x025c32	18	ンムゅき界<1A><F0><09>ゅマゅみ<04>ね ム闇ぅ
0x025c45	68	ヘマゅ★０タＤねナ<19>き界ねナ<18>つ き界ンムゅねねき界ンモゅねねき界ンユゅねねき界ンラゅね‥<18><F0><06>生ゆ<1D>たミゃハ<18>ゥ<07><00>ぇの<FC><00>ミ。★０ぅ
0x025c8a	19	ンムゅヘマゅォ★ ぅ<EE>ナ。ワフゅき界の
0x025c9e	38	<F0><1D>の<FE>み<06>ね<EE>フゅき界ヘヒゅＺ、界Ｚ せ闇つ<10>コト界コねタや世つ０ゅヒゅ）
0x025da5	74	<00><18>ッ<16>Ｂ<00>ナ<18>★ ‥<1A>ナ<10>を<18>き（ン」界ね<E8>に<10>み<AA5><18><18>ュ闇<02>ミ<02><E6><19>ナ<18>に<1B>み物★０世ワきっぅ<01>ヘはっつ ゅこっ<F0><0C>「<00> <14>大界きっつ ０<09>ぅ
0x025df1	24	ヘもっワこっゅしっ<F0><0C>「<02> <14>大界きっ０<0D>つ ぅ
0x0262dd	39	<00><0A><1A>ぃき（ヘえへ★０タ<02>タＲつ０ゅえへ<0A>ぇそ手！なナ（★０世子<10>♥<00>けよへの
0x026305	53	<F0>０生６<1D>た）タナ<11>ぅ<09>生<1F><1D>た<05><11>を<10>はは０<07>ん<F7>へみ<F7>タ\nを<10>ン<F7>へけよへン<BCD><E8><E8>ニ<10>ねねタのを<10>ぅ
0x02633b	28	ン<BCD>ぅセナ行つ ぅ<BCD>ナ（★ 世♥<00>「<00>き（ねン<BCD>の
0x026368	66	ン<BCD>ニ<10>ぅ<08>Ｈ‥<10>生<1F><1D>た）<FE>ぃ‥<10>生<1F><1D>た）<FE>ぇつ す<BCD>Ｈけ<BCD>ン<BCD>ィル<BCD>★ ィ石みら‥<10>の<04>ミ<16>ＪＪミ<01><1A><1A>生<1F><1D>た<0A>Ｉ
0x0263ab	5	８今<10>ぇぅ
0x026427	13	ル<18>。世れ、フゅムょつ０）
0x026497	4	ル<18>。ぅ
0x0264b0	54	ンめンは<10><FA>世 さ子ォ子<10>つ０ゅムょ）ソ<00><0A><0A><0A>ぇ★ そサょな<F0><03>★<10>世そキょな★<10>）<10><F0><02>に<10>「<00>すめンの
0x026544	18	ヘえまヘかまヘくまヘこまワてま★ ぅ
0x026557	101	ナユワクまワせまワつまワ<EA>まワ★まワ<11>結ワ<12>結子ヤ界ぇへＰ<0C>ゅ<12>ロの<0E><F0><05>ぅタヘ→ま <FB>今 Ｐヲ フヲワモまゅぇへＪミ<05>ぅたヘモま「<00>ぅ<05>ナ<10>♥<00>出知<10><02>♥<1C>け）リ０<10>ンにまリンほま<E8>ねねねねに<10>み<EB>ぅ
0x0265bd	8	ンにま と今ォぅ
0x0265fb	46	ワ大ほ「<00>ぅ<00>生Ｂ<E8>た‥<10>ー<17>、<10>けユロの<10>ミ<02>ぅ<10>ぃ‥<10>ンッほ<E8><F0><12>ネみ<F7>‥<10><1A>の<10>ミれぅ
0x02662a	101	ンッほ<E8>み<FA>ぅ<00>Ｈ生６<1D>たぃ生６<1D>たぇすッほ<EB>けッほンッほ<EB>ルッほィ石み\n世ワ備ほ♥<00>ぅ<10>の<06><F0><08>の<07><F0><04>ル方ほね石<10><F1>ト<10>ぅ Ｈ‥<10>生<1F><1D>たぃ‥<10>生<1F><1D>たぇす方ほ<EB>け方ほン方ほ<EB>ル方ほィ石み物世♥<0E>ぅ
0x026690	10	ル<02>結ネ<10><FA>れつ ぅ
0x02679b	10	ン★ン世し腕んトフぅ
0x0267a6	130	ヘまふヘみふヘ前ほヘ闇ほ出命<10><11>すゅん<F0><0C>‥９ノ<10><F0><06>ぅ<0A>ン。ろ世 殺殺ゅ前ほ<10>Ｑ <12>殺ゅ前ほ<10>Ｉ Ｊ殺ゅ前ほ<10>Ａすゅん<F0><0D>、フけＺ結の<09><F0><0E>の殺ー<0A> ゅ殺ゅ前ほ<10>力タ<0B>、フけＷ♥<1A>ヘ前ほタ<1A>ぅ<0D> っょナ（<EB>ナ）ぅなナ行生６<1D>た）<07>ぃき（ヘ前ほれ 世ィ<FA>、フぅ
0x026859	115	<00><01><02><03><04><05><01>ゅ前ほの<07>ー<0D>ぅ<00> っょ<0A>ゅ前ほミ<02>ゥ<07>ロ<0A>ぇそトィつＨそティつＨさ世「ィ「ィ<E8>ィＷッアッゅッうッたィねッ「ィ<E8>ィＷッアッゅッうッほッれ 思カぇ、フすゅらルＷ知す腕りルＸ知ハルＸ♥ぅ<01>ヘ前ほ<FA>世し腕んけ<17>。の<02>み<16>ぅ
0x0268cd	39	ヘっふ生６<1D>た）<0F>ヘォゅ ！オミＺＬのッ 力ョミＲＬのッし腕んけ<17>。の<02>み２ぅ
0x0268f5	82	ヘっふすゅん<F0><13>ぅ<00> っょ<0A>ー<0B> Ｃゥミ。ぅ<02>ヘ前ほ世ゃ備ほねた<0F>ミ<02>♥<00>フ備ほけ方ほヘォゅタ<13>‥方Ｊミ<06>ぅ<02>ヘ前ほ世 力ョミ<03>Ｌ」ィれ ォゥぅ<02>ヘ前ほ<FA>世れ「<00>♥
0x026948	5	ねけ<14>ロの
0x02694e	56	<F0><0A>の<12>ー<F4>ン<00> <E8>タ<EE>ハ<F0><0C>生<1F><1D>たぃけ<00> ヘォゅ<18><FA>世 クョゃォゅた<12><F0>０た<14>み<02>♥<06>フまふフみふき（み<06>ぅ
0x0269e3	146	ナ<02> <F8>ゥォし腕んけＸ♥ヘっふぃけゅんナ<02>ゅ\nまれナ<13><0A>ぇつ そぅェつナ（★ ぅつナ行ょっふし腕んつ け<17>知ＪＪＪＪナ<10>け<19>知ＪＪＪＪ★ ナ<11>ぅ<01>ナ<12>♥<00>せ<02>結０何<EC>っふ<F0>５‥<02>０<05>んゅん<F0><00>Ｚし腕んつ け<17>知ＪＪＪＪナ<00>け<19>知ＪＪＪＪ★ ナ<01> サェー<0C>ハを<12><E6><12>ンっふ←<0F>ー<04>コねタせを<12>ぅ
0x026b31	20	<00>れ♥<00>ゅＷ<02>０<0A>ルっふぇねす腕ら<10><BA9>
0x026b46	23	ルっふフコ<F2>ぅ<12>ヘまふヘみふ<FA>世ゅしまヘっふぅ
0x026b5e	35	ヘーふ世 思カゃ<14><F0> <1A>クれ「<00>♥<00>け<14><F0>０<0B>ンっふ<E8>ねねほコ<F2>み<F0>ぅ
0x026b82	184	ンっふ<FA>世れ みオ♥<FE>ねねせ<14><F0>０<18>Ｚし腕んけ<17>。コの<05>み<ED>ねねけ<14><F0>ル<12><F0><10><B80>物♥<00>せ<14><F0>０（れす腕んぇつ すＹ。８<FD>Ｗ。ル４<F0>★ <FA>Ｚ ォエコー<09>け５<F0><18>ゥ<08>ル５<F0>ねねタもト<10> ぃク<FA> ォエー生ニ<10>♥<FE>ねねけ<14><F0>０<17>な<10>み<AC0><02>ミ<0F><EB>け<12><F0>ル<14><F0>ネネみ<BEB>ヘ<14><F0>れ♥<00>「<00>け<14><F0>０<0B>ンっふ<E8>ねねほコ<F2>み<F0>は０<14>しっふけ腕んぃつ けＹ。８<F9>Ｗ。★ <F0><E9>ハ<10><02>「<00>ぅ
0x026c3b	87	ンーふ<FA>世 みオワキ<F2>れ♥<00>せ<14><F0>０<19>Ｚし腕んけ<17>。<F0><13>ハょキ<F2>ンっふ<EE>キ<F2>ほコ<F2>み<04>コＬ<1D>ョコねねタれれ 思カゃ<14><F0> <1A>クゅコ<F2>ナ<10>♥<00>「<00>け<14><F0>０<0A>ンっふ<E8>ねねに<10>み<F1>ぅ
0x026c93	127	ンっふワキ<F2>「<00>♥<00>せ<14><F0>０<1A>Ｚし腕んけ<19>。の<01>コミ<0A>ハょキ<F2>ンっふ<EE>キ<F2>ねねタ→ょキ<F2><F0><03>Ｌ<1D>ョ<FA>世ぅ<02>タ<02>ぅ<01>ヘス<F2>れしゅんけＷ<02>♥<00>ル<14><F0>ぇＺし腕んつ けＹ。８<F9>Ｗ。<18>ナ<18>★ <E6><19><E6><19>け<19>。<F0><09>に<19>へス<F2><F0><02>に<19>コつ ‥<18>ル４<F0>★ ねねす腕ら<10>ぬぅ
0x026d13	270	ル<14><F0>ト<10> ぃク「<00>♥<00>け<14><F0>０<0D>ンっふ<E8>ほコ<F2><F0><04>ねねタ<EE>ホキ<F2>Ｌ<1D>ョぅ<04>ヘス<F2>れしゅんけＷ<02>♥<00>ル<14><F0>ぇＺし腕んけラ♥ナ<18>ぅ<02>ナ<19>ゅ<12>ロの<0D>ミ<0B>けＺ結の殺み<04>ぅ<06>ナ<19>け<19>。<F0><09>に<19>へス<F2><F0><02>に<19>コつ ‥<18>ル４<F0>★ ねねす腕ら<10>せタネぅ<02>タ<0E>ぅ<03>タ<0A>ぅ<04>タ<06>ぅ<05>タ<02>ぅ<01>ヘス<F2>れ 思カゃ<14><F0> <1A>クぅ<10>ナ<18>♥<00>せ<14><F0>０手Ｚぅ<02>ナ<19>し腕んけ<17>。<F0><09>に<19>へス<F2><F0><02>に<19>コつ ‥<18>ル４<F0>★ に<18>ねねタゆＬ<11>ュ みオゃ<14><F0> <1A>クＬォォ 思カゃ<14><F0> <1A>クワキ<F2>れ「<00>♥<00>せ<14><F0>０<1F>Ｚし腕んけ<17>。コの<05>み<0F>ハょキ<F2>ンっふ<EE>キ<F2>ほコ<F2><F0><04>ねねタわょキ<F2>ぅ
0x026e22	1884	ンっふ<FA>世 思カぃけ腕んぃけ<17>。の<05>み<15>ぅ<06>ヘォゅ Ｂオー７ らョー２ぅ<14>ヘォゅ世ぅ<0F>ヘシ<F2>タ<19>８ほシ<F2>０<1F>け方ほ０<0E>ヘォゅフ備ほ らョー<03>ＬＢオゃ備ほねた<0F>ミ物♥<00>タろ世すゅん<F0>時し腕んけＹ知ＪＪマ<02>Ｂ<00>ぅ<12>マ<03>Ｂ<00>ぅセナ行つ ぅ生ワ<18>ッ<16>Ｂ<00>ナ（★ 世し腕んけＺ結の殺み<04>ぅ<00>タゆのカみ<04>ぅ<01>タへのクみ<04>ぅ<02>タなの<09>み<04>ぅ<07>タすぅ<0F> っょナ（<EB>ナ）ぅなナ行世 <FE>エー<11>ロゅォゅ<0A>ぇそ<EF>ョつＨそ<EE>ョつＨさ世<11>ッ<11>ッ<11>ッ<11>ッ<11>ッ<11>ッ<11>ッ<11>ッ<13>ッ手ッ手ッＢッＢッＢッＢッ手ッＢッ<11>ッ<18>世 思カゃ<14><F0>け腕んぃけ<19>。み<02>８世<18>世 みオリＪ生<1F><1D>た<0A>ぃけ<14><F0>ぃけ腕んぃけ<19>。<F0><02>８世<18>世 思カゃ<14><F0>け腕んぃけ<17>。み<02><18>世８世ぅ<0A>れ、フせＸ♥すゅらルＷ知す腕りルＸ知ハ<09>タルＸ♥<FA>世 ラエミ<05> 思エー<03>Ｌ８ゥぅ<06>ヘォゅ <FE>エー生れしゅんせＷ<02>し腕んつ けＹ。ＪるＷ。★ ミ<04><FA>Ｌ８ゥす腕らぇ<10><E6><FA>Ｌ」ィぅ<05>ヘ前ほ世すゅんみ<0A>ゅぇへノ<02><F0><03>Ｌ」ィぅ<06>ヘ前ほ世ぅ<08>ヘ前ほ世、フけＹ♥ヘォゅすゅんみ<03>Ｌ８ゥけＺ結の<09><F0><04>の殺ミ<F2>ゅォゅの<12><F0><EB> <FE>エミ<06>ぅ<08>ヘ前ほ世ぅ<02>ヘ前ほ、フけＹ♥ヘォゅヘまふヘみふＬ<E9>ゥ出知０３すゅん<F0>。ゅ<12>ロの<0E>ー力、フけＺ結の殺<F0><1E>つ けＷ。の<02><00>★ ー<12>け<17>。<F0><08>の<04><F0><09>の<03>ミ<05>ぅ<06>ヘ前ほ世、フけ<17>。<F0><08>の<03><F0><04>の<05>み<16>けＹ♥０<11>ヘォゅの<12>ー<05> <FE>エー<05>ぅ<0F>ヘ前ほ世し腕んけ<17>。<F0>４石み<06>ぅ<01>ヘ前ほ世石み<06>ぅ<02>ヘ前ほ世石み<16>けら♥Ｊルラ♥けり♥Ｊルリ♥ける♥Ｊルル♥世石み<06>ぅ<08>ヘ前ほ世世ぅ<0B> っょロ<0A>ぇそつ殺つＨそち殺つＨさ世<E8>殺<E9>殺<14>ア？ア<E9>殺<14>ア世アコアヤアへア<07>イ５イＢイ結イつイ兵ウＹウホウしウ★ウ世 Ｐエー<08>生６<1D>たのタミ<10> セエー<06>ぅ<06>ヘ前ほ世 思エー<0D>、フゅォゅルＹ♥ぅ<0F>ヘ前ほ世 ラエー<16>生６<1D>たのター<0E>、フゅォゅルＹ♥ぅ<0F>ヘ前ほ世 思エミ<ED> かエミ<05>ぅ<06>ヘ前ほ世 ラエー<16>生６<1D>たのター<0E>、フゅォゅルＹ♥ぅ<0F>ヘ前ほ世 思エミ<ED>世 Ｐエー<14>生６<1D>た<0A>ー<0D>、フゅォゅルＹ♥ぅ<0F>ヘ前ほ世、フけレ。み<12>つ けＹ。ＪるＷ。★ ミ<05>ぅ<02>ルレ。世、フけレ。み１ Ｐエー<1D>生６<1D>たのター<1D>、フゅォゅルＹ♥ぅ<0F>ヘ前ほ、フぅ<03>ルレ。世生６<1D>たのター<07>、フぅ<02>ルレ。世、フけレ。み２ ０エミ<13>生６<1D>たのター時、フぅ<02>ルレ。ぅ<09>タ<12>生６<1D>たのター<06>ぅ<05>ヘ前ほ世、フぅ<0F>ルＹ♥ぅ<0F>ヘ前ほ世、フけレ。み手つ けＹ。ＪＪるＷ。★ ミ<06>ぅ<03>ルレ。世つ けＹ。ＪるＷ。★ ミ<05>ぅ<02>ルレ。世、フけレ。み<05>ぅ<02>ルレ。世、フけレ。みＦゅてまの<04>ー<06>ぅ<05>ヘ前ほ世、フつ けＹ。ＪるＷ。★ ミ<04>ぅ<03>タ<10>つ けＹ。ＪＪるＷ。★ ー<08>ぅ<02>ルレ。Ｌ<F0>イぅ<0F>ルＹ♥ぅ<0F>ヘ前ほぅ<02>ルレ。世つ けＹ。ＪＪるＷ。★ ミ物世、フけレ。み<1C>ゅてまの<03>ー<06>ぅ<05>ヘ前ほ世の<0A>ー<06>ぅ<02>ルレ。世ぅ<05>ルレ。世、フけレ。み手ゅてまの<03>ー<06>ぅ<05>ヘ前ほ世の<0F>ミ<07>ぅ<05>ルレ。タ<0E>Ｊー<06>ぅ<05>ヘ前ほ世ぅ<03>ルレ。れすゅんＩ<01>ぃ「<00>けＷ<02>０出ン<00> <E8>ぃけ腕ら<10><B8A>生<1F><1D>たぇ、フす<00> ルＸ♥ぇす腕んルル。ぅ<03>ヘ前ほ<FA>世、フけレ。み。ゅてまの<02>ー<06>ぅ<05>ヘ前ほ世の<05>ミ<1D>の<07>ー<06>ぅ<02>ルレ。世の<0A>ー<06>ぅ<03>ルレ。世の<0B>ー<05>ぅ<05>ルレ。世、フけレ。み腕ゅてまの<12>ミ<06>ぅ<0A>ルレ。世の<0F>ミ<06>ぅ<05>ヘ前ほ世の<0D>ー<EC>の<0A>ー<F2>の<04>ー<05> ０エミ<E9>ぅ<02>ルレ。世、フつ けＹ。ＪるＷ。★ ミ<0B>けレ。み<05>ぅ<02>ルレ。世けレ。み<0C> <1B>エー<AA4>フぅ<03>ルレ。Ｌ<F0>イ、フつ けＹ。ＪるＷ。★ ー<05> <1B>エミ<14>生６<1D>たのター<0C>、フぅ<0F>ルＹ♥ぅ<0F>ヘ前ほ世れ みオ♥<FE>ねねせ<14><F0>０手Ｚし腕んつ けＹ。ＪるＷ。★ コミ<E7>生６<1D>たのター<0C>、フぅ<06>ルＹ♥ぅ<0F>ヘ前ほ<FA>世すゅんＩ<01>ぃけＷ<02>０<06>ぃけ腕ら<10><02>８世<18>世す腕ら<10><07>す。ら<10><02>８世<18>世し腕んけ<17>。み<02>８世ぅ<07>ヘォゅＬ<FE>エぅ<06>ヘォゅ <FE>エー兵し腕んけ<17>。の<05><F0><19>け<19>。の<02><F0><12>し腕んつ けＷ。るＹ。ー<03>るル知★ 世ぅ<00> っょノ <F0><02>８世し腕んつ けＷ。るル知★ 世れぅ<06>ヘォゅ <FE>エー<12>しゅんせＷ<02> Ｚエミ<07>す腕らぇ<10><A38><FA>世子<10>しゅんけＷ<02>ぃ<E6><10>け腕ら<10><F8>しゅんけ<15>結８★<10>ナ<10>れせ<15>結そ<F1>エつナ<11>せＷ<02> セエー<02><E6><10>す腕らぇ<10><F3><FA>‥<10>な<11>世<01><02><02><03><03><04><04><04> Ｂオー生 ！オー<1D>し腕んけ<17>。<F0><08>の<03><F0><04>の<05>み<0C> クョゃォゅき（<F0><02><18>世８世ぅ<00> っょ<0A>ー<17>すゅん<F0><12>し腕んけＺ結の殺ミ<09>ゅォゅ生Ｂ<E8>た世<18>世<18>世すゅらるゅら<F0><08>ぅ<00>ミ<10>ぅ<04>タ<0C>す腕りる腕りぅ<06>ー<02>ぅ<02>ナ<10>ンょろ世 <F3>オ♥<00>ト<10>け<14><F0>０４Ｚぃけゅら８<FD>ゅら<10><03>Ｉ
0x02758d	30	<1A><18>今<11>ー<0E>の<10>み<0A>リ、<10>ル<14><F0>ねねト<10>コねねタぬ、<10><F0><1E>ぅ
0x0275ac	12	ル<14><F0>し腕んけＸ♥<10><13>の
0x02792b	220	ル★ふネネ<10><F9>★ ♥<00>ぅ<0B>マ<02>Ｂ<00>せ<02>結０<0D>Ｚ →ケぅ<00>ル★ふコねタ<EE>を<00>し腕んけＸ知ＪＪＪＪマ<03>Ｂ<00>けＷ知ＪＪＪＪ<18>ッ<16>Ｂ<00>ぃぅ<01>ル★ふナ<10> →ケト<11>ぅたル★ふ「クぅ<0A>ナ<12>子<13>‥<10>♥<0A>ん★ふみＢ★<11><F0>Ｍ<1A>た<00><F0><0A>ん→ふー<05>ン→ふナ<13>た<0A>ー<0A>ん\nふー<05>ン\nふナ<13>ト<18>、<12><F0><0A>んらふー<05>ンらふナ<13>た<0A>ー<0A>ん<ED>ふー<05>ン<ED>ふナ<13>、<18>石はネ<10>おに<12><10>っ<E6><10>‥<13>み知<18>を<00>世す腕りＪＪＪＪマ<03>Ｂ<00>すゅらＪＪＪＪ<18>ッ<16>Ｂ<00>ぃ世し腕んけＷ知８<FD>ゅら<10><03>Ｉ
0x027a17	339	<1A>な<10>ミ<15>ぅ<0B>マ<02>Ｂ<00> →ケぅタナ<10> 殺コ Ｇコタ<13>ぅ<0B>マ<02>Ｂ<00> →ケぅタナ<10> Ｇコ 殺コ<EB>ぃ世すゅら<F0><15>け→ふ<F0><09>な<10>ー<05>ナ<10>ぅ<04><EB>すゅらの♥ー<0E>け\nふ<F0><09>な<10>ー<05>ナ<10>ぅ<00><EB>世す腕り<F0><0E>けらふ<F0><09>な<10>ー<05>ナ<10>ぅ<06><EB>す腕りの♥ー<0E>け<ED>ふ<F0><09>な<10>ー<05>ナ<10>ぅ<02><EB>世 んコー<13>♥<00>出知<10><02>♥<1C>け）リ０<06>ゅＷ<02><0A>ミ十‥ヤ）<EF><09>輪ナヤワＴ<F0>ぅ輪ヘ<13>結ゃＷ<02>０<03> ほコゃＸ<02>０<0D>けゅろ生る生たけ腕らぃ<10><F3>８世ゅ<EB>ま０<12>ゅＷ<02>０<0B>へ<EB>ま<F0><08>ぃけ腕ら<10><A38>世<18>世け<17>結０<0A>けＺ知０<05>け<17>結<18>ォ８ォすゅんみ<02><18>世し腕んけＺ結の<09><F0><1E>の殺ミ<F0>つ けＷ。の<02><00>★ ー<0E>ゅ<12>ロの<0E>ー<07>けＺ結の殺みよけ<17>。<F0><08>の<04><F0>への<03>ミのけＷ♥０Ｋの<07>み<07>ゅ<EA>ま<F0>Ｂタけの<04><F0>おの<02><F0><0B>の<0E>み４けＹ♥<10>ぃタ腕けＸ♥の
0x027b6b	58	<F0><0A>けル。ぃ生<B7A>つミユゃＷ<02>０ミけ腕ら<10><12>れリし腕んルＸ♥ぇす腕んルル。<FA><18>世ホむふ８世れ♥<00>せ<02>結０<0F>す腕んぇぅ
0x027ba6	355	ンり知ンＷ♥ねタ<EC>８<FA>世ゅ<EA>ま０<11>出命<10><1E>ゅみンノ<08>み<17>‥者ノ輪<F0><11>出知０<06>ぅ０生（<1E>たぅ <04>ヤ子世ォ ゆス出ヤＰ<06> ミぃＬひシゅせま<F0><06> わセＬひシゃ<11>結み<15>ふ<12>結<F0><10>Ｚ らシコゅつま）？ヘつまワクまフ<12>結 <0C>セゃ<11>結せ<02>結‥ヤ<10><03>Ｌこシ‥ヤＪー<09> <0B>ターさぅ<01><04>ヤぅニ<14>ヤ ルコーょゅ<11>結みＩれ 生ス<FA>ミ<03>Ｌもシ<0E>モまゅつまノ<06>み５Ｊミ<06> フヲょ<02>結‥ヤ）<10><F0>手ゅモま０！ゅクまみ<1C><EE>クまぅ<10><14>ヤ リサタ<10>ぅ<03>ナカホむふぅタヘ★ま Ｐセォ<EE>クまゅつま）<FD><09><01>ヘつま けスミ<03>Ｌ<E6>サ <07>サーよ <E8>タぅタ<04>ヤすゅれ）<FD>ンゅれすゅろ生へ生た結腕わ 知ァォ ェター<0C> 命ソ‥ヤ）<08><F0><03> や♥‥ユ<1A><F0><03> くょ <04>リォ界ぇへ殺Ｅ出知<10>Ａゅつまノ<04>み石ゅてま<1A>の<15>ミ２ぅ<12>ヘＹ♥ぅ<0F>ヘり知石ヘＷ♥ワ<17>。ゅつま<09><04>ヘつま♥
0x027d0a	1668	ねけ<02>結０<02>み<F8>リ<F0><0C>げ結ル<02>結ネみ<F7>ワ<02>結世ゅつま０クノ輪みＣ<09>輪ヘつまワ<EA>ま界ぇへ殺<04>出知０今つ ゅてま<1A>の<0F>力ミ<03>ぅ<0F>力ヘてま★ ‥８<05>９みＢ生Ｓコた<11><00><0A><0B><10><02>生４サた生気知たぅ０ヘなま８世ゅなま<F0> ‥８<05>９み<05>ほなまみ<EE>ワなま生Ｓコた<0E><00><0A><0B><10><02>生４サた生７知た出メ０ゆゅつま<09>タヘつま<18>世<EE>てまゅてまの<14>ミ、み<EA>生Ｓコた<13><00><0A><0B><10><02>タをゅモま<10><15>すゅん<F0><10>ゃ<11>結ねけ<02>結<10><02>♥<00>フ<11>結８世<18>世つ ゅケま８<ED><19>ワ０<05>の子<00>ー<09>★ ゅ<01>！）<03>み<1D>つ ゅケまへ<19>ワ<F0><11><1A>ミ<02>石石ヘケま★ れ生！知た<FA>世★ 世ゅ★ま<F0><0E>つ ‥８ノたた★ み３ワ★まつ ‥８ノたた★ <F0>時ゅつま）<06>み<1E>ぅ<10>出ヤみ<18><04>ヤれぅ<01>生（<1E>た生Ｋコた３<00><17><01><08><03>生４サた<FA>世れ生Ｋコた<0E><00><17><01><08><03>生４サた<FA>世 今セォれ生Ｋコた<0E><00><0B><00><0C><05>生４サた<FA>世ヘュゅ モセォすゅんみＹぅ<00> っょ<0A>ミＱし腕んけＺ結ヘュゅれ生ＫコたＫ<00><0B><00><0C><05>生８サたぅ<0B>８<ED>今ソＪ<F0>気<18>ュ今ソ石<0A>ぇゅ今ソ石<0A>ぃつ け輪タン輪タけタタンタタははネネみ<EE>★ ぅ ン輪タンタタははみ<BFA>世ゅせま０<1F><09>タヘせまゃそまけ<F2>ン<1A><0A>ヘたまぅ<06>ヘちまけ<FA>ンＪミ<03><0E>ちま世ほちまみ<08>生<18>わたワせま世ょたまつ すャナンェナすゃナンぇナす<EC>ナン<EA>ナす界ニン行ニすャニンェニすゃニンぇニ<E8><E8>←輪ミよぅ<00> ヘぃナヘ<E8>ナヘ（ニヘィニヘぃニヘ<E8>ニ★ 生<1B><1C>たたコダェナゼタ世ワ<14>結す腕ろみ<12>す腕んナフ ２ツす。ろ<F0><05><10><BEE><14>結れ♥<00>せ<02>結０<15> <0B>石す腕ろ<F0><0A><EE><14>結ミ<05>Ｚ ぬハコねタ<E6><FA>すゅれ<10>！ゅ<14>結みＫし腕んけレ。<F0><06>石ルレ。み<0E>ゃ<11>結ねけ<02>結<10><02>♥<00>フ<11>結ワ←まぅ<19>生Ｂ<E8>たー<0A>け<14>ロぃけユロヘ←ま♥<00>出知<10><02>♥<1C>け）リ<10><04>ぅ輪<04>世ぅチ<14>ヤ 今セダ世ゃＷ<02>０<03> <FC>ソゃＸ<02>０<0E>けゅれ<09><02>ルゅれけ腕らぃ<10><F2>世ぅ<02>出ヤみ<09><04>ヤワＴ十ぅタナメ８ゅＤ十の<14>ー兵ぅ<01>ヘＤ十れ生<1B><1C>た<00><00><00><08>ゥタつ<09>タ子ノぅ ヘＤ十ヘＴ十ぅ<02><14>ヤ<FA><18>世ゅＤ十み<1B>生<1B><1C>た<00><00><00><08>ゥタつ<09>タぅニ<14>ヤ子ノぅ ヘＤ十ヘＴ十ぅ<00>世<00><18>‥ヤ）<04>み<06>れ <10>チ<FA>８世ぅ<16>ナト子ナぅ<02>ナネナノつ０ワ備十ワ今十「思<07>結<F1>っはは<10><F9>★０「７♥<00>ぅ<08>ナ<10>そＡ結つル<F1>きル<F2>きル<01>くル<02>くは０<0D>ねねに<10>み<E7>リ<18>ゥ<10>ぃタわ生<1B><1C>た<00>世←<00><F1>きゼタつ ぅ<E7><00>ヘ子出ヘ子生★ ぅ ヘＴ十ヘＤ十ぅ<0E> ワ、ォし腕んけ<19>。<F0><0C>け<1A>。石ル<1A>。み<03> つ知け<17>。<F0><0E>け<18>。０<09>石ル<18>。み<03>Ｌヌ知世す腕わみ行<FE>腕わ結。わつ ぅ<06><16>ヘ<A25>ぅ<08><16>ヘ<F7>時ぅ<0A><16>ヘ<F9>時ワオ手ワキ手ワケ手★ 生クタつ世す。わみＦれ生オ２た<FA>ー方ワッまワ殺まし腕んけ<19>。<F0><06> <E8>チフ殺まし腕んけ<17>。<F0><0A>の<05><F0><06> ゃチフッま<FE>。わ結。んゅッま<0D>殺ま<F0><05>ぅ<18>ン。んぅ<18>Ｌちワ‥ナ<09><01>ナナ中。ん<10><16>ゃッま<F0><04>生く（たゃ殺ま<F0><04>生く（たぅ<04><04>ヤ世れ<0A>Ｈ生Ｕ行た生９生た<06>０<05>タ<03><00>結腕ろィ生へ生たコつ けゅらンゅらけ腕りン腕り★ けょるンゅり ツ<0B>ぅたンゅれハさぃ世れ♥<00>Ｊ<F0><07>♥<02>Ｊ<F0><02>♥<04>Ｚ生Ｕ行た生９生た<06>Ｆ<05>タ<03><00>結腕ろィ生へ生たコつ け腕もン腕も★ けゅも８<F9>ょるンゅもけょも<E9><00>ンょもぅたンゅれハさぃ世ロす。ろ）<1F><0A>ぇそＧツつＨそＦツつＨさ世Ｄツ備トなツ（トＡヌＡヌＰヌなツ<FE>テ<0C>ネオツＤツＤツＤツＤツ<19>トＤツ備トなツ（トＡヌＡヌＰヌＤツ エ００<0B>ぅ<12>ヘまふぅ<0F>ン腕ろ世者。ろＰ<0C>し腕んけら知ぃけ腕ろみ。す。ろ<09>輪ン。ろし腕んゅＷ<02>０<14>ルら知れぇし腕んぅ<00>ルる知ぅ<05>ン腕ろ<FA>世結。ろすゅろ生め生た世‥方ノ<01><F0><03>Ｌつテ エ００<0E>ゃっふ０<03> セテぅ<0F>ン腕ろ世者。ろ殺時 気テゅみふ<10><0A>すゅろ生め生たＬエトす。ろ<09>輪ン。ろ生ニ十たホむふぅ<08><04>ヤ‥ヤ）<08>み<1C>ゅ<19>ワ<0D><1A>ワみ<06>ぅ<10>ン腕ろ世生お十た結。ろすゅろ生へ生た世ぅ<00> っょ<0A>ミ時すゅん<F0><1F>し腕んけＺ結の<09>み<15>れゅまふ）<1F><0A>ぇつ そＤ<EF>たナ<18>生かホつ<FA>世すゅん<F0><FA>出知０<BBC>腕んけＺ結の殺ミ<EC>れゅまふ）<1F>ヘォゅ生備<E8>た<FA>世子<10>子<11>けゅら８<FD>ゅらー<05>に<10>Ｉ
0x02838f	15	<1A>ナ<12>け腕り８<FD>腕りー<05>に<11>Ｉ
0x02839f	152	<1A>な<12>ー<0A>ぅ<00>出<10><10><10>ぅ<04>タ<0C>の<00><F0><0C>ぅ<02>出<11><10><02>ぅ<06>ンょろ世すゅろ世 エ００<0E>すゅんみ<03>Ｌエトぅ<06>ン腕ろ世者。ろ殺<10>す。ろ<09>輪ン。ろ生ニ十たぅ<08><04>ヤ‥ヤ）<08>み<0E>生お十た結。ろすゅろ生へ生た世 エ００<0D>すゅれ）<FC>ンゅれぅ ン。ん中。んみ<03>結。ろ世 エ００<06>ぅ<0E>ン腕ろ世結。ろ世 エ００）ぅ<00>ル<1A>♥けＸ♥の
0x028472	83	み<06>ぅ<0F>ン。ろ世れ）ソぇすゅらルＷ知す腕りルＸ知<FA>ぅ<00>ル<17>♥ぅ<09> っょ）タル<18>♥、フ ヲオミ<1E> Ｄオけゅれ）<FD>ルゅれけゅろ生る生たリ、フルら知ぅ<09>ン。ろ世、フけ<17>♥の
0x0284f4	98	み<08> 生ケー<10>Ｌエト <F4>クー<08> アナー<03>Ｌエト、フけ<17>♥ノ輪み<14>中。ん０<05> <01>ワみＲ、フけ<17>♥<09>輪ル<17>♥すゅろンょろ、フすゅらるＷ知み<08>す腕りるＸ知<F0><15> <FA>ケ出<10>０<03>ンょろ、フけ<19>結石ル<19>結<10><10>ぅ
0x0286dc	143	み<0B>すゅろンょろ生へ生た世）ソぃＬセテょＷ<02>０<14>すゅらな<18>み<07>す腕りな<1A><F0> す腕らぇ<10><EC>ょＸ<02>０<14>すゅらな<18>み<07>す腕りな<1A><F0><07>す腕らぇ<10><EC><18>世ぅ<09> っょ）ソルＸ結け<17>。の<03>み<09><EB>Ｊみ<01><1A>ル<19>結世<EB>ル<19>結世 エ００<06>ぅ<01>ン腕ろ世結。ろ世 エ００！す腕りのＰぅ<00>ミ<02>ぅ♥ルＸ知すゅらルＷ知ぅ
0x02876c	37	ルＸ♥ぅ<00>ル<1A>♥Ｌヒトけ<1A>♥みＪ、フすゅら<F0><0D>の♥ー<09>す腕り<F0><04>の♥ミ<1C>ぅ
0x028792	45	ル<1A>♥すゅろ生へ生たすゅれ<09><02>ンゅれぅ輪ン。んＬ力ロけ<18>♥<10><05> Ｎニタ<03> やト、フけ<17>♥の
0x0287c0	18	み<03>結。ろ世中。んみ<FA>結。ろし腕んぅ
0x0287f7	483	ねけ★ンへそまみ<F7>フそま<EE>せまコぅ<FE>ル）リ世 エ００）ぅ<08>ル<19>結ぅ<00>ル<17>♥ル<18>♥ル<19>♥けら知ぃけゅろ生る生たすゅろ生へ生たワカまワキま世け<17>♥みＶけ<19>結石ル<19>結み<F1>ぅ<01>ル<17>♥ ーをル<19>結し腕んぅ<00>ル<18>♥ぅ<03>ン腕ろ <08>ぁー<17>し腕んぅ<01>ル<18>♥けら知ぃぅ<0A>ル腕ろ子<18>子<19>タ<10> ふぁつ ‥<18><18>ュカまヘカま★  シノれ カハ<FA>世けら知ぃけ腕ろみ<BBC>腕んけ<19>♥<10><04>結。ろ世け<18>♥み<1B>ぅ<01>ル<18>♥れせら知し腕んけ<19>。Ｊぅ<04>ミ<02>ぅ<11>ン腕ろ<FA>世け<19>♥みＣれせら知し腕んけＷ。<19>Ｘ。の<01><FA>ミ１し腕んけ<19>結石ル<19>結<F0><03>ＬＴネゅカま<0D>キま<F0><1A> きノミ<15>し腕んぅ<01>ル<19>♥ル<18>♥けら知ぃぅ<14>ル腕ろ世すゅろ生へ生たれし腕んせら知し腕んぅ<05>ン腕ろぅ<00>ルる知けＷ。<19>Ｘ。<F0>者結腕ろゅカま<0D>キま<F0>１ぅ<13>ン腕ろすゅろ生へ生たつ ゅカまるル知ミ<03>ルル知★ け<17>。の<04><F0><0F>けら知ぃけゅろ<18>ゥ<04>）<06>ンょろ<FA>し腕んぅタル<19>♥世れぅ<00> っょ）<18>ＪＪＪナ<10>「<00>つ ‥<18><F0><09>「<04>の<14><00>ミ<02>「<08>★ ハ<18>今<10>ぇそぉノつ生（<1E>た<FA>世出<10><03><03><08><10><0E><0E>十<10>２２ぅ<08> っょナ<10>の<01>ミ<0F>ロ石<0A>ぇそもノつＨそめノつＨさ世→ノ★ノ<F0>ノ<F4>ノ
0x0289db	403	ノ<03>ハ<19>ハ<1D>ハ♥←タ<02>♥たぅ<0B>ヘまふぅ<01>タ６♥←タ<02>♥たぅ<0C>ヘまふぅ<02>タ力♥←タ<02>♥たぅ<0D>ヘまふぅ<03> 力ハミ<07>し腕ん Ｆ♥８世♥←タ<02>♥たぅ<0E>ヘまふぅ<04>ヘ★まト<11>生６<1D>たな<11>ミ<0E>れし腕んせら知 Ｙハー<03><FA><18>世し腕んけ<17>。み<AAD>★まル<17>。ぅ<03>ル<18>。<FA>８世し腕んけ<17>。<F0><02><18>世 ぇぁの<04>ー<F7>れぇ生６<1D>た物。♥つ<FA>世し腕んハせら知し腕んルら知つ ‥<18>ルラ知るル知ミ<03>ルル知けＷ。８★<18><10><03>ぅ<00><00>ルＷ。ナ<18>★ せＹ知０<1D>‥<18>ン<09>ル‥<19>ン<0A>ルす）リの<09>み<0C>つ ‥<18>ルＹ。ン<0B>ル★ 世ロ）？<0A>ぇシまハ<19>ヒ<FD>ハ<1A>ヒはヒ<13>フっヘ<B92>５ム<08>ヘＣヘをユぉフェヤケヤ子ヨ者ム★ヘ<EB>ヒ知ミきミふミふヘはフ よ<09>０<0F>ぅ ン。んすゅろ生へ生たＬツ<0B>中。んみ<03>結腕ろ世 よ<09>０８ ヘヒしゅろつ 結腕わけけシ<18>スゅらナ<18>けきシ<18>ス腕りし腕んル<19>知‥<18>ル<17>知★ すゅろ<18>ゥ<08>生へ生た ワ石 ぁ石生<05>腕たつ す腕わ<18>スゅや<18>ス腕ゆン腕わ<10><04>Ｉ
0x028b70	55	<1A>の<00><10>ミ<14>し腕んけ<17>知ンゅらけ<19>知ン腕り★ 結腕ろＬツ<0B>生<E7>生たし腕んけＸ結ぅ<08>ナ<10>すゅろ）<02>み<0E>つ ‥<10>）
0x028ba8	13	<00><EB>Ｊンゅやタ<0C>つ ‥<10>）
0x028bb6	648	<00><EB>Ｊン腕ゆ★ すゅろの<04>ミ<04>生Ｘ。た世 よ<09>０<13>すゅれ）<FC>ンゅれすゅろ<18>ゥ<18>生め生た世すゅめみ<03>結腕ろ世 よ<09>０<08>ぅ<0E>ホもふＬっ「‥ユ<1A>み<03>結腕ろ世 よ<09>０ィぅミタ<10> よ<09>０方ぅ♥タ<07> よ<09>０ＶぅたＨしゅよつ け<16>！ヘ出！<1A>ヘＤ！★ れ生、<1F>た<FA>ぅ<10>ヘＬ十<0A>ヘ闇十ィナメぅ<0E>ンゅよし腕んけラ知<19>リ知み<0C>ぅ<0B>ン腕ろすゅ中ンゅよ世ぅ<18>ン。んすゅろ<18>ゥ<10>生め生たぅ<00>Ｌメヨ中。んみ<1F>すゅ中ンゅよ ツ<0B>結腕ろすゅろ生へ生たすゅん<F0><06>れ生<0B>知た<FA>世生６<1D>た）<01>備腕もン腕も生６<1D>た）<01>備ゅもンゅも世 よ<09>０<11>すゅろ生へ生たぅ０ン。んぅ<02>Ｌメヨ中。んみ<03>結腕ろ世 よ<09>０<0B>結腕わぅ<18>ホもふＬっ「‥ユ<1A>み（す腕わみ<14><FE>腕わすゅろ生へ生たぅ０ン。んぅ<02>Ｌメヨ中。んみ<0A>ゃ来<F2>生く（た結腕ろ世‥方Ｊミ<04>ぅ<00>タ<03>ゅまふ）<1F><0A>ぇシ<1B>ヘ<0A>ブフ<13>フョヘ<13>フ<13>フ<13>フ<13>フ<13>フ<13>フ<13>フ<13>フ<13>フ<13>フ<13>フ<13>フ<13>フ<13>フ<13>フ<13>フ‥方Ｊミ<04>ぅ<00>タ<0B>ゅまふ）<1F>の<08>ミ<02>ぅ<00><0A>ぇシ闇ヘ<16>ホ<16>ホ<16>ホ<16>ホ<16>ホ★ヘ<16>ホ<16>ホ<FB>ヘ よ<09>０兵し腕んけラ知<19>リ知み<06>ぅ<0B>ン腕ろ世すゅろ<18>ゥ<10>生め生た結腕わぅ<0B>Ｌ界ホ‥ユ<1A>み<13>す腕わみ<06><FE>腕わＬＣフ中。んみ<03>Ｌシフ世せ腕んすＺ結の<09>み<03>Ｌ<FB>ヘする知<0A>ぇシとヘ<E6>ホ<16>ホ時ホ<FB>ヘ よ<09>０命し腕んつ ぅ<00><00>ルラ。★ ぅ<18>タＪ よ<09>０Ｋし腕んつ ぅ<00><00>ルラ。★  ネホぅ<13>タ１Ｌ★ヘ よ<09>０気 Ｚマぅ思生石<1E>たぅ７生（<1E>たぅ<13>タ<16> よ<09>０<17> Ｚマ ネホぅ<05>タ<07> よ<09>０<08>ぅ<06>ホもふＬっ「‥ユ<1A>みＰ結腕ろし腕んぅ
0x028e3f	19	ル<17>結けＹ知０出ぃれＺフそま生６わた♥
0x028e53	19	ねけ★ン０<0B>へそまみ<A8C>そま<EE>せまコぅ
0x028e67	917	ル）リ<FA> ぁホ<EE><1E>ン ワ石生た（たしゅんけＷ<02><10><04>生<1C><1E>たＬ<0F>今世ぅ<00> っょ♥１のター<0D>♥<14>）<03><F0><07>♥（石み<02>♥<15>リ生（<1E>た<18>世れし腕んつ けラ。生めホつ<FA>世つ ゅ<19>ワ８★<18><F0><02>ー<04><18>ぅ<00><00>ヘ<19>ワナ<18>★ ォつ ‥<18><18>ュ<19>ワの<0F>力ミ<03>ぅ<0F>力ヘ<19>ワナ<18>★ ォ よ<09>０生ホもふつ ぅニ<01>ヘ出！ワＤ！★ 生、<1F>たょもふ Ｚマ ネホぅ<1A>Ｌっ「‥ユ<1A>みＧ者腕ろ殺石す腕ろ<09>輪ン腕ろぅ<01><14>トぅ<0A>ン腕みぅ<14>ン。みぅたンゅれすゅろ生め生たつ ゅサ<F2>ン腕もゅス<F2>ンゅも★ ぅ<0E>ンゅよＬお、すゅめみ<03>Ｌ７ホ世ぅ<10>Ｈ 今マィ石み<F8>世生子行たーュれさ生９生た<06>者<06>タ<03><00>ぅ<08>ン腕ろぅ<03>ンょや生６<1D>たナ<10>ンゅや<0A>ミ<04>生闇。たぅ<03>ン。ゆ生６<1D>たナ<11><0A>ミ<04>生ォ。た‥モ）<03><0A>生め生たロ<FA>つ ‥<10>）<1F><00><18>ス腕も８<E9><10><00>ル腕も‥<11>）<1F><00><18>スゅも８<E9> <00>ルゅも★ ぅタルゅれ<18>世ホ<BC3>ぅ<18>Ｈ <EA>マィ石み<F8>ょ<BC3>世生６<1D>た）<0F>ぇそマミつヘ<F7>て生Ｕ行たー<EB>生９生た<06><14><05>タ<03><00>生６<1D>た）ソゥたンゅやミ<03><FE>ょや出モ<10><04>生闇。た生６<1D>た）ソゥたン腕ゆミ<03><FE>。ゆ出モ<10><04>生ォ。た生６<1D>た<0A>ンゅゆぅ<05>ゥ<00>ンょゆぅたンゅれぅ<03>ン腕ろつ ゃ<BC3>けゅらンゅらけ腕りン腕りぅ<10><00>ンゅり★ け腕よン腕よけゅよンゅよゅ<F7>て<18>ケょんンょん生６<1D>たＪミ<05>ぅ<02>ンゅみＬツ<0B><00><00><01><01><08><08><09><09><10><10><11><11><18><18><19><19> よ<09>０<0A>ぅ輪ン。んぅ<03>Ｌメヨ中。んみ<03>結腕ろ世 よ<09>すょろ）ソんゅろみ<07>生へ生た結腕ろ世 よ<09>０２し腕んけ<17>。<F0>Ｘの<05><F0>Ｔ結腕わ結。わつ ぅ<06><16>ヘ<A25>ぅ<08><16>ヘ<F7>時ぅ<0A><16>ヘ<F9>時ワオ手ワキ手ワケ手★ 世す腕わみ<1D>れ生オ２た<FA>ー出し腕んけ<17>。 ゃチリン。わぅ ン。ん<FE>腕わ中。んみ<0A>し。わ生く（た結腕ろ世 よ<09>結腕ろ世 よ<09>０何つ ぅ<06><16>ヘ<A25>ワオ手ぅ<08><16>ヘ<F7>時ワキ手ぅ<0A><16>ヘ<F9>時ワケ手★ 結腕わ結。わすゅれ）<FC>ンゅれぅ<02>ン。んすゅろ<18>ゥ 生め生た世れ生オ２た<FA>ー<F7>す。わ<F0><03>Ｌ<13>メ中。ん<10><EA>ぅ<02>ン。ん界まふ０兵れゅまふ<0A>ぇつ そ。メつナ（★ ぅつナ行<FA>し腕わ<FE>腕わき（<10><0D>の<FE><F0>ＲぅＲン。ん<FE>。わ世れＨ生Ｕ行たミ<03>ィ<FA>世生９生た<06><16><04>タ<02><00>ィ生め生たぅたン。わロ<FA>つ すゅらルゅらす腕りン腕りすょる）
0x0291fd	96	<00>Ｊルゅり★ ハル腕わぅたルゅれぅ<05>ル腕ろ世中。んみ<15>すゅろ<18>ゥ 生め生たすゅれ<09><01>ンゅれ結腕ろ世Ｔメ大メィメイメスメノメマメヤメルメ。メぃメーメこメとメひメむメわメ\nメ<ED>メ<0C><12><1E><0A><FE><04><02><14><14>
0x0292f6	9	 よ<09>０ッれ「<0F>ぅ
0x029300	70	ンっふ結そふは<10><F7><FA>ワめふワまふホむふ結腕わ結。わ結ゅわ結ょわれ生Ｕ行た生９生た<06><12><05>タ<03><00>ゃＷ<02><10><01>ロつ けゅらンゅらけ腕りン腕りけょる）
0x029347	200	<00>ンゅり ト<0B>結腕ろぅたンゅれハ<FA>ンゅわリン腕わすゅろ<18>ゥ 生へ生た世す。わみ<06>れ いモ<FA>世０<1E><09>タン。われすゅわぇ生た（た生Ｋコた<0E><00><01><04><1C><01>生４サた<FA>世つ ゃっふけ腕もヘやふけゅもヘよふけょるヘりふ★ 結腕ろ世‥者ノタ<F0>時♥<06>す腕わるっふ<F0><1A>ネ<10><F8>ゃめふルっふ<EE>めふ生Ｋコたゥ<00><01><04><1C><01>生８サた世ノ０<F0><0F>ゃまふノ<10>み<02>ネネねフまふタ中‥何ノ<0C><F0><12>♥<08>ノ<04>み<02>♥<F8>リ<18>ュまふヘまふタにノ輪<F0><0F>♥<07>ぅ
0x029410	126	ルっふネ<10><FA>ワめふタうし腕わノ<01><F0><0A>け腕ら<10><17>ゅＷ<02>タ<12>ノ<02><F0>腕け。ら<10><09>ダぃけ腕ら<10><FA>リン腕わぃすゅわぇつ けゅらンゅらけ腕りン腕りけょるンゅりＬト<0B>ノ<10><F0><08>ゅっふ０<03><FE>。わ世 よ<09>０<01>世すゅめみ<03>結腕ろ世 よ<09><10><03>ＬＴユ生<E7>生たし腕んつ けＷ知）
0x0294af	611	<1A>ナ<1A>★ <18>今<18>ン。んン腕わつ ‥<18><F0><18><EB>マ<04>Ｂ<00>★ す。んマ<06>Ｂ<00>ＨＨィィつ っ<14>Ｂ<00>ンゅや‥<1A><F0><18><EB>マ<04>Ｂ<00>★ す。んマ<06>Ｂ<00>ＨＨィィつ っ<14>Ｂ<00>ン腕ゆ出<1C><10><04>生闇。た出<1E><10><04>生ォ。た★ す。んマ<02>Ｂ<00>ぅ マ<03>Ｂ<00>‥<18>な<1A>ミ<0A>ぅ<00>出<1C><10><0C>ぅ<04><10><08>ぅ<02>出<1E><10><02>ぅ<06>ンゅろンょろ生へ生たつ っ<16>Ｂ<00>Ｊンゅゆ★ 結。わ<FE>。わ大腕わ世す。わ<F0><0E>子<1C>子<1D>ぅ←生う腕た生<01>腕た子<1C>子<1D>ぅ←生う腕た生<01>腕たすょり<10><06>結ゅり結ょり中腕わみ<1E>結腕ろ結ゅり結ょりし腕んけＷ知ル<17>知ンゅらけＸ知ン腕りル<19>知Ｌツ<0B> よ<09>０<1E>し腕んけら知ぃけゅろ<18>ゥ<04>）<06>ンょろ結腕わ結。わぅ<10>ン。ん世す腕わみ腕中。んみ<AFE>腕わ生<E7>生たぅ<03>生<1F><1D>た<1A><0A>スゅろ）<06>ぃけ」シ<0A>ンょやけゅシ<0A>ン。ゆぅ<04>ン。んす。んみ４し腕んけら知ぃけゅめみＷ<FE>。わつ ぅ<00><00>８<FD>ゅやの<00>タェンゅやぅ<00><00>８<FD>腕ゆの<00>タェン腕ゆ★ ぅ<08>ン。ん生<05>腕た ツ<0B>中。んみ兵す。わ<F0><1E>し腕んつ し腕んけ<17>知ンゅらけ<19>知ン腕り★ ぅ<0B>ン腕ろＬツ<0B>世 よ<09>０<05>ぅ０ン。ん中。んす。ん）<03>み<11>すゅろ<1A><1A>）<06>ンゅろンょろ生め生たす。んみ<03>結腕ろ世ホ<AC3>ロ ンヨょ<AC3>世<0A>ぇシ「ヨょヨぇヨ者ラキラぅ<01>タ<02>ぅ<02>ヘ<F8>てぅ<06>ヘ<F9>てぅ ヘ<BC3>せ腕ん♥<00>すラ知ヘャソワュソワョソの<0A>ミ<0B>ねの子ミ<06>ぅ出ヘ<BC3>ねＺ生Ｕ行たーＳ生９生た<06><10><06>タ<02><00>ゅ<F9>てンゅよ生ァヨた<0A>生へ生たゃ<AC3>つ けゅらンゅらけ腕りン腕りけょる）
0x029713	81	<00>ンゅり★ リン腕わゅ<BC3>ン。わ８<E9><0C>ヘ<BC3>ゅ<F8>てン腕ろ リリぅたンゅれコネ<10>「世生Ｕ行たー４生９生た<06><10><06>タ<02><14>結ゅよゃ<AC3>つ けゅらンゅらけ腕りン腕りけょる）
0x029765	224	<00>ンゅり ト<0B>ぅ<04>ン腕ろぅたンゅれ世ワョソょ<AC3>し腕ん「<00>つ けラ知ヘャソの<0A><00>ミ<07><E8>の子<00>ミ<01><E8>★ ホ<BC3>そ<00>リつヘ<F7>てワ<F8>て生Ｕ行たーＴ生９生た<06><10><06>タ<03><00>ぅ<04>ンゅよ生ァヨた<0A>生へ生たゃ<AC3>けゅも８<F9>ょるンゅもけょも<E9><00>ンょもつ け腕も<18>ュ<F7>てン腕もゅ<F7>て８<E9><08><00>ヘ<F7>て★ ぅ<01>ン腕ろぅたンゅれほ<BC3><10>を世<00><00><04><08>ょＹ<02>０<03> <11>リょＺ<02>０<0E>す腕ろ<F0><03>  リす腕らぇ<10><F2>世ロ）？<0A>ぇシ（リ石リＲリエリれリ<FA>リＹル者リニルＷレさ世 よ<09>０時つ ぅ<00>
0x029846	21	ン腕ゆ★ ぅ<10>ン。んタ<14> よ<09>０<0F>つ ぅた
0x02985c	105	ン腕ゆ★ ぅ０ン。ん生キ界た中。んみ<04>生た（た世 よ<09>０<08>ぅ<10>ン。ん結ゅわす。わ<18>ゥ<10>ン。わ リリ中。んみ<05>ぅ<06>ン腕ろ世生<E7>十た つリし腕わ<18>ケゅらンゅら★ す。わ生★十た つリし腕わ<18>ケ腕りン腕りＬト<0B>つ ）
0x0298d9	1057	世さつ ぅ<00><F8>ナ<1C>★ ぅ♥生。。た生<01>腕たすょり<10><04>生た（たＬツ<0B> よ<09>０<19>生<E7>生たぅ<03>ン。んつ すゅりン腕わぅ<00><05>ンゅゆ★ ぅ<FA>ナ<1D>子<1C>ぅミ生。。た生も界たすょゆ<10>力つ すゅりん腕わー<1D>す腕わンゅりぅ<00><00>８<FD>ゅゆＪンゅゆ★ 中。んみ<05>生た（た世★ Ｌツ<0B> よ<09>０<0E>生<E7>生たぅ者ンゅゆぅ輪ン。ん生も界たす。わ８<E9><07>ン。わ リリ中。んみ<04>生た（た世 よ<09>００結ゅわす腕よ<10><1D>）ソン腕よつ す腕も８<ED><00><04>ン腕もすゅも８<ED><02><04>ンゅも★ 生６<1D>た）<1F>ゥ ン。んすゅわみ<0C>中。ん０<01>世<FE>ゅわ結。んすゅれＩ輪ンゅれつ す腕も８<E9>０<00>０<0B>ぅ<00><FC>ナ<18>★ ぅミタ<09>ぅ<00><04>ナ<18>★ ぅ殺生れ腕たつ すゅも８<E9><0C><00>０<0D>つ ぅタ<FC>ナ<1A>★ ぅタタ<09>ぅタ<03>ナ<1A>★ ぅタ生<04>。た生ウ界た中。ん<F0>（つ す腕も<18>ゥ<0A><00>８<E9>０<00>０ の<14><00>ー<1B>すゅも<18>ゥ<08><00>８<E9><0C><00>０<0E>の<10><00>ー<09>★ 結腕ろ生た（た★ 世 よ<09>０<10>生<E7>生た生６<1D>た）<1F>ゥ ン。ん世者腕ろ殺Ｒ中。んみ<ABD>腕ろ<09>輪ン腕ろぅ０ンょよぅたンゅれ生６<1D>たンゅやぅ<02>ンょや出モ<10><04>生闇。た生６<1D>たン腕ゆぅ<02>ン。ゆ出モ<10><04>生ォ。た生６<1D>たつ ）？<00>ス腕も８<E9> <00>ン腕わつ す腕も８<FD>腕わ０<0B>ぅ<00><F9>ナ<18>★ ぅたタ<09>ぅ<00><07>ナ<18>★ ぅ輪生れ腕たつ ぅ<00><F8>ナ<1A>★ ぅり生<04>。た生ウ界たすゅれＩ輪ンゅれつ すゅも８<ED>ァ十<18>ゥ <00>★ <10><04>生た（た世れ テロ生<F8>コた<0E><00>生４サた<FA>世れし腕んけＺ結ヘュゅ<0A>ロぇそヨいな<1F>ヨいな<F0><17>さ Ｗロ<EE>Ｌソ<EE>Ｍソ<EE>Ｍソ生<F8>コたＨ<00>生！サた<FA>世 テロ生<F8>コた？<00>生８サたゅ<00><F0>８<ED>Ｌソナヲゅ<01><F0>８<ED>Ｍソナァ生へユたゅ<02><F0>ン<EA>ソ★０世つ す腕もＪＪＪ★ ぃ０<02>み<04>ぅ<01>タ<06>の<1E>ミ<02>ぅ<1E>ヘ<00><F0>ワＬソゅ<00><F0>８<E9><05>０<09>の<14>ミ<02>ぅ<14>ヘＬソすょるＪＪＪ<18>ゥ<05>ナ<10>すゅもＪＪＪぃ８★<10>０<04>の<04>ー<0F>リ<1A>ヘＭソベ<F0>ぅ<1E>ヘ<02><F0>タ<14>の<12>ミ<02>ぅ<12>ヘＭソ<18>ゥ<03>ベ<F0>ぅ<1F>ヘ<02><F0>ぅ ヘ<03><F0>ぅ<0C>ヘＮソぅ<04>ヘＯソ世れ <0A>ワ<FA>すょわ世すゅらＨす腕りＨすょわ０来<09>タンょわすゅらン腕わす腕りン。わぅ<16>ナトぅ<01>ナナ<1A>ナネナノ <FA>ケ出<10><10><04>ぅ<18>タ<07><18>ゥ<10>に<10>み<03>結ょわフ<F1>て ちワタ思ゃ<F1>てけけシ<18>ス腕わン腕わンゅらけきシ<18>ス。わン。わン腕り ツ<0B> ヲオミ<07> Ｄオ、<10>タ<07> <FA>ケに<10>み<03>結ょわＺ ぉワコフ<F1>てィン腕りィンゅらＬツ<0B> 子<0B>ぅ<1A>Ｌむワ 子<0B>ぅ<18>Ｌむワリへ<F1>て<F0><10>石石）<06>へ<F1>て<F0><05>石石）<06>８ゥ<07>Ｈつ す腕もナ<18>すゅもナ<1A>★ ィれ ★ワ生<1B><1C>た<00><00><00><07><F1>っゼタ<FA>世れ<0A><0A><0A>ぇつ０‥<18>）<F0><01>８<E9><10><00>ナ<18><10><08>の→
0x029e75	310	<FC><F3>ま？‥方Ｊミ<0E>し腕んぅ<00>ルる知ぅ<05>ン腕ろ世ロゅみふ）<1F><0A>ぇそ、結つＨそ」結つＨさし腕ん世物結物結物結物結物結<E8>結<1F>知テ知せ知ぬ知<EE>知<B9F>１♥９♥５♥<F2>知言♥キ♥ふ結<0E>知<0E>知ぅ<10>ン腕ろし腕んつ ぅ<01><00>ルＷ。★ 世 ワをぅ<08>ン腕ろ世生６<1D>た ぇぁの<04>ー<1B>れぇ生６<1D>た物<1C>知つ<FA>ミ<0E>し腕んつ ぅ<00><00>ルＷ。★ 世し腕んぅ<00>ルラ知ルリ知タぬ<00>タた←け<17>。の<05>み<03>Ｌ<01>知れゃむふ ッぁ‥<18>ＪＪ生<1F><1D>た ぇぁぇそソ知つ<F0><03><18>今モナ<18>子<19><FA>し腕んつ ‥<18>ルラ知<18>ケＷ。るＹ。ミ<0C>けＹ。<F9>Ｗ。ルラ知けＹ。れ ンハ生<0B>知た<FA>ぅ<12>ン腕ろぅ気生（<1E>た世ヌＱ腕<12><00>し腕んぅ<00>ル<17>。けら♥ルラ♥けり♥ルリ♥ける♥ルル♥けれ♥ルレ♥れけＺ結つ０）
0x029fac	270	<00><0A><0A><0A>ぇそカょな★０<FA>ンゅよンゅ中世し腕んぅ<00>ル<19>。世ぅ<01>ナ<10>し腕ん‥<10>ル<19>。 ぇぁし腕んの<00>み<06>ル<19>。Ｌ<0F>知<1A>の死ミ<02>ぅ死ル<1A>。世ぅ<02>タらぅ<08>タもぅ<01>し腕んナ<10> ぇぁの<04>ー手れぇ生６<1D>た物。♥つ<FA>ミ<19>し腕ん‥<10>ル<17>。ぅ<03>生<1F><1D>たゥ<02>ル<18>。ぅ<14>ン腕ろ世Ｌ<0F>知<00>輪タたぅ<02>タてぅ<04>タそぅ<03> <F9>知け<17>。の<03>み<1C>けら♥Ｊルラ♥けり♥Ｊルリ♥ける♥Ｊルル♥けれ♥Ｊルレ♥世ぅ<05> <F9>知け<17>。の<05>み<08>ぅ<0A>ンゅよンゅ中世すゅんみ者し腕んけＺ結ヘュゅ ぇぁの<04>ー界れぇ生６<1D>た物。♥つミ<1F>♥<08>ネ０<1A>けえま<10><F8>ゅュゅルえま<FA>ホしまぅタヘ→まぅ<15>ン腕ろ世<FA>ぅ
0x02a0bb	41	ヘしまぅ<16>ン腕ろ世ゅまふ）<1F>ぇそラ「つ０<03>Ｌお「世‥ユ<1A>みＣゅまふ０気<09>タヘまふぅ
0x02a0e5	397	ヘユ<02>ワ←ふワ→ふワょふつ ワそふワちふワてふワなふワぬふワのふワひふワへふ★ ゃ←ふせっふホもふ<10><05>ぅ<08><14>ヤ世界まふＰ。す腕ろみ（けそふノ輪み<16><09>輪ルそふし腕んけＷ。<19>Ｘ。み<06>ぅ<09>ン腕ろ世ゅまふ）そヘまふ<EE>←ふ世‥方Ｊミ<07>つ ぅア「タ４ゅょふみ<0D><EE>ょふゅ<E9>まノ み<03>Ｌと♥けそふ０<10><09>タルそふゅまふ）<1F>ヘみふ そ。ゅみふ）？<0A>ぇつ そＧ「つナ（★ ぅつナ行ゅ<E9>まノ み<0F>ゃ→ふ<EE>→ふき（０<05><0A>ぇシこ「ワ→ふゅまふ<09>輪ヘまふょもふＬケ結ゅみふの<12><F0>（の<08><F0>出し腕んけ<19>。の<02>み<06>ぅ<13>ヘみふ世ロゅみふ<0A>ぇそ<F0>。つＨそ<EF>。つＨさし腕ん世<15>「<15>「<15>「<15>「<15>「<15>「<15>「<15>「生「生「生「兵「力「十「気「生「３「Ｅ「<14>「世け<19>。の<02>み<05>ぅ<0A>ヘみふ世世ぅ<01>タ<0E>ぅ<02>タ<0A>ぅ<03>タ<06>ぅ<04>タ<02>ぅ<05>る<17>。<F0><0A>け<17>。<F0><05>ぅ<14>ヘみふ世世ウ「オ「カ「ク「ケ「サ「シ「セ「タ「ツ「ニ「ネ「ハ「フ「ホ「ミ「モ「メ「ユ「ト「ヨ「<00>
0x02a2af	484	れ お「<FA>世<0A>ぇシこ「<F2>「<FC>「<01>」<0E>」十」？」Ｆ」Ｍ」Ｚ」今」イ」キ」ホ」ル」か」ち」わ」\n」<EA>」<F7>」<FE>」<0B>、<18>、時、２、Ｋ、今、ャ、ゅまふ）？ナユＬセ、ぅ<00>Ｌケ、ぅ<0B>生（<1E>たぅ<01>ナユＬケ、ぅ<18>生（<1E>たょもふし。れぅ<02>ネ０<07>ぅ<03>ネ０<02>ぅ<04>ナユＬセ、ぅ者生（<1E>たぅ<05>ナユ セ、すょるヘりふ世ぅ<06>ナユＬケ、ぅ<07>ナユＬケ、ぅ<04>生（<1E>たぅ<08>ナユＬセ、ぅ<14>生（<1E>たぅ<09>ナユ世ぅ<1A>生（<1E>たぅ<0B>ナユＬセ、ぅ<0A>ナユ世ょもふし腕れぅ<0C>ネ０<07>ぅ<0D>ネ０<02>ぅ<0E>ナユＬセ、ぅ？生（<1E>たぅ<0F>ナユ世ぅ思生（<1E>たょもふし腕れぅ<10>ネ０<07>ぅ<11>ネ０<02>ぅ<12>ナユＬセ、ぅ<18>生（<1E>たぅ<13>ナユ世ょもふし腕んけ<17>。の<05>み<07>ぅ<15>ナユＬセ、ぅ<14>ナユＬセ、ぅ<15>ナユＬセ、ぅ<16>ナユＬセ、ぅ輪生（<1E>たぅ<17>ナユＬセ、ぅ<18>ナユＬセ、ぅ行生（<1E>たぅ<1F>ナユＬセ、ぅ輪生（<1E>たぅ<1E>ナユＬセ、ぅ３生（<1E>たぅ<1C>ナユＬセ、ぅ３生（<1E>たぅ<1D>ナユＬセ、ぅＡ生（<1E>たゅしま<10><07>ぅ生ナユＬセ、ぅ<19>ナユＬセ、ょむふゃもふ セテ生へ生たぅ来生（<1E>たぅ ナユＬセ、ぅ！ナユＬセ、ぅ３生（<1E>たぅ<1B>ナユＬセ、ょむふタ<03>ょもふつ す腕もヘやふすゅもヘよふすょる）
0x02a494	113	<00>Ｊヘりふ★ 世へヲ時ー<03>ヘヲ時へァ時ミ<03>ヘァ時生<FA> たぅタナＫ世ゃＷ<02>０<03> つ、ゃＸ<02>０<10>ぅ ルょよぅ<04>ル。よけ腕らぃ<10><F0>世ゃＷ<02>０<03> ←、ゃＸ<02>０<1B>つ ‥出るゅも★ ー<0A>ぅ０ルょよぅ<06>ル。よけ腕らぃ<10>★世 <00>‥ォれゅいへの
0x02a506	75	み<02>ぅ<00>ヘうへ生ヒ‥つミ<03> 十‥ワぇへゅ<12>ロ<F0><0B>生６<1D>た）<0F>み<03><EE>ぇへ<FA>世ょュ十つ そ石してナ（ゅゅらＪＪＪＪナ<10>ゅ腕りＪＪＪＪ★ ナ<11>ぅてナ行ぁ（の
0x02a552	200	<F0>６‥<10>ぬ（ミ<0D>‥（<18>ゥ<06>ナ（ミ<EB><E6>）タ<E7>♥<01>ら（ミ<ED>ね‥<11>ら（ー<E6>ねら（ミ→ねつ き（ナ（★ ゃ<12>ロき（ヘうへ世ぅはナ行つ っ<12><00>はナ（ゃョ十き（ナ（★ ゃけレき（０<05>ヘぅへ<18>ォれょュ十ぅ<EF>ナ行つ そＬん<EF>ナ（ゅ<19>知）<F0><0F>ＪＪＪぃき（ナ（★ ♥<00>「<00>き（<10><18>）？ナ<10>き（）輪<F0><03>ねき（知生<EF>ソ<E8>に<10>み<F7>タ<05>知生<EF>ソ<E8>ね★闇ミれつ ゅ<17>知ＪＪＪＪ★ ぇそ生<EF>ソぇそ<11>をつ<FA>ヘぅへ８ォ<02><00><01><09>「<0E>つ ぅ
0x02a61c	60	結かへンよへはは<10><BE2> ょＸ<02>０ュ子<10>ぅなナ行つ す腕も８<ED>ヌ十の<01><01>ーＦすゅも８<ED>ノ十８<E9><08><00>の→<00>ー６し腕んけＺ結）
0x02a671	35	テＩ<00>タ、<10>ルかへ‥<00>ルよへねねト<10>た<0A>ー<06>す腕らぇ<10>ぃ★ ‥<10><F0><07>ぅ
0x02a70d	49	ナ<11>し腕んせら知し腕んけ<17>。の<02><F0><0B>の<04><F0><07>ト<11>けル♥ナ<10><FA>し腕んけル♥な<10>ー<1F>‥<10>８<F9>ル♥つ ）
0x02a80e	123	ナ<18>世 <BA7>れし腕んせら知し腕んけリ♥ナ<1A>子<1B><FA>け<19>。）<01><F0><05>子<18>子<19>世れ生★。たつ ‥<00>の<00><08>ー兵‥<00>ナ<1A>★ 生ノ。たつ Ｆ<02>ヲ<00>Ｆ<02>ヲ<00>‥<02>の<00><01>ー<08>‥<01>な<18>ー<02>ナ<18>★ <FA>世れ 思カ８ゅ<14><F0>０<1D>「<00>♥<00>け<14><F0>０<08>ンっふねね<E8>タ<F3>ハ生<1F><1D>たぃぅ
0x02a88a	80	ルーふ<18><FA>世ゅＴ<F0>０？<09>タヘＴ<F0>生<1C><1E>たワ<E8>まワすまゅＷ<02><10>十ゅさま０<05>ほすまタ！‥ヤ） み<1B>出知０<17>ゅ<12>ロの<0D>ー<10> Ｋぉー<08> <01>ぇゅＵ<F0><F0><03><EE>すまゅすま<F0><1D>の
0x02a8db	22	<F0><19> ツぉゅすまみ<10>ぅ<13>生（<1E>たぅ<0B>ヘカ<02>ぅ
0x02a8f2	16	ヘ<E8>ま世ゅ<E8>ま０<03>Ｌ時ぅゅすまの
0x02a903	194	み<10>ワすまゅ<12>ロの<0D>ー→ぅ<10>ナカタろぅ<01>ヘ<FA>て‥ヤ） <F0><04>ぅタ<14>世世ゅ<E8>まみＦゅＺ<02>０<14>出知<10>者子<10><E6><10>ぃけ腕ら<10><F8>‥<10>の<09>ー界出知<10>ス<EE><E8>まゃゅよつ け<16>！ヘ出！ワＤ！★ 生、<1F>たぅ<0E>ヘゅよワ闇十ぅ ヘＬ十ぅ♥ナメ世ゃＬ十ゅ闇十みＢリみＮゃ★ま<F0>１つ リ<18>ュほンの<E7><03>ミ<03>ぅ<E7><03>ヘほンリ<18>ュ時ルへほンミ<03>ゅほンヘ時ルヘ力ル★ 生<18>わたぅＣ生石<1E>たぅ ヘ闇十ぅ♥ナメた ミ<0B>ゅゅ中ヘゅよぅ
0x02a9c6	63	ヘ<E8>ま世ゃ★ま<F0>１つ リ<18>ュほンの<E7><03>ミ<03>ぅ<E7><03>ヘほンリ<18>ュ時ルへほンミ<03>ゅほンヘ時ルヘ力ル★ 生<18>わたぅ手生（<1E>た世れ「<10>ぅ
0x02ab6e	206	ヘ）ン８世生６<1D>た）<07>ゥ<04>ヘ<1F>ンワ<1E>ンォゅすま０<1B><09>タヘすまつ ぅ<10><05>ヘ<EB>時ぅ<12><05>ヘ<ED>時ワォ手ワュ手★ 界すま殺<1D>生オ２たー<16>ゅすま<09>輪ヘすま生Ｕ行たー<08> ８ゃほＵ<F0>み<F2>世子<00>ょＷ<02>すょれ０闇つ ぅ<00><FA>ナ<1C>★ ぅた生。。た生も界たすょり<10>？結ゅり結ょりすょれ<F0><18>中。んみ気<09>タンょれぅ ン。みすゅみ生め生たタ<1E><FE>ょれぅ<10>ン。んぅ<10>生（<1E>た生コ。たつ 大ゅゆ大ゅゆ★ <E6><00> ツ<0B>す腕らぇ<10>ル‥<00>み<03>ワすま世れ「<0F>ぅ
0x02ac3d	164	ンＶ<F0>ンヲ<F0>は<10><F7>♥<00>ょＸ<02>すゅらルＶ<F0>す腕りルヲ<F0>ねす腕らぇ<10><ED>ょＷ<02>０<13>すゅらルＶ<F0>す腕りルヲ<F0>ねす腕らぇ<10><ED><FA>生９生た<06><1E><04>タ<00><00>生６<1D>たつ ）ソ<00>ゥた<00>ンゅり結ゅら結腕り★ ぅ<07>生<1F><1D>た<1A><1A><0A><0A><0A><0A>ンゅらぅ<07>生<1F><1D>た<1A><1A><0A><0A><0A><0A>ン腕り♥<0F>けＶ<F0>んゅらみ<08>けヲ<F0>ん腕り<F0>みネ<10><ED>ぅ<08>ンゅよぅタンょん結ょれぅＰ８<FD>ゅら<10><03>Ｉ
0x02acef	60	<1A>な<10>ー<0D>ぅ<04>しゅらたＰー<0F>ぅ<00>タ<0B>ぅ<06>し腕りたＰー<02>ぅ<02>ンゅろ生へ生たぅたンゅれＬツ<0B>れぅ♥ナ<06>ぅ<10>ナ<07>し腕んけＸ♥の
0x02ad2c	24	み<06>ぅーナ<06>子<07>つ すゅらナ<18>す腕りナ<1A>けＷ知）
0x02af1f	215	ナ<18><18>ュ輪<F0>ヘ方十‥<18><18>ュＢ<F0>ヘ<00><04>★ ぅ<00>８★<18>ヘＤ<F0>世ツっ<01>ーおあょあぁあスい<F3>い力う今う<01>か物きトこほさゆさわさ行す行そ来そＬそ」たはたァち<ED>つハて<FC>な８ねゅてねてろて<EE>て？ひＣほねま<06>も者ぬぅ<06> て中ィ<F1> ェら さら。っつ ワに<F0>★  <F8>れ なんＬ<15>ろ やらつ ゅに<F0><18>ゥ<08><00>の<00><08>ミ<03>ぅ<00><08>ヘに<F0>★ <EB>の<00><F0><14>石<0A>ぇぅつナ行つ そろ<ED>つナ（★  ョれ ゥ中 →ん われゅぬ<F0>の<08>ミ<05>界は<F0>０<01>世 さら<EE>っ生<1B><1C>た<00><00><00><02>
0x03b000	32	<12>ーぇゅぇゅぇゅぇゅぇゅぇゅぇゅぇゅ<00><05><04><0A><09><0A>ム<0A><05><04><0A><09><0B>ヤ
0x03b021	37	ぇゅぇゅぇゅぇゅ？ーぇゅぇゅぇゅぇゅぇゅぇゅＧーぇゅぇゅぇゅ<00><0A><09><08><07><0B>子
0x03b04f	37	ぇゅぇゅぇゅぇゅぇゅぇゅぇゅぇゅューぇゅぇゅぇゅぇゅぇゅぇゅ<00><0F><0E><08><07><06><F4>
0x03b075	37	ぇゅぇゅぇゅぇゅぇゅぇゅぇゅぇゅモーぇゅぇゅぇゅぇゅぇゅぇゅ<00><0F><0E><04><03><07>♥
0x03b09b	37	けーけーけーけーけーけーけーけーちーけーけーけーけーけーけー<00><07><06>力手<01>★
0x03b0c9	37	ぇゅぇゅぇゅぇゅぇゅぇゅ<E7>ーぇゅぇゅぇゅぇゅぇゅぇゅぇゅぇゅ<00><05><04><09><08><0C>ヨ
0x03b0ef	37	ぇゅぇゅぇゅぇゅぇゅぇゅぇゅぇゅぇゅぇゅ<0D>あぇゅぇゅぇゅぇゅ<00><0B><0A><0F><0E><09>ワ
0x03b115	37	３あ３あ３あ３あ３あ３あ３あ３あ３あ３あ来あ３あ３あ３あ３あ<00><0F><0E><1C><1B><01><E6>
0x03b14a	37	ぇゅぇゅぇゅぇゅぇゅぇゅぇゅぇゅぇゅぇゅィあぇゅぇゅぇゅぇゅ<00><0B><0A><09><08><0B>結
0x03b170	37	ホあホあホあホあホあホあヨあホあホあホあホあホあホあホあホあ<00><09><08> <1F><01>\n
0x03b1ba	37	ぇゅぇゅぇゅぇゅぇゅぇゅりあぇゅぇゅぇゅぇゅぇゅぇゅぇゅぇゅ<00>！<1E><06><05><05>ヌ
0x03b1e0	44	ぇゅぇゅぇゅぇゅぇゅぇゅ<FE>あぇゅぇゅぇゅぇゅぇゅぇゅぇゅぇゅ<00><08><07>（力<06>ネ<00><09><06><06><05><07>ノ
0x03b20d	37	十い十い十い十い十い十い３い十い十い十い十い十い十い十い十い<00><0E><0D><08><07><01>\n
0x03b242	51	ぇゅぇゅぇゅぇゅ世いぇゅカいぇゅナいぇゅぇゅぇゅぇゅぇゅぇゅ<00><10><0F><1C><1B><01>ん<00><10><0F><1C><1B><0A>ぅ<00><05><04><0B><08><00><E8>
0x03b29b	30	ぇゅけいぇゅけいぇゅけいぇゅこいぇゅのいぇゅけいぇゅけいぇゅ
0x03b2df	37	<FD>い<05>う<FD>い<FD>い<FD>い<FD>い<FD>い<FD>い<FD>い<FD>い<FD>い<FD>い<FD>い<FD>い<FD>い<00><12><11><14><13><01>ク
0x03b322	37	ぇゅ輪うぇゅぇゅぇゅぇゅぇゅぇゅぇゅぇゅぇゅぇゅぇゅぇゅぇゅ<00><0B><0A><0C><04><04><0E>
0x03b348	51	ぇゅヲうぇゅぇゅぇゅぇゅぇゅぇゅぇゅぇゅぇゅぇゅぇゅぇゅぇゅ<00><05><04><0B><0A><08><F3><08><05><02><06><03><06><14><06><03><02><05><03><07><15>
0x03b37c	37	レうレうレうレうレうレうレうレうレうレう「うレうレうレうレう<00><0C><0B><1A><19><01>中
0x03b3b8	37	ぇゅようぇゅぇゅぇゅぇゅぇゅぇゅぇゅぇゅぇゅぇゅぇゅぇゅぇゅ<00><05><04><04><03><0A><1D>
0x03b3de	37	ぇゅぇゅ<FC>うぇゅぇゅぇゅぇゅぇゅぇゅぇゅぇゅぇゅぇゅぇゅぇゅ<00><0A><09><05><04><06>シ
0x03b404	37	ぇゅぇゅぇゅぇゅ生えぇゅぇゅぇゅぇゅぇゅぇゅぇゅぇゅぇゅぇゅ<00><04><03><06><04><06>「
0x03b42a	37	ぇゅぇゅＨえぇゅぇゅぇゅぇゅぇゅぇゅぇゅぇゅぇゅぇゅぇゅぇゅ<04><0C><0B><03><02><05><1F>
0x03b450	37	ョえョえカえョえフえョえョえョえョえョえョえョえョえョえョえ<00><0C><0B><18><17><01>ケ
0x03b4a9	37	ぬえぬえぬえぬえぬえぬえぬえぬえぬえぬえぬえぬえぬえぬえぬえ<00><09><08><16><15><01>オ
0x03b4cf	44	ぇゅぇゅ<ED>えぇゅぇゅぇゅぇゅぇゅぇゅぇゅぇゅぇゅぇゅぇゅぇゅ<00><09><08><13><12><07><FB><07><09><08><12><11><08>ュ
0x03b4fc	37	<1A>お生お<1A>お<1A>お<1A>お<1A>お<1A>お<1A>お<1A>お<1A>お<1A>お<1A>お<1A>お<1A>お<1A>お<00><0D><0C><0F><0E><01>カ
0x03b531	37	ＯおＯおＯおＯおＷおＯおＯおＯおＯおＯおＯおＯおＯおＯおＯお<00><12><11><0A><09><01>キ
0x03b56d	44	ぇゅぇゅぇゅぇゅぇゅぇゅぇゅぇゅぇゅぇゅぇゅヒおぇゅぇゅぇゅ<00><11><10>！ <03>Ｏ<05><1B><1A><09><08><06><F6>
0x03b59a	37	ぇゅぇゅぇゅぇゅくおぇゅくおぇゅぇゅぇゅぇゅたおぇゅぇゅぇゅ<00><03><02><0F><0C><00><E8>
0x03b5c8	37	ぇゅぇゅ<E6>おぇゅぇゅぇゅぇゅぇゅぇゅぇゅぇゅぇゅぇゅぇゅぇゅ<00><04><03><02><01><04><1B>
0x03b5ee	37	<0C>かぇゅぇゅぇゅぇゅぇゅぇゅぇゅぇゅぇゅぇゅぇゅぇゅぇゅぇゅ<00><09><08><1D><1C><02>イ
0x03b614	37	２かぇゅぇゅぇゅぇゅぇゅぇゅぇゅぇゅぇゅぇゅぇゅぇゅぇゅぇゅ<00><08><07><0E><0D><03>ア
0x03b63a	37	Ｘかぇゅぇゅぇゅぇゅぇゅぇゅぇゅぇゅぇゅぇゅぇゅぇゅぇゅぇゅ<00><08><07><11><10><04>殺
0x03b660	37	セかぇゅぇゅぇゅぇゅぇゅぇゅぇゅぇゅぇゅぇゅぇゅぇゅぇゅぇゅ<00><07><06><11><10><05>Ｙ
0x03b686	44	ぇゅぇゅぇゅぇゅぇゅぇゅぇゅぇゅぇゅぇゅぇゅ、かぇゅぇゅぇゅ<00><06><01><0E><0D><07>た<00><04><03><04><03><08>ち
0x03b6b3	37	ぇゅぇゅむかぇゅぇゅぇゅぇゅぇゅぇゅぇゅぇゅぇゅぇゅぇゅぇゅ<00><05><04><04><03><09>ォ
0x03b6d9	37	<F7>か<F7>か<F7>か<F7>か<F7>か<F7>か<F7>か<F7>か<F7>か<F7>か<F7>か<F7>か<F7>か<F7>か<F7>か<00><0C><0B><18><17><01>物
0x03b6ff	37	<1D>き<1D>き<1D>き<1D>き<1D>き<1D>き<1D>き<1D>き<1D>き<1D>き<1D>き<1D>き<1D>き<1D>き<1D>き<00><04><03><06><05><01>★
0x03b725	37	ＣきＣきＣきＣきＣきＣきＣきＣきＣきＣきＣきＣきＣきＣきＣき<00><0B><0A>時出<01>→
0x03b74b	30	ゥきゥきェきイきゥきゥきゥきゥきゥきゥきゥきゥきゥきゥきゥき
0x03b77a	30	リきルきリきリきリきリきリきリきリきリきリきリきリきリきリき
0x03b7af	30	へきへきへきへきへきへきへきへきほきよき★き<ED>きへきへきへき
0x03b7f5	30	<13>く<13>く<13>く<13>く<13>く<13>く<13>く<14>く<13>く<13>く<13>く<13>く<13>く<13>く<13>く
0x03b81c	37	ぇゅぇゅ石くＢくＪくぇゅぇゅぇゅぇゅぇゅぇゅぇゅぇゅぇゅぇゅ<00><0D><0C><12><0F><00>ヲ
0x03b852	44	ぇゅぇゅぇゅぇゅ殺くぇゅぇゅぇゅぇゅぇゅぇゅぇゅぇゅぇゅぇゅ<00><1B><1A><13><10><08><FC><08><1A><19><13><10><09>ぁ
0x03b87f	37	ぇゅぇゅぇゅぇゅぇゅぇゅぇゅぇゅぇゅぇゅぇゅぇゅンくぇゅぇゅ<00><05><04><09><08><0B>み
0x03b8a5	44	ぇゅぇゅぇゅぇゅぇゅぇゅぇゅぇゅぇゅぇゅぇゅぇゅてくぇゅぇゅ<00><07><05><0B><08><0D><FD><0D><06><05><0A><09><0E>ろ
0x03b8d2	37	ぇゅぇゅぇゅぇゅぇゅぇゅぇゅぇゅぇゅぇゅぇゅぇゅ<F0>くぇゅぇゅ<0B><0A><09><03><02><0C>め
0x03b8f8	37	<16>け<16>け<16>け<16>け<16>け<16>け<1E>け<16>け<16>け<16>け<16>け<16>け<16>け<16>け<16>け<00><05><04><08><07><01>ふ
0x03b92d	37	ＫけＫけＫけＫけＫけＳけＫけ言けＫけＫけＫけＫけＫけＫけＫけ<00>時出<07><06><01>ふ
0x03b971	44	ぇゅぇゅぇゅぇゅぇゅぇゅぇゅぇゅぇゅぇゅぇゅぇゅマけぇゅぇゅ<0C><05><04><0B><0A><0F>ゆ<0F><05><04><06><05><10>り
0x03b99e	37	ぇゅぇゅぇゅぇゅぇゅぇゅぇゅぇゅぇゅぇゅしけぇゅぇゅぇゅぇゅ<00><1B><1A> <1F><13>ひ
0x03b9c4	37	ぇゅぇゅぇゅぇゅぇゅぇゅぇゅぇゅぇゅぇゅ★けぇゅぇゅぇゅぇゅ<00><03><02>（力<0C>む
0x03b9ea	44	ぇゅぇゅぇゅぇゅぇゅぇゅぇゅぇゅぇゅぇゅ<08>こぇゅぇゅぇゅぇゅ<00><03><02>生！<0D>も<0D><0A><09><06><05><0E>や
0x03ba17	37	５こ５こ５こ５こ５こ５こ５こ５こ５こ５こ５こ５こ５こ５こ５こ<00><0C><0B><1B><1A><01>は
0x03ba3d	37	前こ前こ前こ前こ前こ前こ前こ前こ前こ前こ前こ前こ前こ前こ前こ<00><11><10><04><03><01>は
0x03ba63	37	チこチこチこチこチこノこチこチこチこチこチこチこチこチこチこ<00><0A><09><05><04><01>の
0x03ba98	37	かこかこかこかこかこかこかこかこかこかこかこかこかこかこかこ<00>生！<1F><1E><01>の
0x03babe	44	ぇゅぇゅぇゅぇゅぇゅぇゅぇゅぇゅわこぇゅ<EB>こぇゅぇゅぇゅぇゅ<00><1D><1C><0E><0D><02>ロ<03><07><06><06><05><04>ぉ
0x03baf3	37	ぇゅぇゅぇゅぇゅぇゅぇゅ<11>さぇゅぇゅぇゅぇゅぇゅぇゅぇゅぇゅ<00><05><04><0E><0D><02><EA>
0x03bb19	37	ぇゅぇゅぇゅぇゅぇゅぇゅぇゅぇゅぇゅぇゅ７さぇゅぇゅぇゅぇゅ<00><08><07><06><05><11>る
0x03bb3f	44	ャさャさャさ備さャさャさャさャさャさャさャさャさャさャさャさ<00><1F><1E><10><0F><01>わ<00><1F><1E><10><0F><04>ー
0x03bb74	37	ぇゅぇゅぇゅぇゅぇゅぇゅぇゅぇゅぇゅぇゅぇゅぇゅぇゅメさぇゅ<00><05><04><07><06><11>力
0x03bb9a	37	ぇゅぇゅぇゅぇゅぇゅぇゅぇゅぇゅぇゅぇゅぇゅくさぇゅぇゅぇゅ<00><02><01><02><01><09>つ
0x03bbc0	37	ぇゅぇゅぇゅ中さ<E6>さぇゅぇゅぇゅぇゅぇゅぇゅぇゅぇゅぇゅぇゅ<00><0A><09><0A><09><08>へ
0x03bbee	37	ぇゅぇゅぇゅ<0C>しぇゅぇゅぇゅぇゅぇゅぇゅぇゅぇゅぇゅぇゅぇゅ<00><10><0F><11><0F><05><F1>
0x03bc14	37	ぇゅぇゅぇゅぇゅぇゅぇゅぇゅぇゅぇゅぇゅぇゅ２しぇゅぇゅぇゅ<00><06><05><09><08><0A>て
0x03bc3a	118	ＤしあしよしＵすョすＩ０時<16>ルすＪ０輪時ルす０<1A>輪<16>ぃす界<1A><16><02>ぃす時！Ｄ輪ぃす。界<0F><04>ぃす来時Ｐ輪ぃす<1A><08><09><00>きす<1A><10><0E><09>きす<10><02><0E><08>にす<1A><02>１<0E>にす<1C><1A>６。にす<1A><13>Ｇ１にす<1B><00>ＶＧゆす<10><00>Ｇ０ゆすＵＫ界<11>★すＲ気<11><09>★す４界<16><11>★す
0x03bd6e	42	石<08><19><00>かせ石<0E><1F><19>かせ<0B><00>）<19>なせ者<0B>６ なせ者（Ｄ６なせ（<0E>Ｚ６やせ十（ＺＢやせ
0x042000	102	<01>大<A2A>に<B36>き<AAD>ちたる<F1>\nその<A94><A74>の<AA7>みを<B15>て<E8>いまわしき<F1>\nわが<B21><B22>を なぐさめよ<E8><A2A>にひれふし<F1>\nわが<A5F><A60>を<A22>つがよい<E6><E9>！者「われは<EB><00>‥‥<E6>「われこそは<B37><B38>なり
0x042067	13	 われは めざめたり‥‥
0x04207f	35	<F2><01><03><1C><06>「<A1A>に<A10>じられし<A1B><A1C>のときを\n今こそ<AD6>り<AB1>さん
0x0420a3	19	<F2><01><15><1C><06>「わたしは\n<F4><00><A05><EB><01>‥‥
0x0420b7	16	「<F4><00><A1D><EB><03>でございます
0x0420c8	18	「<F4><00><F4><01><EB><02>\n<A1E><A1F>いたしました
0x0420db	170	<FB><EB><01><F8>われら<EB><00>さまの<A20><A21>を\n<A22>ちわびておりました<E7>なんなりとご<A23>を\nお<A24>しつけください★<F2><01><03><1C><06><E9><09>輪<E9>！Ｚ「<AB2>すのだ‥‥<E8><EB><10>と<E9>Ｃ <EB><16>を<A25>のる\nあの<EB><14>どもを！<E8>そして<A1B><A1C>前\nあの者どもにうばわれた\n<EB><1C>を<AD6>り<AB1>さねばならぬ<E6><E9><09>た<F2><01><15><1C><06><FB><EB><01><F8>しょうちしております<E9>Ｃ ただちに‥‥
0x042186	63	<F2><01><03><1C><06>「なんとしても\nつぐなわせなければ<E8><EB><10>よ‥‥<E8>おまえの<A28>が\nどれほどのものか\nわれが<A29>えてくれよう
0x0421c6	184	<FB><EB><03><F8><EB><10>の<AE9>は\nどこにも<F4><02>あたりませぬ<E7><A2A><A0E><A2B>くに<A2C>を<A46>したか\nあるいは‥‥★<F2><01><03><1C><06>「いや\n<EB><10>は生きている<E8>わかるのだ‥‥<E6><F2><01><15><1C><06><FB><EB><03><F8><EB><14>どもは<F4><00><A12>が<A20><A21>したと\nさわぎたてておりますが‥‥<E7>まだ<A2D>か<A2E><A2F>か\nはかりかねているようです★<F2><01><03><1C><06>「今にわかる‥‥<E8><EB><14>たちは死をもって\nその<A2E><A2F>を知るのだ
0x04227f	87	<FB><EB><02><F8><EB><00>さま<E8>いま１<A25>\n<EB><16>らしき<A30>を\n<A31><F4><02>いたしました★<F2><01><03><1C><06>「うむ‥‥<E6><F2><01><15><1C><06><FB><EB><02><F8>その<A30>‥‥<E7><EB><1A>を<A32><A33>にあやつる力を\n<A34>っておるようで
0x0422d7	89	<FB><EB><01><F8>そやつの<A35><A36> わたくしめに\nおまかせくだされば‥‥★<F2><01><03><1C><06>「それにはおよばぬ<E8>われが行かずして\nどうしてこの<AF2>りを\nしずめることができようか！
0x042331	182	<FB><EB><02><F8><EB><00>さま\nいらぬ<A37><A38>ではありますが‥<E7><A20><A21>されて<A06>もない<A39><A2C>ゆえ<E9>Ｃ <A2A>に<A3A>り <A3B>くだけで\nお力は<A3C>っていきます<E7>ましてや\n<BBB><BBC>をお<A7B>いになるとなれば\nなおのこと‥‥<E7><EB><18>の<A3D>りには\nくれぐれもご<A3E><A3F>ください<E7>まずは<EB><14>どもの<B05>を\nおとずれるがよろしいかと★<E9>！者「<A1A>がともにあらんことを‥‥
0x0423e8	91	<FB><EB><01><F8><EB><00>さま<E7>まだまだ<EB><18>が\n<AB4><B69>です<E7>どうか<EB><14>の<A02>でお力を\n<AD6>り<AB1>してください★<F2><01><06><1C><06><E9>！<1E>「わかっておる<E8><EB>。 さがっていろ<E6><F2><01><15><1C><06>「はっ
0x042444	67	<FB><EB><01><F8><ACA><A2F>な<EB><1A>を\n<AB6>れてまいりましたので<E7>よろしければ\nお<A7B>いになってみてください★<E9>！<1E>「では お気をつけて‥‥
0x042488	26	<FB>兵<F4><01><F8>む？ あやしいヤツ‥‥<E7>そこを<A41>くなっ！
0x0424a3	12	<F2><01><06><1C><06>「兵<F4><01>か‥‥
0x0424b0	108	<FB>兵<F4><01><F8>そこを<A41>くなと‥‥★ いや‥‥ <A22>て<E7>ま まさか！<F1><E9>！者 お前が<EB><15>なのか‥‥？★<F2><01><06><1C><06>「<EB><14>は みな\nわれをそう<A43>ぶ‥‥<E8><EB><16>はどこにいる？<E8><A44>えろ‥‥<E8>さあ <A44>えるのだ兵<F4><01>よ！
0x04251d	28	<FB>兵<F4><01><F8>知らん！ おれはわからん<E7>た‥‥<A45>けてくれ！
0x04253a	49	「シーッ<E7><AF7>くな！ <AF7>いたら\n<F4><02>つかっちゃうぞ！★<E9>！<1E>「だって‥‥<E9>！<1E> だって‥‥
0x04256c	32	<F2><01><06><1C><06>「出てこい<E8>そこに<A46>れているのは\nわかっておるのだ
0x04258d	8	「ちっくしょう！
0x042596	109	「お‥‥おまえ\n<EB><1A>のオヤダマだなっ！<E7>よくも かあちゃんを！★<F2><01><06><1C><06>「<EB><1E><E6><F2><01><15><1C><06>「なんか言ってみろ！<E7><A47>い者イジメして\nなにが <B92>しいんだ！★<E9>！<1E>「にいちゃん‥‥★<F2><01><06><1C><06><E9>！<1E>「<EB><1E>‥‥
0x042604	91	<FB><EB><01><F8><EB><00>さま\nお<A22>ちください★<F2><01><06><1C><06>「また おまえか<E6><F2><01><15><1C><06><FB><EB><01><F8><EB><03>に<A61>ほどの\n兵<F4><01>を<A49>わせております<E7>その兵<F4><01>が<EB><16>の<A4A><A4B>を\n知っているかと‥‥
0x042660	209	<FB><EB><03><F8>やはり <EB><16>めは\nこの<A4C>くにおりました<E7>ここよりずっと<A4D>に\nエランの<A19><A51>とよばれる\n<EB><1B>がございます<E7>どうやらそこに\n<B06>んでいるようです★<F2><01><06><1C><06>「うむ<E6><F2><01><15><1C><06><FB><EB><03><F8>ただ\n気がかりなことが‥‥★<E9>！<1E><F2><01><06><1C><06>「<A24>してみよ<E6><F2><01><15><1C><06><FB><EB><03><F8>はい<E7>やつは<FB><EB><17><ED> の力を\n<A34>っているものと\n思われます★<F2><01><06><1C><06>「<EB><17>を‥‥？<E8>われの<EB><1C>より\n力を<A52>み出したか‥‥
0x042732	24	<F2><01><06><1C><06>「‥‥<A53>さぬ<E8><A54>じて <A53>さぬ！
0x04274b	23	<FB><EB><06><F8><F7>０かったな<E7><A22>ちかねたぞ <EB><00>よ
0x042763	182	<E9><08>十「おまえが<A10>じられてから\nわたしは大いなる力を<A55>た<E7>もうけっして おまえの\n思い<A56>りにはならぬ<E7>これからは\n<EB><14>が‥‥<E9>！<14> このわたしが\nこの世界を<A57>めるのだ！★<F2><01><06><1C><06>「ほざけ！<E8>おまえの言う大いなる力は\n<A32>ら生み出したものではない<E7>われの<EB><1C>から\nかすめとったものだ<E8>その力 <A27>してもらうぞ！<E9>！Ｚ<E9>Ｎ<1D><E9><12><1C><02><00><00><00><00>
0x042832	50	<F2><01><06><1C><06>「<EB><10>は どこにいる‥‥<E6><F2><01><15><1C><06><FB><EB><06><F8>知らぬ‥‥<E7>わたしは し‥‥知らぬ<E9><05><00><00>コ
0x042865	115	<F2><01><06><1C><06>「どこにいるのだ？<E6><F2><01><15><1C><06><E9>！者「き‥‥えた‥‥<E7>わたしは う‥‥<EB><1C>に<E7><EB><1C>にふれた‥だけだ‥‥★<E9>！者<F2><01><06><1C><06>「<EB>。 ここで\n生きた<A58>となるのだ<E7>その<A59>みとともに\nおのが<A5A>した<A28> 思い知れ
0x0428d9	27	<FB><EB><06><F8>うおぉぉぉぉぉぉぉーー！★<E9>！<1E><E9>７<E9>出<05><00><0D>
0x0428f5	84	<F0>と<EA><1D> <EB><00>は\n<EB><17>の力を\n<AD6>り<AB1>した！<EA><E9><08>）<E9>９<09><11><01><E9> <09><00><00><00><09><05><0A><EC><E9><0A> <E9>！ク<ED> <F2><01><06><1C><06>「気に<1F>らん‥‥<E8>それでもなお\n力が<A5B>ちていかぬ‥‥
0x04294a	40	<F2><01><06><1C><06>「<EB><10>‥‥<E8><EB><10>よ<E9>Ｃ おまえが どこにいようと\nわれは<A5C>じる
0x042973	86	<F2><01><0B><1C><06><F9><01>   おまえを<A5D>ぼし<F1><F9><01>   <EB><1C>を<AD6>り<AB1>す‥‥<E6><E9>！者<F9><01>    その時こそ‥‥<E6><E9>！<1E><F9><01>    その時こそ<F1><F9><01>  われは<A20><A21>するのだ！
0x0429ca	26	<F0>と<EA><1D> <EB><00>の<AD5>びが\n大<A2A>にひびき<AF1>る
0x0429e5	100	<FB><EB><01><F8><EB><00>さま★<F2><01><06><1C><06>「うむ<E6><F2><01><15><1C><06>「すでにお気づきかと\n思いますが<E7>この<A19><A51>には\nいたるところに\n<EB>２がなされております<EA><EC> <EB><00>さまのその<F4><00>力で\n<A64>をお<AC7>きください
0x042a4a	4	<F0>な界そ
0x042a4f	68	<FB>ネヤ<F8><EB><04>！<E7>気がついたんだね？\n<A37><A38>したんだよ\nずっと<A6A>は<B0A>めないし‥‥<E7><EB><12>や カレン！\n<A6B>くおいで <A6B>く！
0x042a94	12	「ああ‥‥\n<EB><04>！<E9><08><0B>
0x042aa1	143	<FB><EB><12><F8><EB><04>\nわたし もうだめかと<E7>よかった‥‥ ほんとに\n<EB>手に よかった★<FB>ネヤ<F8>ホセから闇いたよ\n<EB><15>の<A6C>に行ったんだってね<E7>そろそろ <EB><12>のことも\n<A6D>えておやり\nこの子はずっと<A37><A38>して‥‥★<FB><EB><12><F8>いいの‥‥ おばあちゃん<E7><EB><04>は 言っても\nきかない<A05>だから
0x042b31	93	←<18><00>「すぐに<A6E>きあがっちゃ\nダメよ<E7>いま\nスーフ<02><A34>ってくるから★<E9>！者<F0>と<EA><1D> <EB><04>は\n<AC0>び<B31>りに<A6F>ちた‥‥<E9><0F><EE>★<1D><FB><EB><12><F8>もう 出かけるのね？<E7>そういえば‥‥
0x042b8f	93	「この<A69>‥‥\n<EB><04>が<A70>れてた時\n<A71>にかかっていたんだって<E7>よく わからないけれど\nこれは<A34>ってたほうが\nいいと思うの<E7>気をつけてね <EB><04>\nわたし‥‥\nなんだか こわいの
0x042bed	31	<FB><EB><12><F8>ホセも<EB><11>も<A37><A38>してたわ\n<A73>を<F4><02>せてあげてね
0x042c0d	34	<FB><EB><12><F8><EB><04> 気をつけて<E7><EB>気 わたしの\nいちばん大<A74>な<A05>‥‥
0x042c30	72	<FB>ホセ<F8>あにき！！\nもう大<AF8><AF9>なんだね！<E7>あの時 あにきに<A48>げろって\n言われたけど<E7>ほんとは おれ\nすぐに<A75>き<A27>したんだ‥‥
0x042c79	95	<FB>ホセ<F8>そしたら‥‥ あにき\nボロボロで <A70>れてて‥‥<E7>でも もういいんだ！\nあにき すっかり<A76>気だもの<E7>そういや<EB><11><A37><A38>してたな<E7><A73>出して\nビックリさせてやんなよ！
0x042cd9	46	<FB>ホセ<F8>おれ 思うんだけどさ‥‥<E7><EB><15>が おそってきたら\nおれたち どうなるのかな？
0x042d08	80	<FB>兵<F4><01>★<EF><14><00>Ｙ腕←<14><00>「命<B2B>により <A05>の出<1F>りを\n<B1B>めています<E7><EB><1E>ん！？<EA> あなたが\n<EB><04>さんですね？<E7><EB><0F>さまが<A7C><A7D>で\nお<A22>ちです
0x042d59	21	「さあ <A6B>く<A7C><A7D>に\n行ってください
0x042d6f	17	<FB><EB><11><F8>おう！ <EB><04>\n生きてたか！
0x042d81	51	 おまえな‥‥\nむちゃも ほどほどにしとけ<E7>そんなことじゃ\n命がいくつあっても\n<A08>りんぞ！
0x042db5	150	「で‥‥\nさっそくなんだが\nおまえに<A77><A78>の<A79>がきてる<E7>闇いて おどろくな‥‥<E7>なんと<EB><13>から じきじきに\n<A5E>がかかったんだぜ！★<EF><15><00>Ｌ。←<16><00> <A7B>いの<EB><14>が そろそろ\n<A1F>の<A7C><A7D>にきてるはずだ<E7>ま <A7E><A7F>のないようにな\nしっかり<A79>を\n闇いておくんだぞ
0x042e4c	186	<EF><17><00><0E>気←<17><00><FB><EB><11><F8>ん！？<E7><EB><04>\nちょっと<A80>を<F4><02>せてみろ★<F0>と<EA><1D> <EB><04>は<A32><A81>の<A80>を\n<EB><11>に<F4><02>せた★<E9><09>た<F2><01><15><1C><06><E9><0A> <EB><11><F8>‥‥おいおい\nボロボロじゃないか この<A80><E7>カリブラの<A42>まで行けば\nもう<AFC>しマシな<A82><A83>も\nあるはずだ<E7>これで<A2C>のまわりを\nととのえるんだな★<F0>と<EF><1D><F2><01><06><1C><06> <EB><04>は<A72>方から<F1> <EB><19>をもらった！★
0x042f07	45	テ<E9><08>つ<EE>★<1D><FB><EB><11><F8><EB><04> しっかりやれ！<E7>おまえにとって<A84>めての\n大<A77><A78>だからな
0x042f35	12	「あ あの<A05>が<EB><04>よ
0x042f42	61	<FB><EB><0F><F8>おお！\nおまえが <EB><04>だな<E7>もう\n<A07>は大<AF8><AF9>なのか？<E7><A85>にふせっていると闇いて\n<A37><A38>しとったんだ
0x042f80	40	「<EB><0F>さま‥‥★「おお！ いかん いかん\n<A86><A87>も すんどらんかった！★<E9><08>
0x042fa9	54	<E9>！者<E9><08>２<E9>！ク わしは <EB><0F>と<A24>す\n<EB><0D>の<F4><00><A88><F4><01>だ<E7>そして ここにいるのが\n<A8A>子の<EB><0A>だ
0x042fe0	13	<FB><EB><0A><F8>はじめまして‥‥
0x042fee	116	<FB><EB><0F><F8><EB><04>\nおまえも闇いていると思うが<E7>とうとう\n<F4><00><A12><EB><00>が<A20><A21>したのだ<E7>われらが<EB><0D><A7A><A12>は\nその<A20><A21>にあたり\n<A8B><A8C>なさっておられるが‥‥<E7>いかんせん\nすぐれた<A80><F4><01>が\n<A8D><A08>しておるのだよ
0x043063	203	「そこで闇いたのが\nおまえの うわさだ<E7><A8E>いに<AEA><BFD>わず\n<A8F><A90>に腕が<A91>つそうだな<E7>‥‥どうかな <EB><04>★ その<A80>を<EB><0D>のために\n<A92><A91>ててはくれぬか？<F0>と時中<EC><E9>輪気１<FB><EB><0F><F8>やれ うれしや！<E7>さっそく この知らせを\n<EB>８にお<A93>えせねば<E7>では <EB><04>\nわしは\nひと<A08><A61>に<A95>に<AB1>っておる<E7>この<EB><0A>を\n<A96>につけるゆえ<E7>おまえも<A77><ABE>がすんだら\n<EB><0D>に<A97>かってくれ
0x04312f	270	<EF><12><00>ソ１←<12><00><FB><EB><0F><F8>そう あっさり\nいやだと言われるとは‥‥<E7><EB><1E><E7>たのむ！★ このじじいの<A73>を<A91>てると\n思うて うんと言ってくれ\n<EB><04>！★<EE>「０<EF><13><00>Ｙ１←<13><00><FB><EB><0F><F8>わしの<A1F>をいく\nガンコ者がおるとは‥‥<E7>とはいえ わしもここで\n<A75>き<A0E>がるわけには<A1E>らぬ<E7>たのむ！\n力を かしてくれ！★<EE>「０<FB><EB><0A><F8><EB><04>さん\n<A64>中よろしくお<A66>いします★<E9>！者<F0>と<EA><1D> <EB><0A>が<A98><A06>になった！★<00><00>石<1D>★<00><00>石<1D>★<00><00>石<1D>★<00><00>石<1D>★<00><00>石<1D>★<00><00>石<1D>★<00><00>石<1D>★<00><00>石<1D>★<00><00>石<1D>★<00><00>石<1D><E9>！者<E9>Ｃ<E9><02>カ<15><00><EA>１
0x04323e	63	←<1A><00><FB>アーチ<F8>よわったなぁ‥‥<E7>みなさん <A82><A83>をくれって\nやってくるんスけど<E7><EB><11>にオレ そこまで\n<A99>ってないんス
0x04327e	36	「<EB><11>がいれば\n<A82><A83>だって<A9A>だって\nバッチリ<A9B>れるんス
0x0432a3	59	<FB><EB><0A><F8><EB><11>は どちらに？★<FB>アーチ<F8>それが‥‥\nコラード<A13><A14>に行くって<E7>それっきり\n<AB1>ってこないんス‥‥
0x0432df	47	<FB><EB><0A><F8>‥‥<EB><04>さん\nどうやら<A13><A14>に行かないと<E7><A82><A9C><A9D>は\n手に<1F>らないようですね
0x04330f	92	<FB>アーチ<F8>オレ むずかしいことは\nできませんけど<E7><A64><A9D>くらいなら<A9B>れるっス★「ここは<A9E>石の<A9F><E7>あなたの<EB><19>を\nステキな<A64><A9D>にかえる\nところです★<E9>何<01><E9>？ュ３カ３
0x04336d	8	 それではまた
0x043376	9	 ごきげんよう
0x043380	42	<FB><EB><0A><F8>ええ <A06><B23>い<EB>）<E7>ここが<EB><19>を<A82><A9C><A9D>に\nかえてくれるところです
0x0433ab	143	<FB><AC7><A10><F4><01><F8>ここは<AC7><A10>の<A9F><E7>どんなご<A23><B73>でしょうか？★<E9>何<02>「そういえば<AA1>のお方‥‥\n<A9E>石の<A9F>は行かれましたか？<E7><A2F>は <A9F>のあるじが\n行方<A8D><AA2>なのですよ<E7><A82><A83>を<AA3>めて <A05><AA4>が\n<AA5>まってはいますが\nあるじが いないのでは‥‥
0x04343b	130	「‥‥<AAA>ったのかよ\nおめえたちも<E7><EB><1E>‥はぁぁ\nこれが<AAB><AAC>ってやつかね<E7>あのな‥‥<E7>おれは<AAE>がクサイって\nにらんでるんだ<E7><AAF>しい<AAE>と\nそうじゃない<AAE>があって\n<A06><B23>えちまうと‥‥<E7>ストンと<A6F>とされちまう<E7>おれは そう思うんだよな
0x0434be	46	「おおお‥‥\n<A45>かった！ <A45>かった！<E7>どなたか ぞんじませんが\nありがとう<EB>行
0x0434ed	45	「わたしは <A9E>石を\nなりわいとしていまして<E7>この<A13><A14>の中で<EB><19>を\n<AB2>しておっ<EB>（
0x04351b	57	「そうしたら<EB><1A>に<A49>われ\nこんなところに\n<B70>じ<AA9>められて‥‥<E7>ほんと もう\nさんざんな<A6A>にあいましたよ
0x043555	53	 <AA1>のお方‥‥<E7><A25>前を\n闇かせてもらえますか？★<F0>と<EA><1D> <EB><04>たちは\n<A32><A81>たちの<A25>前を<AB5>げた
0x04358b	70	<F2><01><15><1C><06><FB><EB>３<F8><EB><04>さん\n<EB><0A>さん★ <A42>に<AB1>ったら\nあなた方に すてきな<A82><A83>を\n<A9B>ってさしあげます★ ですからお<A66>いです
0x0435d2	246	 わたしを<A42>まで\n<AB6>れて行ってください<E7><AB6>れて行ってくれますか？<F1><F0>と時中<EC><E9>輪９６<FB><EB>３<F8>おお あなた方は\nわたしの命の<AB7><A05>です<E7><A61>ほどの<AB8><AB9>は\nかならず<ABA>りますから！★<EE>大６<FB><EB>３<F8>そんな‥‥<E7>いやと言ったって わたしゃ\nムリヤリついて行きますよ★←石<03><E9><08>行<E9>！ク<F0>と<EA><1D> こうして <EB><04>たちは\n<EB>３を<B39>い カリブラへ\n<A97>かうことになった<EE>★<1D><FB><EB><0A><ED> 「すごいじゃないですか！\n<EB><04>さん<E7>うわさは<EB>時だったんだ<E7>これほど腕が<A91>つとは！
0x0436c9	69	<FB><EB><0A><F8>ちょっと<A22>って！<E7>わたしのカンが<AAF>しければ\nここは<B55><A16>すぎます<E7>もっと<AEB>い<A82><A9C><A9D>を\n手に<1F>れないことには‥‥
0x04370f	177	<F2><01><15><1C><06><FB><EB><01><F8><EB><00>さま<E7><EB><17>の力を\n<AD6>り<AB1>されたようで‥‥★<F2><01><03><1C><06>「うむ\nだが その力が‥‥<E8>わが<A07>に\n力が みなぎらぬのだ<E6><F2><01><15><1C><06><FB><EB><03><F8><AC1>ぐことは ございません<E7><EB><14>どもに<A3D>された時<A06>は\nあと わずかなのですから<E7><EB><00>さまは じょじょに\n力を たくわえられれば\nよいことでございましょう
0x0437c1	19	<F2><01><03><1C><06>「<EB><10>は\n<F4><02>つかったのか？
0x0437d5	160	<FB><EB><02><F8><A24>し<AC8>ございません<E7><EB><10>の気<A38>は\nいまも<A5C>じられません<E9>Ｃ ただ‥‥★<F2><01><03><1C><06>「ただ‥‥ なんなのだ？<E6><F2><01><15><1C><06>「シエラの<A17>に\nあやしい<EB><14>がおります<E7><EB><16>であることは\nまず<A06><B23>い<EB>）<E7>その<A17>の<A50>には\n<EB><14>どもの<B05>があり<E7>おそらくそこに<BC5>け<A64>が\nあるものと‥‥
0x043876	21	<F2><01><03><1C><06>「わかった<E8>では 行ってこよう
0x04388c	49	<FB><EB><01><F8>お<A22>ちください\n<EB><00>さま<E7>すでに ごぞんじとは\n思いますが\n<EB><17>について‥‥
0x0438be	173	<FB><EB><01><F8><EB><17>は\n<EB><1A>を<A32><A33>にあやつる力です<E7>その力を<AC7><AAD>することで\n<F4><00>物は <EB><00>さまの\n<ACA><A2F>なしもべとなります<E7><A3E><A3F>して<A6C>きたいのは\n<A94><ABE>に<AB6>れていける<EB><1A>には\n<ACB>りがあることと‥<E7>力を<AC7><AAD>することで\n<EB><18>を<AC2><ACC>すると\nいうことです<E6><F2><01><03><1C><06><E9>！<1E>「うむ<E8><EB><1A>どもにも\nはたらいてもらうとするか
0x04396c	51	<FB><EB><01>★<EE>や兵<F2><01><06><1C><06><E9>！<1E>「なぜだ‥‥？<E6><E9>！<1E> <EB><10>の気<A38>が\nなぜ この<ACD><ACE>に‥‥
0x0439ac	133	<FB><EB><12><F8>あなたが‥‥<E7>あなたが<EB><15>なの？★<F2><01><06><1C><06>「‥‥むすめ<E8>この<ACD><ACE>には\n<F7>思が<AC9>んでいるのだ？<E6><F2><01><15><1C><06><FB><EB><12><F8>ファ‥‥\n<EB><04>が<AC9>んでいるわ★<F2><01><06><1C><06>「<EB><04><E8><EB><1E>‥‥‥そうか<E6><F2><01><15><1C><06><FB>ホセ<F8><EB><12>！\nたいへんだ！ この<A42>に‥‥
0x043a32	42	<E9><08>兵<E9>！者<FB>ホセ<F8> ？！<E7>おまえが<EB><15>か！<E7><A42>のみんなを殺したのは\nおまえか！
0x043aad	12	<F2><01><15><1C><06>「このやろう！
0x043ac5	40	<F2><01><06><1C><06>「<EB><04>か‥‥<F1><E9>Ｂ<E9>！<1E> <EB><10>のような<A05><A06>が\nこの時<BF3>にも‥‥
0x043aee	231	<F0>とＣ者<E7>あんた <EB><16>を\n<AB2>してるんだね？<E7><A1B><A1C>前\n<EB>２されたウラミを\nはらしにきたんだろ？★<F2><01><06><1C><06>「何を言っているのだ<E8>それが おまえたち\n<EB><14>の言い<A93>えなのか？<E8>よいか‥‥\nわれを <EB>２できる者など\nこの世におらぬ<E6><F2><01><15><1C><06><FB>ネヤ<F8>あたしゃ <EB><16>が\nどこにいるかは 知らない<E7>だけど\nあんたの<B44>にも <EB><16>を\n<AB2>してる<A05>がいたよ★<F2><01><06><1C><06>「何者だ<E6><F2><01><15><1C><06><FB>ネヤ<F8><A8E>い<A30>で\nお<A96>を ２ ３<A05><AB6>れてたね
0x043bd6	66	<FB>ネヤ<F8>さあ おしゃべりは\nもういいだろ<E7>殺すんなら 殺すで\nサッサとやっとくれ<E7>あたしゃ もう\nじゅうぶんに 生きたもの
0x043c19	41	<F2><01><06><1C><06>「<EB><14>たちに <A93>えろ<E8>５<A00><AD2>に‥‥<E8>われは\nこの世を<A5D>ぼすとな
0x043c43	25	<FB>ネヤ<F8>ああ 言い<A93>えは\n<EB>時だったんだ‥‥
0x043c5d	139	<FB><EB><01><F8>‥‥<EB><00>さま<E7>この<A17>には なにやら\n<A77><AE3>けがしてあるようです★<F2><01><06><1C><06><E9>！<1E>「うむ\nおおかた <EB><16>がくだらぬ\n<ADE><ADF><AE0>をしたのだろう<E8>しょせんは\n<EB><14>の知<BF4>にすぎん<E8>わが<F4><00>力ディスヘ<02>ルで\n<F4><02>えぬ物などないのだ<E8><EB>。さがっておれ
0x043ce9	27	「なに者だ！★<E9>！者「なぜ ここまで<1F>ってきた！
0x043d05	25	「レイさま<E7>もしや この者\n<EB><16>の手<A61>では‥‥
0x043d1f	27	「<AE6><A70>が<A6E>きる前に\n<A35><A36>せねばなりません
0x043d80	145	←！<00><E9><05><00><00><F2><FB>レイ<F8>くっ！<E7>‥‥きさまと<A04>えば\nおれもまた 死ぬだろう★<E9>！者「だが <EB><15>よ<E7>きさまのたくらみは\nみな 知れているのだ★<E9>！<1E><F2><01><06><1C><06>「たくらみだと‥‥？<E6><E9>！者<F2><01><15><1C><06><FB>レイ<F8><AE7><A74>り者の<A35><A36>が<AE8>った時<E7>その時は\n<AB4>ず きさまを<A70>す！
0x043e12	205	<E9><08>十<FB><EB><09><F8><A1B><A1C>ぶりだ <EB><00><E7>ずいぶんと おとろえたな<E7><A32><A81>の<AE9>を\n<A69>に うつしてみろ<E7><A1B><A1C>前とは\n<AEA>ても<AEA>つかぬ<AE9>ではないか★<F2><01><06><1C><06><E9>！者「ずいぶんと<AEB>気に出たな‥‥<E8><EB><09>よ<E8>おまえの<ADE><ADF><AE0>\nわれには<A56><A23>せんぞ<E6><F2><01><15><1C><06><FB><EB><09><F8><AEC>してみるか？<E7><EB><14>が <A1B><A1C>前と\n<A63>わっていないと思ったら\n大<A06><B23>いだぞ！★<E9>！Ｚ<E9>Ｎ<1D><E9><12>ワ<02><00><00><00><00>
0x043ee8	160	<F2><01><06><1C><06>「おまえも <EB><1C>に<AED>れ\nその力を<A55>たのか？<E6><E9>！者<F2><01><15><1C><06><FB><EB><09><F8><EB><1E>‥‥‥‥殺せ★<E9>！ク<F2><01><06><1C><06>「<EB><10>は どこにいる？<E6><F2><01><15><1C><06><FB><EB><09><F8><EB><00>よ‥‥\nおまえの力をすれば<E7>すべては <F4><02><A56>せるはずだ\nおれに闇かずともな‥‥<E7>さあ おれを殺せ！★<E9>！<1E><F2><01><06><1C><06>「‥‥いや 殺さぬ<E9><05><00><00>４
0x043f9f	91	<F0>と<EA><1D> <A0A><A0B><F4><01><EB><09>は\n生きた<A58>になった<E9><08>）<EE>★<1D><F2><01><06><1C><06>「いつのまに<EB><14>は\nこれほどの力を\n<A2C>につけていたのか‥‥？<E8>これは <EB><1C>だけの力では\nあるまい‥‥<E9><0F>
0x043ffb	82	<F2><01><0B><1C><06>     <A8D>思<B4C>だ<E8> たかが<EB><14>のはずでは\n   なかったのか‥‥？！<E8>   たかが<EB><14>の‥‥<EE>★<1D><FB><EB><0A><F8>おかしい‥‥<E7>物<AE2>ひとつしない
0x04404e	24	<FB><EB>３<F8>ちょ ちょっと\nわたし<F4><02>てきますから！
0x044067	19	<FB><EB>３<F8><A42>の<A05>がいなくなってる！
0x04407b	14	<FB><EB><0A><F8>まさか <EB><15>が‥‥
0x04408a	12	<E9><08>来<E9>！者「‥‥<F7>思か
0x044097	9	「<F7>思か <A45>けて
0x0440a1	73	<FB><EB><12><F8>‥‥<EB><04>なのね<E7><EB><15>が‥‥<E7><EB><15>が きたわ<E9><08>十<EE>★<1D><FB><EB><12><F8>ザガートが‥‥\n<A42>は もう<E7>お<A66>い\n<A6B>く ザガートに‥‥
0x0440eb	43	<FB><EB>３<F8>大<AF8><AF9>\n気を<A7E>っただけです<E7>この子は わたしが\nあずかりますから
0x044117	38	<FB><EB><0A><F8><EB><15>め\nザガートにも手をのばしたか<E7><EB><04>さん <AC1>ぎましょう
0x04413e	66	←。<00><FB><EB><0A><F8>や やはり\nこのザガートも‥‥<E7><EB><04>さん\nわたしはここで<A22>っています<E7>なるべく<A6B>く\n<AB1>ってきてください
0x044181	158	<FB><EB><0A><F8><A6B>くカリブラに<AB1>りましょう<E7>こうしている<A06>にも\n<F4><00><A12>は<EB><14>を‥‥★<F0>と<EF><1D> カリブラに出<A31>しますか？<F1><F0>と時中<EC><E9><09>た<E9><0A> <E9>輪 Ｂ「カリブラで<A82><A9C><A9D>をそろえ\nこれからの<B49><BF9>に\nそなえなければなりません<E7><EB><12>さんのことも<A37><A38>です<E7>さあ 行きましょう<EA><E9>！<1E><E9><04><00>Ａ<11><09><04>
0x044220	38	「<EB><0D><A95>では<A7A><A12><B88><A0E>が\nお<A22>ちです<E7>そのことをわすれずに
0x044255	60	「‥‥ごらん ホセだよ\nこんな<AE9>になっちまって<E7>できることなら\nあたしが <A2C>がわりになりゃ\n<AEF>かったのに
0x044292	84	<FB>ネヤ<F8><EB><15>は あたしの前に<A2E>れて\nこう 言ったんだ<E7>あと５<A00>で \nこの世を<A5D>ぼす ってね<E7>なぜ <EB><15>は\nこの世を<AE8>りにしようって\n思ったんだろう‥‥
0x0442e7	47	<FB>ネヤ<F8>ふぅ‥‥<E7>そろそろ\nとむらいの<A8B><A8C>をしなきゃ\nいけないね<E7>あたしは うちに<AB1>るよ
0x044317	46	<FB>ネヤ<F8><EB><0D>に行ったら\nあたしから 闇いたことを<E7>ちゃんと <EB><13>さまに\nお<A93>えするんだよ
0x044346	35	<F0>と<EA><1D> ホセのなきがらだ‥‥<EE>★<1D>「あにき！\nきてくれたんだね
0x04436a	74	「死んじまって ゴメンよ<E7>おれさ <EB><15>に<A07><A90>り\nかましたんだけど<E7>あいつ マジで<AEB>かったよ<E7>気がついたら\nおれ 死んでたもんな
0x0443b5	67	★<00><19>石<1D>★<00><19>石<1D>★<00><19>石<1D>「でも 今はそれほど\n<AF0>い気<A81>じゃないんだ<E7>もう\nおれ 大<AF8><AF9>だよ<E7>じゃあね あにき
0x0443f9	82	<F0>と<EA><1D> <EB><04>の<A69>に\n<A68>が <AA8>い<AA9>まれていく‥‥<EE>★<1D>←腕<00><F0>と<EA><1D><E9><05><00><00>死 <EB><11>のなきがらだ‥‥<EE>★<1D>「こら <EB><04>！<E7>シケたつら\nするんじゃねぇ
0x04444c	133	★<00><19>石<1D>★<00><19>石<1D>★<00><19>石<1D>「‥‥おれは こんなふうに\nなっちまったけど<E7>お前が はんは<02>なマネしたら\nバケて出るからな！★<E9>！者「そういや‥‥<E7>お前に<AF1>しとくものが\nあったんだ<E7>そこのテーブルの<A0E>を\n<AB2>してみてくれ<E7>それじゃ がんばれよ！
0x0444f4	28	ナ<E9><08>つ<EE>★<1D><FB><EB><0A><F8>まずは<EB>３の<A9F>へ\n行きましょう
0x044511	33	←気<00><FB><EB>３<F8><EB><15>が来ていたのですね\nやはり ザガートにも
0x044533	182	<FB><EB><0A><F8>ええ<E7><F4><00><A12>が <EB><14>界を\n<A5D>ぼそうとしているのは\n<EB>時のことのようです★<FB><EB>３<F8>おお！ なんということだ<E7>それほどまで <EB><15>の<AF2>りを\nかきたてた そのわけとは？★<FB><EB><0A><F8>わかりません<E7>わかっているのは\n<AE5><AA4>には<EB>出がない と\nいうことだけです★<FB><EB>３<F8><EB>力か‥‥<E7>わたしは <AE8>りの<A00>まで\nこの<A77><A78>を<AF3>けるつもりです
0x0445ea	57	<FB><EB>３<F8>さあ <EB><04>さん\n<EB><0A>さん<E7>お<AB8><AB9>の<A82><A9C><A9D>を\nこのわたしの手で<A9B>らせて\nください<E7>さあ 中へ
0x044624	62	<FB><EB><0A>★<EF>Ｇ<00>死Ｆ←Ｇ<00>「<EB><15>のせいか\n<EB><1A>たちも<AEB>くなっています<E7>できるだけよい<A82><A9C><A9D>を\nそろえたいものです
0x044663	26	「<EB><12>さんは むかいの<AF5>で\n<AF4>んでいる<EB>力よ
0x04467e	49	<FB><EB><12><F8><EB><04><E7>ホセは わたしを\n<ABA>ろうとして <EB><15>に<E7>わたし\nそのことを思うと<E7><EB><1E>どうしても
0x0446b0	80	<F0>と<EA><1D> <EB><12>は<AF7>いている<EE>★<1D><FB><EB><12><F8>わたしが<EB><04>の<ACD><ACE>に\n<1F>っていったら<E7><EB><15>は そこにいたの<E7>でも <A8D>思<B4C>ね\nその時は\nこわいと思わなかった
0x044701	41	<FB><EB><12><F8>ねぇ <EB><04>\nわたしは大<AF8><AF9>よ<E7>もう <A37><A38>しないで\n<AA1>を<AF3>けて
0x04472b	25	<FB><EB><12><F8>生きて <AB1>ってきて‥‥<E7><AB8><AB9>よ <EB><04>
0x044745	49	←０<00><FB><EB><0A><F8><EB><12>さんの\nぐあいは いかがでした？★<E9>！<1E> そろそろ\n<EB><0D>に<A97>かいましょう
0x044777	42	「<EB><0D>へ行くには\nこの<A42>から<A4F><A4D>に行った\n<A19><A51>を<A56>るのが<A4C><A64>です
0x0447a2	29	<F0>と<EA><1D> <EB><1A>のうなり<A5E>が\n闇こえてきた‥‥<EE>★<1D><E9><08>
0x0447e1	92	<F0>と<EF><1D><F2><01><06><1C><06> <EB><04>たちは\nゴーレムを<A70>した！<E9><05><00><00>ぃ<EE>★<1D><FB><EB><0A><F8>なぜ こんな<A4B>に\nゴーレムが‥‥<E7>わたしが <EB><0F>さまと\nここを<A56>った時は\nなにもなかっ<EB>（が
0x04483e	57	<F0>と<EA><1D> <EB><04>たちは\n<F7>５<F4><02>の<A06>へと<A56>された<EE>★<1D>「ようこそ<EB><0D>へ<E7><EB><13><B88><A0E>がお<A22>ちです\nこちらへ
0x044878	23	<FB><EB><0F><F8>ここにおわすが\n<EB><0D><A7A><A12>である
0x044890	229	<F2><01><03><1C><06><FB><EB><13><F8>おお よくぞ来てくれたな\n<EB><04>よ！<E7><EB><0A>も\nご<B07><B90>であった★<E9>！者<F2><01><15><1C><06><FB><EB><0A><F8><B88><A0E>に ご<B58><AB5>が<EB>行★<E9>！者<F2><01><03><1C><06><FB><EB><13><F8><A24>してみよ★<E9>！者<F2><01><15><1C><06><FB><EB><0A>★<EF><1F>タカＩ「ザガート カリブラともに\n<EB><15>の手で <A5D>ぼされました<E7>その<AFB> <EB><15>は\n「５<A00><AD2> この世を<A5D>ぼす」\nと <A42>の者に<A24>したそうで★<E9>！者<F2><01><03><1C><06><FB><EB><13><F8>うむ<E7><AE5><AA4>に<A3D>された<EB>出は\n思いの<B44> <AFC>ないようだ
0x044976	77	「<EB><15>はすでに\nいくつかの<A42>に<A2E>れています<E7>やはり\n「わが<A5F><A60>を<A22>て」との<A5E>は\n<EB><15>に<B23>いないようです★<EE>ＪＩ<F2><01><03><1C><06><FB><EB><13><F8><EB><0F>よ
0x044a12	13	<B00><A56>り<ABD>めております
0x044a20	189	<F2><01><03><1C><06><FB><EB><13><F8><EB><04>よ ギルバルトよ<E7>おまえたちにも\n<A01>みたい<A77><A78>があるのだが<E7>２<A05>とも だいぶ\n<B01>れているようだな<E7><ACD><ACE>を<A23><A3F>させるゆえ\n今<A00>はゆっくり<AF4>んでくれ★<E9>！ク<F0>と<EA><1D> <EB><04>は <A95>の<A94><B02>で\n<AF4>むことになった<E9><0F><EE>★<1D><FB><EB><01><F8>われら この<A94><ABC>を\n<AB2><B03>しましたところ<E7>さらに １<A05>\n<EB><16>を<A31><F4><02>いたしました
0x044ade	58	<FB><EB><03><F8>ここから <A4F><A4E>の方<B04>に\n<EB><14>どもの<B05>がございます<E7>その中に<B06>んでいるのは\n<A06><B23>い<EB>）
0x044b19	38	<F2><01><03><1C><06>「‥‥いや ２<A05>だ<E7>このあたりに\n<EB><16>は２<A05>いるぞ\n<EB><01>よ
0x044b40	38	<F2><01><15><1C><06>「も <A24>し<AC8>ございません！<E7>わたくしの\n<A6F>ち<ABE>で<EB>行
0x044b67	47	<F2><01><03><1C><06>「まあ よい<E7>そのいずれかの<EB><16>が\n<EB><10>の<A4A><A7D><A4B>を\n知っているに<B23>いない
0x044b97	49	<F2><01><03><1C><06>「おまえたちは\nもう<A94>方が どこにおるか\n<AB2>り出すのだ<E6><F2><01><15><1C><06>「ただちに
0x044bc9	8	<E9><08>ヨ「うぉん！
0x044bd2	10	<E9><08>ヨ「わおおんおん
0x044bdd	12	「はふはふ はふはふはふ
0x044bea	14	<E9><08>ヨ「おおん おおん<E9><08>ヨ
0x044bf9	88	<F2><01><15><1C><06>「お<B0D>しぶりです <EB><00>さま★<F2><01><06><1C><06>「<EB><16>だな‥‥<E6><F2><01><15><1C><06><FB><EB><0B><F8>はい★<E9>！者 わたしは\n<A8D><B0F><A8D>死になってから<E7>どんなに<AE5>が<A2C>を<BBB>ったか
0x044c52	41	<FB><EB><0B><F8><EB><00>さま\nお<A66>いいたします<E7>わたしを<AAC>してください★<F2><01><06><1C><06>「<EB><1E>
0x044ce8	141	<FB><EB><0B><F8><F4><02><A48>してくれ<EB>（ね<E7>あのイヌたちに\n<AF0>気はないのです‥‥<E7>ただ このわたしを\nかばおうとして‥‥★<F2><01><06><1C><06>「わかっている<E8><BD9>らは<A32><A81>たちの<A2C><A81>を\nわきまえている<E8><BD9>らに<A28>はない‥‥<E8><A2C><A81>をわきまえぬ者にのみ\n<AAC>はあたえられるのだ<E9><05><00><00>来
0x044d76	77	<F2><01><06><1C><06>「<EB><10>は どこにいるのだ？★<F2><01><15><1C><06><FB><EB><0B><F8><B10>じておりません\nただ‥‥<E7><EB><10>さまは もはや\nこの世にいないような気が\nするのです
0x044dc4	179	「わたしと<B11>じ<EB><16>が\nこの<B12>りにいるはずです<E7>その者が知っておるかも\nしれません★<F2><01><06><1C><06><E9>！者「して <EB><0B>よ<E8><EB>。 これまでの<A1C><B13>を\nなにをも<A67>さず<E8>ここで ただ<A58>のごとく\n<B14>ごしていたのか？<E6><F2><01><15><1C><06><E9><08>）<E9>！ク「<EB><1E><E7><EB><00>さま\nわたしは ある時\n気づきました<E7><EB><14>は あなたに\n<A5D>ぼされる<B08>命にあることを
0x044e78	54	「そこから わたしは‥‥<E7><AA7>みを<B15>て<B16>り\n<B08>命を<B17>け<1F>れることを\n<A05><AA4>に<A29>え<B18>めてきました
0x044eaf	57	「<A05>がみな あなたの手により\n生まれ死ぬのであれば<E7>われらは\nそこで<B00>められた<B08>命に\n<B19>う<B44><EB>）
0x044ee9	93	<FB><EB><0B><F8>わたしのできることは<E7>ただ <AE8>りの<A00>のために\n<AC3>ることのみです★<F2><01><06><1C><06><E9>！者「もっともらしいことを‥‥！<E9><08><00><EE>★<1D><F2><01><06><1C><06>「<A1A>に<A5D>せよ！<E9>Ｃ<E9>７<E9>出<05><00><0D>
0x044f47	243	<F0>と<EA><1D> <A0A><A0B><F4><01><EB><0B>は\n生きた<A58>になった★<E9>！者 <A1A>に<B8C>き<B16>りにした\n<EB><00>の<F4><00>力がよみがえる<E9> <09><00><00><00><0A><05><0F><E9><08>Ｄ<E9>！ク<EE>★<1D><EF>Ｋ<00>★Ｏ←Ｋ<00><F2><01><06><1C><06>「<F4><02>つかったのか？<E6><F2><01><15><1C><06><FB><EB><01><F8>はい<E7><EB><00>さまの\nおっしゃるとおりでした<E7>もう１<A05>の<EB><16>は\nエスコート<A13><A14>におります★<E9>！者「<A13><A14>はここから\n<BF5><BF6>ぞいを<A4F>に<A0E>り<E7><F7>。を<AF1>って<A19><A51>をぬけた<A4B>に\n<EB>行★<F2><01><06><1C><06>「うむ<E8><EB>。 <A75>き<AF3>き\n<A3D>りの<EB><16>を<AB2>せ<E6><F2><01><15><1C><06>「はい
0x04503b	27	<F0>と<EA><1D> <ADD><A0E>から\n<A5E>が闇こえてくる‥‥<E9><08>来
0x045057	28	「‥‥知らん<E7><EB><15>と このわしが\n手を<B1A>むなどと！
0x045074	88	<FB><EB><08><F8>そんなデタラメを\nおまえ <EB>時に‥‥★<F2><01><0B><1C><06><FB>レイ<F8>おしゃべりは もう<B1B>めろ<E7>よく闇け <EB><08>よ\n<EB>。 死ぬのだ<E7><EB><0D>を <A05><A06>を\n<AE7><A74>った<A28>でな！
0x0450cd	24	<F2><01><06><1C><06>「レイよ\n<AC6>きは われの<A77><A78>だ
0x0450e6	113	<FB><EB><08><F8><EB><1E>！<E7>ル ル <EB><00>！！★<F2><01><0B><1C><06><FB>レイ<F8>おのれ\nまたしても <ABB><F4><00>するか★<F2><01><06><1C><06>「さあ そこをどけ<E8>われは そこにいる\n<EB><16>と<A79>がしたい<E6><F2><01><15><1C><06><FB><EB><08><F8>こっちは<A79>すことなどないぞ\nなにもない！
0x045158	43	<FB><EB><08><F8><EB><00>よ！<E7>おまえにも\nこの<A8E>いのにも<E7>わしは まだ\n殺されるつもりはない！
0x045184	78	<F0>と<EA><1D> <EB><08>は ふところから\n<AD6>り出した<B1C>を<B1D>みほした！<EE>★<1D><FB><EB><08><F8>レイよ<E7>ここは おまえさんに\nまかせたぞい<EA><EC> 生きていたら また<B1E>おう！
0x0451d3	109	<FB>レイ<F8>くっ！\n<A94><ABE>ならず <ADC><ABE>までも‥‥<E7>やはり きさまと\n<A04>わねばならないのか★<F2><01><06><1C><06><E9>！<1E>「また <A48>げてもよいのだぞ\nレイ<E8><B11>じことだ<E8>まもなく <AE8>りの<A00>は\n来るのだからな
0x04526d	21	<F2><01><06><1C><06>「<EB><1E>‥‥‥‥おまえは<E9><05><00><00>せ
0x045283	131	<E9><08>）<E9>！ク<F2><01><06><1C><06>「<EB>。 <A32><A81>のあるじに\nあざむかれているようだ<E6><F2><01><15><1C><06><E9>！者<FB>レイ<F8>こ‥‥ろせ★<F2><01><06><1C><06><E9>！者「あるじに<A93>えろ<E8>何<A05>たりとも このわれを\n<B1B>めることはできぬ<E8>きさまに できることは\nただ <AC3>ることのみだ と
0x045341	104	<F2><01><15><1C><06>「はい <EB><00>さま★<F2><01><06><1C><06>「<EB><16>が<A48>げた<E7><EB>。 それを<A49>い\nそして<AF6>らえよ<E6><F2><01><15><1C><06>「おまかせください★<F2><01><06><1C><06>「よいか‥‥\n殺してはならぬぞ<E6><F2><01><15><1C><06>「はい おおせのとおりに
0x0453aa	76	<F2><01><06><1C><06>「<EB><1E>‥‥‥‥<E8><EB><14>もまた\n<EB><16>を<AC2>そうとしている<E6>「<EB><16>どもは<E8>われの手により\n死すべき<B00>めにある<E8><ADB>手なまねは <A54>じてさせぬ
0x0453f7	34	<F2><01><06><1C><06><FA><0A>「気に<1F>らん<E8>‥‥<EB>腕 <F7>思が<E8><EB><1E>‥‥なんのために
0x04541a	50	<F2><01><03><1C><06><FB><EB><13><F8>来たな <EB><04>よ<E7>さっそく <A79>を闇いて\nもらわねばならん★<F2><01><03><1C><06><FB><EB><0F><F8>はっ
0x04544d	218	<F2><01><03><1C><06>「<EB><04><E7>おまえも ここに来るまでに\n<EB><15>の<A4B>行をじゅうぶん\n<F4><02>たことと思う<E7>しかし あれは\nほんの手なぐさみである<E7><EB><15>が<ABF>来の力を出した時\n<EB><14>すべてに\n<B65><B66>な死が<B67>る‥‥★<E9>！者「そこで<EB><13><B88><A0E>は\n<EB><15>のよみがえりを<F4><02>こし<E7><A65><A1C>の<A06>\nその<A77><ABE>をなされてきた<E7>それが あと<A94><A3B>で\n<A2F>を結ぼうとしている<E7>しかし\n<B68><AD2>の<A77><A1F>げには\n<EB><1D>石が<AB4><B69>である
0x045528	245	<F2><01><03><1C><06><FB><EB><13><F8>うむ★<E9>！<14>「<A61>に わしの<B6A>子の\n<EB><05>が\n石を<AD6>りに行ったが‥‥<E7>いまだに\n<AB1>ってこないのだ<E7>そこでだ <EB><04>よ<E7><A12>子を<A45>け\n<EB><1D>石を<AD6>ってきてほしい<E7>その石が手に<1F>れば\n<AE5><AA4>は <A62>来を\n<A63>えることができるはずだ★<E9>！者「今は わしの<B6B><B6C>を\n<ADF>かに<A79>すことはひかえるが<E7>おまえが それを<F4><02>たら\nさぞ おどろくことだろう<E7><A01>んだぞ <EB><04>！★<F2><01><03><1C><06><FB><EB><0F><F8><EB><04> ギルバルトの\n<B6D><A25> 前に出でよ
0x04561e	46	<F2><01><03><1C><06>「<EB>８より おまえたちに\n<A0E>されものがあるぞ\nありがたく<B17>け<AD6>るように
0x04564d	42	←１<00>「では これを‥‥★<E9>！者<F0>と<EA><1D> <EB><04>たちは\n<EB><19>を１０こ\n手に<1F>れた！★
0x045694	35	「ここからは\n<EB><13><B88><A0E>の<A53>しがなければ\n<1F>ることはなりません
0x0456b8	58	「<EB><04><A14>と\n<EB><0A><A14>ですな<E7><EB><0D>より\n<A24>しつかっております<E7><F7><0B>の<A08><A76>にあるスイッチを\nふんでください
0x0456f3	13	←Ｈ<00>「さあ どうぞ！
0x045701	26	<EF>２<00>タて「<EB><05>さまは\nご<AD4><A78>でしょうか‥‥
0x04571c	80	<FB><EB><0A><F8><EB><04>さん\n闇こえませんか？★<E9>！者「‥‥ぅぇぇぇぇ<E6><E9>！（<FB><EB><0A><F8>ほら！\n子<A96>の<AF7>き<A5E>ですよ★「<EB>腕 なんだって\nこんなところに子<A96>が‥‥
0x04576d	32	「ぇぇえぇええん<E6><E9>！（<FB><EB><0A><F8><AF7>き<A5E>が<A4C>くなりましたね
0x04578e	28	「うあぇええんえええー<E6><E9>！（<FB><EB><0A><F8>この<B12>りかな‥‥
0x0457ab	13	<FB><EB><0A><F8>いた いましたよ！
0x0457b9	230	「<EB>腕 どうして\nこんな<A4B>にいるんだい？★<E9>！<1E><FB>子<A96><F8>とうちゃんが★<E9>！者 とうちゃんが‥‥\nうぇぇぇぇええええ★<FB><EB><0A><F8>ほら <AF7>いてちゃ\nわからないよ<E7>なにか あったんだね？★<E9>！者「グス とうちゃんが ぼくが\nさらわれるって<E7>たすけにきて‥‥<E7>それで ここで\nまよったの★<FB><EB><0A><F8><F7>思が さらうんだって？★「へいたいさん‥‥<F1><E9>！<1E> でも‥‥★<E9>！者「‥‥でも とうちゃん\nあなにおちて グス<E7>うぅぇええええええーん
0x0458a0	10	「あなた方は‥‥<E9><0F>
0x0458ab	45	<FB><EB><0A><F8>いえ あやしい者では\n<EB>）<E7>子<A96>の<AF7>き<A5E>を闇いたもので\nここまで来<EB>（
0x0458d9	36	「ほら ぼうや\nこわくないのよ<E7><AF7>かないで\nもう大<AF8><AF9>だから
0x0458fe	46	<FB><EB><0A><F8>わたしは <EB><0A>\n<BD9>は<EB><04>といいます<E7><EB>気？★<E9>！者「<EB><0C>と<A24>します‥‥‥<E7>‥‥！
0x04592d	625	「あなたのその<A69><E7><EB>腕どこで\n手に<1F>れ<EB>（か？★<F0>と<EA><1D> これまでのことを\n<EB><0C>に<A79>しますか？<F0>と時中<EC><E9>輪ーＹ<E9>！者<F0>と<EA><1D> <EB><04>は 今までに\n<A6E>きたことを\n<EB><0C>に<A79>した★<E9><0A> <E9>！者<ED> <F2><01><15><1C><06><E9><09>た<FB><EB><0C><F8>やはり <EB><10>さまが‥‥<EA><EE>物Ｙ<ED> <F2><01><15><1C><06><E9><09>た<E9><0A> <E9>！<1E><FB><EB><0C><F8><EB>力か‥‥<E7>なにか<A78><B6F>が\nおありのようですね<EA><EC><E9>！者<FB><EB><0C><F8><EB><04>さん\nよく闇いてください★<E9>！者「今から<A1B><A1C>前\n<EB><10>さまと６<A05>の<A0A><A0B><F4><01>が\n<EB><15>を<A10><A11>し‥‥<E7>この大<A2A>は <EB><14>の手で\n<A57>めることになっ<EB>（<E7>しかし その<AD2>まもなく\n<EB><10>さまは\n<AE9>を<A46>されてしまいました★<E9>！者「なぜ お<A46>れになったのか\nどこに行かれたのか\nそれは わかりません<E7>ただ <A0D>かなことは\nその<A69>が <EB><15><A10><A11>の<AFB>に\n<A7B>われたものだということ<E7>また <EB><10>さまが\n<B44>ならぬあなたに\n<A69>を<A26>されたということです★<E9>！者「‥‥これから<A61> あなたに\n大きな<AEC><B84>が\n<A22>ち<B17>けることでしょう<E7>けれども あなたが<A04>わねば\n<EB><14>の<A62>来は\n<A1A>に<B70>ざされます★<E9>！ク「<A68>をその<A69>に\nたくわえるのです<E7><A68>は<B71>るところにあり\n<A69>の中の<A68>は かならず\nあなたの<A45>けとなります★<E9>！ク「もう行かねばなりません<E7>この子はわたしが\n<AFE><B66>な<EB><1B>へ<AB6>れて行きます<E7>また お<B1E>い<EB>０
0x045b9f	25	「さあ ぼうや\nついてらっしゃい★<E9>！<1E>「うん！
0x045bb9	107	<FB><EB><0A><F8><EB><0C>さんか‥‥<E7>なぜあの<A05>は\nあんなことを知っていたの\nでしょう？<E7><A8D>思<B4C>な<A05>です★<E9>！者「さあ ここを出ると<A4F><A4D>の\n方<B04>に<A17>があるはずです<E7><EB><05><A12>子のもとに\nかけつけましょう
0x045c25	57	<EF>今<03>ネ闇「にいちゃん<E7>この<A42>から\nそれほど はなれていない\nところで<E7>兵<B3A>さんが\n<B07>しんでるんだ
0x045c5f	40	<EF>今<03>を闇「<A4D>のほうだよ<E7>なんとかしてあげて！\nすごく いたがってるよ
0x045c88	29	「兵<B3A>さん どうだった？<E7>‥‥しんじゃったんだね
0x045ca6	42	「のどがかわいたって\nへいたいさん いったから<E7>おみず あげたんだ ぼく
0x045cd1	298	「<AA1>の<A05>よ すまないが\n<A01>みを闇いてくれ★<E9>！者「おれはエセル\n<EB><0D>の兵<F4><01>だ<E7><EB><1E><A95><A0E><A42>に\nおれの<AF5><B72>がいる<E7>どうか\nこれを<AF1>してほしい★<F0>と<EA><1D>★<00><1A>石<1D> エセルから\nかたみを<B17>け<AD6>った<E9><08>つ★<E9><0A> <E9>！者<ED> <F2><01><15><1C><06><E9><09>た「これで‥‥ もう★<E9>！者<F0>と<EA><1D> エセルは しずかに\n<B6A>をひきとった<E9>！者<E9>力<00><EE>★<1D>←２<00>「<EB><05><A12>子\nご<AD4><A78>でなによりです★「おお <EB><0A>\nなにか<A78><B73>でも<A6E>きたのか？<E7>いえ <EB><13><B88><A0E>より\n<A12>子の手<A45>けをせよとの\n命を<B17>けまして ここまで★<FB><EB><05><F8>‥‥うう<E7>また <EB> が\nいらぬ<A37><A38>をしたのか
0x045dfc	79	「<EB><0A>よ\nご<B07><B90>であった\n<ADA>ったら <EB> に<A93>えてくれ<E7><EB><05>は<A76>気に\nやっております<E7><EB><1D>石は <A6A>の前にあり\nあとは<A34>ち<ADA>るだけです と
0x045e4c	130	<FB><EB><0A><F8><EB><1E>‥‥★<E9>！者「<A12>子！\nもし あなたの<A2C>に\n何かありましたら<E7>わたしは\n<EB>８に<A73><A97>けできません<E7>どうか\nわたしを<A45>けると思って\n手<A45>けさせてください！★「ふむ <A6D>え<B74>してもよいが<E7>そこの<A80><F4><01>は？★「<EB><04>と<A24>す者で\n<EB>行
0x045ecf	161	「おまえ 腕は<A91>つので\nあろうな？<F0>と時中<EC><E9>！者<E9>輪Ａ方「うむ\nかなりの<A32><B51>があるようだな<EA><EC> では ギルバルト <EB><04>\n<B11>行を<A53>してつかわすぞ★<F0>と<EA><1D> <EB><04>たちは\n<A12>子に<B11>行することになった<EE>★<1D>「気に<1F>った！\nわたしは<AAF><B74>者がすきだ！<EA><EE><04>方「さ！ <A1E>るとするか<EA><E9><02>ア<00><00><EA>１
0x045f71	64	<FB><EB><0A><F8>な なんだか 気<A81>が‥‥<E7>気<A81>が<AF0>く‥‥ \nなって‥‥きまして‥‥★<FB><EB><05><F8>ん？ わたしは大<AF8><AF9>だぞ
0x045fb2	58	「あの石‥‥\n<EB><1D>石がわたしを\nこばんでいるようです★<FB><EB><05><F8>なにを<A47>気な‥‥\n石は<A6A>前にあるのだぞ
0x045fed	104	←３<00><F0>とサ<1D><F0>と<EA><1D> ふいに\nあたりの<AE4>気がよどみ\n<EB><1A>の気<A38>がしてきた★<E9><0A> <E9><09>た<E9>。た者な<E9><08>ナ<E9>！者<F2><01><15><1C><06><FB><EB><05><F8>出たな <B75>物め<E7>みじんにしてくれるわ！<E9>！者<E9>Ｎ兵<E9><12>７<03><00><00><00><00>
0x046069	104	<E9><05><00><00>ヤ<E9>！ク<FB><EB><0A><F8>これが<EB><1D>石ですね‥‥★<FB><EB><05><F8>この石さえあれば<E7>あの<EB><15>に<B76><B77>することが\nできるのだ<E7>みな ご<B07><B90>だった\nこの<EB><05>\n<A7F>をいうぞ！★「さ！ <B08>ぶとしよう
0x0460d2	23	<F0>とサ<1D><F0>とサ<1D>「‥‥？！<E7>な なんだ？<E9><08>
0x0460ea	61	<EE>★<1D><E9><08>ノ<E9>！ク<F0>と<EA><1D> <EB><1D>石から<A31>した<B78>い<B79>が\n<EB><04>たちを<B7A>みこんだ<EE>★<1D><F2><01><03><1C><06>「気がついたか‥‥
0x046128	35	<FB><EB><05><F8>ややっ\n<EB><1D>石はどこだ！★<F2><01><03><1C><06>「わしが<A34>っておる
0x04614c	257	<F2><01><03><1C><06>「<F7>思のさしがねだ？<E7>なぜ おまえたちは\n<EB><1D>石を<A34>ち<B16>ろうとする？★<F2><01><15><1C><06><FB><EB><05><F8><A22>て！<E7>その前に <A25>をなのるのが\n<A7F><B7B>というものであろう★<F2><01><03><1C><06>「こりゃ すまなんだ<E7>わしは <EB><08>\n<BC6>は <EB><16>などと\nいうもんをやっとった<E7>よろしくな\n<EB><05><A12>子★<F2><01><15><1C><06><FB><EB><05><F8>う‥‥★<F2><01><03><1C><06><FB><EB><08><F8>わしには<B51>じられん<E7>あの<A17>は <B35>して\n生きて出られぬよう\n<B7C>を<A77><AE3>け <EB><1A>をおいた<E7>それに ケルベロス‥‥★<E9>！者「あれを <B7D>ち<A70>すことが\nできるとはな
0x04624e	23	<F2><01><03><1C><06>「<F7>思が とどめを<B7E>した？<E9><0F>
0x046266	30	<FB><EB><05><F8>むろん このわたしが‥‥★<F2><01><03><1C><06>「うそをつけ！
0x046285	20	<F2><01><03><1C><06>「‥‥おまえでないとすれば
0x04629a	290	<F2><01><03><1C><06>「おまえか！★<E9>！者「<A8E>いに<AEA><BFD>わず\nたいしたもんだの★<E9>！者「だが この石は<AF1>せんよ★<F2><01><15><1C><06><FB><EB><0A><F8>そんな！★<F2><01><03><1C><06><FB><EB><08><F8>おおかた <EB><13>が\n石を<AB2>せと命じたのだろ？<E7>いいか <EB><1D>石だけで\n<EB><15>に<A91>ち<A97>かえると\n思うたら大<A06><B23>いだ<E7><EB><15>が <ABF><A90>の力を出せば\nこんな石など<A92>には<A91>たん★<F2><01><15><1C><06><FB><EB><0A><F8>しかし <EB><13><B88><A0E>は‥‥<E7><A65><A1C>にわたり <EB><15>に<B76>する\n<A8B><A8C>をされてきました<E7>その石さえあれば\n<A8C>えは<B65><B66>なものになると★<F2><01><03><1C><06><FB><EB><08><F8><AD3><B7F>はその<EB><13>だ<E7>やつは <A81>かっておらぬ
0x0463bd	41	<FB><EB><05><F8>なにぃい！\n今 なんと言った！！<E7>きさま <EB> をコケに\nするつもりか！<E9><0F>
0x0463e7	63	<F2><01><03><1C><06>「やかましいわ<E7>また<A17>に<AB1>してもよいのだぞ\n今<ABE>は おまえ１<A05>きりでな★<F2><01><15><1C><06><FB><EB><05><F8>うぐっ‥‥
0x046427	94	←Ｄ<00><F2><01><03><1C><06><FB><EB><08><F8>ちょうどよい★<F0>とニ子<E7><EB><15>は\nこの<A42>にもやって来たのだ<E7><AE5><AA4> <EB><16>を殺しにな<E7>あの<A58>を<F4><02>れば\n<EB><15>が<B5A><B76>の力を<A34>つことが\nわかるだろう
0x046486	46	<F2><01><03><1C><06>「この<A42>の<A94><BA3>大きな\n<ACE><F7><1B>に行ってみるがよい<E7>そこに<EB><16>の<A58>がある
0x0464b5	49	<FB><EB><05><F8><EB><16>だろうと何だろうと<E7>わたしはこの<A30>から<EB><1D>石を\n<AD6>り<A27>さねばならんのだ！
0x0464e7	51	<FB><EB><0A><F8>この<A05>が‥‥<E7><BC6> <EB><15>を<A10>じたとかいう\nあの<EB><16>なのですか？<E7><B51>じられない‥‥
0x04651b	18	「<EB><1D>石をあきらめて\n<ADA>るのかね？
0x04652e	237	<F0>と<EF><1D><F2><01><06><1C><06> <EB><04>たちは\nそこにうずまく<BA2><BE5>に\n<A2C>の<F7><1C>る思いがした★<E9><0A> <E9><09>た<E9>！者<ED> <F2><01><15><1C><06>「こ これは‥‥？！★<FB><EB><08><F8>こやつも <EB><16>の１<A05>だが\n<EB><15>の手で生ける<A58>になった<E7>殺されるよりも<BA2>ろしい\n死をこえた<AAC>‥‥★<E9>！<1E> きっと <AE5><AA4>の<BFA><BFB>を\n<B5A>するような<B07>しみに<E7>今も もがき<AF3>けているに\n<B23>いない‥‥★<E9>！者「<EB><15>は\n<A1B><A1C>前の<AB8><AB9>を\nわすれてはいないのだ‥‥★<E9>！者<FB><EB><0A><F8><AB8><AB9>‥‥？<E9>！者<E9><08>
0x04661c	41	<E9>！者<EC><F0>とサ<1D><E9><08>界<EE>★<1D><F2><01><03><1C><06>「<EB><14>どもが<AA5>まって\nなにをしている？
0x046646	52	<F2><01><03><1C><06>「<EB><08>よ！\n<EB><00>さまから\n<A48>れることはできぬぞ！★<F2><01><15><1C><06>「どなるな\n闇こえておるわ
0x04667b	63	<FB><EB><0A><F8>こ こいつは‥‥！？★<FB><EB><08><F8><EB><15>のしもべだ★<FB><EB><05><F8>ふんっ！<E7><F7>思に<A77>えようと\nしもべはしもべにすぎん！
0x0466bb	63	←４<00>「さあ かかってこい！★<E9>！者<F2><01><03><1C><06>「<B2F>かな‥‥<E7>みなまとめて\n<A35><A36>してくれるわ！<E9>！者<E9>Ｎ兵<E9><12>Ｉ<03><00><00><00><00>
0x04670e	93	←<09><03><E9><05><00><00>レ<E9>！者<F2><01><03><1C><06>「おおおおおお\nこのようなことが‥‥<E7><EB><00>さま！<E7>この<EB><03>を\nお<A53>しく‥ださ‥‥い<EE>★<1D><FB><EB><08><F8><EB><1E><E9><08>行<E7>すでに<B08>命の輪は\nまわり<A35>めたのか
0x04676c	171	「この石はやはり\nおまえたちに<AF1>そう<E7><EB><13>がなにをしようと\nこの<B80>れは<B1B>められぬ‥‥★<E9>！者<F0>と<EF><1D><F2><01><06><1C><06> <EB><04>たちは\n<EB><1D>石を<B17>け<AD6>った<E9><08>つ★<E9><0A> <E9><09>た<E9>！者<ED> <F2><01><15><1C><06>「<EB><04>といったな<E7>おまえには<F4><02>えざる<ABA>りが\nあるようだの★「<A23><A37>しろ\n<B81>は <EB><15>だけではない<E7><B51>ずるは おのれの<A37>のみだ
0x046818	230	「おっ！\nグズグズしてはおられん<E7>わしは<A05>気者での\n<F4><00><A12>と<EB><14>の<B6D>方から\n命を<B82>われとるんだ<E7>そういや この前きた<B7E><B83>\nそこの<F4><00><A88><F4><01>と\nうりふたつだったな★<FB><EB><0A><F8>‥‥！★<E9>！者「じゃ わしは行く<EA><EE>つＱ<FB><EB><05><F8><A65>い１<A00>だったな‥‥<E7>だが 石は手に<1F>った★<E9>！ク「<AFC>しここで<B31>ろう\nもうクタクタだ★<E9>！ク<FB><EB><0A><F8>わたしとそっくりの\n<B7E><B83>が‥‥？★<E9>！者 もしや‥‥<EE>★<1D><FB><EB><02><F8>くっ <A48>げられたか
0x0468ff	26	<E9><08>）<E9>！ク「おおお <EB><03>よ！<E7>なんという<AE9>に‥‥
0x04691a	75	「‥‥<EB>腕 <F7>思が★<F0>と<EA><1D> <EB><02>は\n<EB><03>の<A58>から<B21><B22>を\n<AD8>み出した<EE>★<1D><F2><01><03><1C><06>「やつらは <EB>腕\n何者なのだ<E8>あの<EB><03>を<A70>すとは‥‥
0x046966	36	<F2><01><03><1C><06>「おまえも あれを<F4><02>たのか<E6><F2><01><15><1C><06><FB><EB><01><F8>はい <EB><00>さま
0x04698b	82	<F2><01><15><1C><06>「<EB><08>は あの<AD2>\nアルヒ<02>ーヌの<A18>に<E7><A05><A06>どもは <EB><0D>に\n<A97>かったようで<EB>行★<F2><01><03><1C><06>「<A18>か‥‥<E6><F2><01><15><1C><06>「はい \nここより<A4F>に<EB>行
0x0469de	101	←出<00><F2><01><03><1C><06>「<EB><02>よ‥‥<EE>★<1D>←Ｊ<00><F2><01><06><1C><06>「<EB><02>よ‥‥<E6><F2><01><15><1C><06>「はい <EB><00>さま★<F2><01><06><1C><06>「おまえは あの<EB><14>たちを\n<A49>うのだ<E8>やつらは<EB><0D>へ<A97>かった<E6><F2><01><15><1C><06>「しょうちいたしました
0x046a44	45	←時<00><F2><01><03><1C><06>「<EB>。 <A75>き<AF3>き\n<EB><10>を<AB2>せ<E8>われは<A18>へ<A97>かう<E6><F2><01><15><1C><06>「はっ
0x046a72	117	<FB><EB><08><F8>やはり <A5D>ぼすのか★<F2><01><06><1C><06>「それが<EB><10>との<AB8><AB9>だ<E8><A1B><A1C>前 われが\n<EB><14>を<A5D>ぼそうとした時<E8><EB><10>は時<A06>をくれと言った<E8>時が来たれば\n<EB><14>は<A63>わると<E8>だが <A63>わらなかった\nそれどころか‥‥
0x046ae8	196	<F2><01><06><1C><06>「<EB><08>よ<E6><F2><01><15><1C><06>「わかっておる\n<EB><1C>のことだな<E7>‥‥あんた\nバムを<B0A>えているかね<E7><EB><16>の１<A05>だったバムを★<F2><01><06><1C><06>「バム‥‥？<E6><F2><01><15><1C><06>「今では <EB><0D>の<A7A><A12>だ<E7>やつが<EB><1C>を\n<A34>っていることは<A06><B23>いない★<F2><01><06><1C><06>「われの<EB><1C>は\n<EB><10>に<AF1>したはずだ<E6><F2><01><15><1C><06>「バムが どうやって\n<EB><1C>を手に<1F>れたかは知らぬ<E7>それに知りたくもない‥‥
0x046bad	83	←手<00>「<A5D>びの<A64>を<B24>んだのは\n<EB><14><A32><A2C>かもしれん<E7>だが<AE8>りの<A00>を\nただ <A22>つことはできんのだ<E7>わしにはな‥‥<E9>！Ｚ<E9>Ｎ<1D><E9><12>ら<02><00><00><00><00>
0x046c11	60	<FB><EB><08><F8>‥‥<EB><00>よ<E7>われらは <B25>に<B26>い 殺す<E7>だが<B11>時に\n<A66>いを<A34>ち <B27>をも<A34>つのだ<E9><05><00><00>輪<E9><08>）
0x046c4e	37	「時をくれとは 言わない\nただ <F4><02><ABA>ってほしいのだ<E7><B28>り<B29>よ！
0x046c74	31	<E9><09>輪<F2><01><06><1C><06>「<A28>をつぐなうのだ‥‥<E9>Ｃ<E9>７<E9>出<05><00><0D>
0x046c94	68	<F0>と<EA><1D> <A0A><A0B><F4><01><EB><08>は\n生きた<A58>になった<E9> <09><00><00><00><0A><05><0F><EE>★<1D><F2><01><06><1C><06>「何をしようと<B11>じことだ\n<EB><08><E8><EB><14>は<A5D>びる
0x046ce0	70	<F2><01><03><1C><06>「よくやってくれたな\n<EB><04> ギルバルト<E7>この石が手に<1F>ったことで\nわれらは <EB><15>に<B76>して\n大きな<B85>を<A34>ったことになる
0x046d27	105	<F2><01><03><1C><06>「では おまえたちにも\n<F4><02>せるとしよう！<E7><A95><A0E><A42>の<A4E>の<AE1>にある\n<A9F>までくるがよい<E7>兵がいるであろうから\nすぐにわかるじゃろう<E7>こうしてはおられん\nわしは<A61>に行っておるぞ
0x046d91	36	「<EB>８は\nこの<A61>へ<A97>かわれました★ どうぞ お<AC1>ぎください
0x046db6	38	「<ADD><A0E>は<EB><1D><A9C><B8C>の\n<A41>力<B02>となっています<E7><A91>ち<1F>りできませぬ
0x046ddd	23	「すでに みなさん\nお<A22>ちになっております
0x046df5	39	<FB><EB><13><F8><EB><0F>よ\n<A8B><A8C>はできておるな★<FB><EB><0F><F8>いつでも<A6E><A41>できます
0x046e1d	69	<FB><EB><05><F8>よく<F4><02>ておけ <EB><04><E7>今<A00>のことは かならず\n<B86><B87>に<A3D>るだろうからな★<FB><EB><0F><F8><EB><13><B88><A0E> どうぞ\nこのスイッチを
0x046e63	63	←６<00>「うむ‥‥<E7>では <A35>めるとするか★<E9>！者<F0>と<EA><1D> <EB><13>は\n<B89><B8A>のスイッチを<AD7>した<EE>★<1D><FB><EB><0F><F8><A67><B8B>です！
0x046ea3	27	<FB><EB><05><F8>やったぞ！\n<AE5><AA4>は<A67>しとげたんだ！
0x046ebf	16	<FB><EB><0F><F8><EB>８\nおめでとう<EB>行！
0x046ed0	79	<FB><EB><13><F8>この<A9C><B8C>は <AEB>力な<EB><1D>を\n<A31>生させるものだ<E7>これで <EB><15>が<A95>に\n<A08>をふみ<1F>れることはできぬ<E7>１<A3B>たりともな\nフハハハハハハハハ！
0x046f20	235	<FB><EB><0A><F8>しかし‥‥<E7>それだけ<AEB>力な<EB><1D>を\n<B8D>るには<E7>とてつもない\nエネルギーが<AB4><B69>では‥‥★<FB><EB><0F><F8>それこそが <EB>８の\nもっとも<B07><A37>された<A4B>なのだ★<FB><EB><13><F8><A37><A38><AD4><A23>だ <EB><0A>\nこの<A9C><B8C>だけではない<E7>わしは その<AD2>の<B8E>も\n<A91>ててあるのだよ★<E9>！者「これで やっと\nわしの<B8F><A66>は<AD1><A67>されたのだ<E7>みな ご<B07><B90>であったな<E7><A95>にて\n<B91>の<A8B><A8C>がされておる<E7>今<A00>は<B10><A81>に<B92>しんで‥‥<E9><08><00><E9>！者
0x04706d	9	「な 何<A78>だ！
0x047077	21	<FB><EB><05><F8><EB> \nわたしが<F4><02>てまいります！
0x04708d	92	<FB><EB><05><F8><EB> ！ <B93>が‥‥<E7><EB>生が<B94>られました！<E7><B97><A05>たちが\n<A48>げ出したようです！<E9><08>界<EE>★<1D><FB><EB><13><F8>くっ なんということだ<E7>みなの者！ <A49>え！\n<A49>うのじゃ！
0x0470ea	76	←７<00>「‥‥<A28><A05>とはいえ\nみすみす<B1F>に出し <EB><15>に\n殺させるわけにはいかぬ<E7><EB><04>よ ギルバルトよ<E7>すまぬが お前たちも\n<EB>兵を<A49>ってくれ！
0x047137	47	<FB><EB><05><F8><EB><04>\nシャマルの<A19><A51>に行ってくれ<E7>やつらは まず\nそこに<A48>げ<AA9>むはずだ
0x047167	55	<FB><EB><13><F8><EB>兵は<F4><02>つかったか？<E7><AC1>いでくれ\n<EB>出がたつほど みなの命は\n<B55><A16>にさらされるのだから
0x04719f	52	<FB><EB><0F><F8><EB><13><B88><A0E>は なんと\nじひ<A2B>いお方だろう<E7><A28><A05>をも<BDB>おうとされる\nその思いやり‥‥
0x0471d4	41	「<EB>兵は <A4F>の方に\n<A97>かっております<E7>おそらく\nシャマルの<A19><A51>へ行くものと
0x0471fe	47	「<EB>兵は すでに\n<A42>を出てしまいました<E7>しかし <EB>生にあれほど\n<B97><A05>がいたとは‥‥
0x04722e	247	<FB>ネヤ★<EF>８<00>手ウ「<EB><04>！<E7><A45>けに来てくれたんだね★「あたしには 何がなんだか\n<A81>からないよ<E7>兵<B3A>が いきなりやってきて\n<B93><ACE>に<AAD>りこまれたんだ★<FB><EB><0A><F8>そんなわけは‥‥<E7><B38><B0E>もなく<EB>８が\nそんな<A78>をするわけがない★<FB>ネヤ<F8><EB>手さ<E7>だから あたしには\n<AC8>が<A81>からないんだ<E7><A94><BA4>に<B93>から<A48>げ出した\nみんなも<B11>じようなもんさ★「さあ <EB><04>！\nここから<AB6>れ出しとくれよ★<E9>！者<FB><EB><0A><F8>たしかに‥‥<E7>みんながウソを言ってるとも\n思えないし‥‥
0x047326	19	「<EB><04>！\n<A6B>く出<AB3>を<AB2>しておくれ
0x04733a	28	<E9><08><00><F2><01><06><1C><06>「その<A05>の言っていることは\n<EB>時です
0x047357	8	「あ <EB>気‥‥！
0x047360	486	<E9><08>十<F2><01><06><1C><06>「<EB><04>さん\n<EB><0A>さん<E7><B0A>えていらっしゃいますか？\n<EB><0C>です★<E9>！者「あなた方は<EB><13>の命を<B17>け\nここに来<EB>（ね<E7><EB>兵を<AF6>らえろと‥‥★<F2><01><15><1C><06><FB><EB><0A><F8>ええ <EB>力\nしかし <A8F>手は<A28><A05>ですよ<E7><B95><B96>したからには <AF6>らえて\n<AB6>れ<AB1>さねばなりません★<F2><01><06><1C><06>「それは<B23>います<E7>この<A19><A51>に<A48>げ<AA9>んだ<A05><AA4>は\nみな <B38><B0E>もないまま\n<B93>に<1F>れられ<EB>（★<F2><01><15><1C><06>「<EB><1E>！★<F2><01><06><1C><06>「<A95>に<ADA>せば みなの命は\nないでしょう★<E9>！者<F2><01><15><1C><06>「それが<EB>時だとしたら‥‥★<F2><01><06><1C><06>「<A3D><B59>ですが\nこれ<BAD><A1F>お<A79>しているひまは\n<EB>）<E7><A6B>くみんなをこの<A19><A51>から\n<AB6>れ出さないことには‥‥★<E9>！者「<EB><04>さん\n<EB><0A>さん<E7>兵<F4><01>たちが ここに来るのは\n<EB>出の<AD3><B7F>でしょう★ ここはわたしを<B51><A23>して\n<F7><17>力してくれませんか？<E9>！<1E><F0>と時中<EC><E9>輪Ｇオ「ありがとう<EB>行\n<A94><BA4>に出<AB3>を<AB2><EB>０！<E7>さあ <AC1>がねば！★<F2><01><15><1C><06><F0>と<EF><1D> <EB><0C>が\n<EB><04>の<A98><A06>になった！<E9>Ｃ<E9><02>ク８<00><EA>１
0x047547	82	「<EB><04>さん！<E7>みなの命が<B55>ないのです\nどうか お<A66>いします！★<EE>よエ「<A49>われている<A05>たちは\n<EB>界が<AB6>れて行きます<E7>どうかご<A37><A38>なさらずに
0x04759a	13	「出<AB3>さえわかれば‥‥
0x0475a8	54	<FB>子<A96><F8>ぼくたちを\n<AF6>まえに来たんだね<E7>出<AB3>が<F4><02>つからないんだ\nどこにも<A48>げられないよ
0x0475df	41	<FB><A30><F8>おれは 何もやっちゃいない<E7>それなのに\nなぜ<B93><ACE>に<1F>れられたんだ？
0x047609	58	<FB><B98><F8><B99>から<B99>へ <B93><ACE>に\n<A05>が<1F>れられてたけど<E7>すぐに どこか<B9A>のところへ\n<B9B>されてたみたい
0x047644	29	<FB><B0F><A05><F8><F4><02><A48>しておくれ\n<EB>時に何もしてないんじゃ
0x047662	57	<FB><A30><F8><A48>げたはいいが\nこんなところで<AAA>っちまった<E7><EB>時にこの<A19><A51>には\n出<AB3>があるんだろうか？
0x04769c	50	<FB><B0F><A05><F8>この<BBE>になって\n<B93>に<1F>れられるとは‥‥<E7><EB><13>さまはいったい\n何を<A6D>えておられるのか
0x0476cf	141	<FB><A30><F8>あんたの<AD2>ろにいる<A05>と\nそっくりの<A30>が<E7><B93>に<B9C>を<AC7>けてくれたんだ<E7>そのおかげで みんな\n<A48>げることができたんだよ★<E9>！者<FB><EB><0A><F8>やはり<EB>！が‥‥<E7><EB><04>さん わたしの<B3D>も\n<B93>に<1F>っていたようです★<E9>！者「<EB>腕 何をしでかして\n<B93>に‥‥
0x04775d	31	<FB><A30><F8>やっと\nあの<B93>から出られたんだ<E7>もう<AB1>るもんか！
0x04777d	37	<FB>兵<F4><01><F8>ここはおまえたちの\n来るところじゃない<E7>さ <ADA>った<ADA>った！
0x0477a3	45	「<EB>！！★<FB>レイ<F8><EB><0A>か‥‥\nなぜ ここに？★<FB><EB><0A><F8>なぜ <B93><B94>りなどを？★<E9><08>
0x0477d1	257	<E9>！者<E9><08>行<E9>！え<FB>レイ<F8>よく闇け <A8A>よ\nおれには<EB>出がないのだ★<E9>！者「おれは<EB><13>から\n<EB><16><B9D>殺の命を<B17>けた<E7><A0A><A0B><F4><01>が<EB><15>と\n手を<B1A>んでいると<E7><EB><13>は言ったのだ★<E9>！者「<EB><16>の<A76>に行けば\nかならず <EB><15>は<A2E>れ<E7>おれは やつと<A04>い\nそして<B9E>れた★<E9>！者 だが やつは\nとどめを<B7E>さなかった‥‥★<E9>！者「なんとか おれは\n<A95>に<ADA>り<B33>いたが‥‥<E7><EB><13>は <A79>も闇かず\nおれを<B93>に<B9F>じた★<E9>！者「なぜだか<A81>かるか\n<EB><0A>よ‥‥★<E9>！<1E> う‥ うぐっ‥‥！
0x0478d3	25	<FB><EB><0C><F8>もう しゃべらないで\n<A07>にさわります
0x0478ed	24	「お‥‥ おれにはまだ\nやるべき<A78>が‥‥
0x047906	274	←９<00>「<EB>！は？★<FB><EB><0C><F8><AFE><B66>なところへ<B9B>しました<E7><A79>の<AF3>きは\nわたしの<AA5><A6F>へ<B33>いてから\nゆっくりと<E7>さあ 出<AB3>を<AB2><EB>０<EE>★<1D><FB><EB><0A><F8>やったあ 出<AB3>だ！<E7>これでみんなを<A48>がすことが\nできますね<E9>！者<E9><08><00><E9>！者<EC><F0>とサ<1D><EE>★<1D>←石<00><F2><01><06><1C><06><FB><EB><02><F8>ここにおったか<E7><EB><03>を殺したのは\nおまえたちだな★<F2><01><15><1C><06><FB><EB><0A><F8>こ こいつは？！<E7><EB><04>さん気をつけて！★<F2><01><06><1C><06>「<EB><14>ごときが\n何をコソコソと！<E7>さっさと<EB><00>さまに\n<A02>をさし出せばいいものを！<E7><BA0>けらめ <A48>しはせぬ！<E9>！者<E9>Ｎ兵<E9><12>ッ<03><00><00><00><00>
0x047a27	203	←<0A><03><E9><05><00><00>。<E9>！者「なぜだ？<E7>この<EB><02>が‥‥<E7><EB><14>ごときに<E7><B9E>れる‥‥とは‥<EE>★<1D><FB><EB><0C><F8><EB><04>さん<E7>この<A19><A51>を出て<A4F>に<A0E>れば\n<EB>界の<AA5><A6F>に<B33>きます★<E9>！（「そこでお<A79><EB>０<EE>★<1D><F0>と<EA><1D> こうして <EB><04>たちは\n<EB><0C>の<A88>きによって\n<AA5><A6F>へと<A97>かった<EE>★<1D><FB><EB><01><F8><EB><00>さま<E7><A95>のまわりは <EB><1D>によって\n<A10>じられております<E7><EB><14>が あれほどの力を\n<A34>つとは‥‥
0x047af3	52	<F2><01><03><1C><06>「<EB><14>の力ではない！<E8>われから<A52>みだした力だ！<E6><E9>！ク <EB><1C>を<AD6>り<AB1>さねばならぬ
0x047b28	78	<F2><01><15><1C><06>「しかし <EB><00>さま<E7>あの<EB><1D>がある<ACB>り\n<A95>には<1F>ることが‥‥★<F2><01><03><1C><06>「なにが言いたい？<E8><1F>ることができぬと\n<EB>。 そう言うのか？
0x047b95	20	<E9><09>輪<F2><01><03><1C><06>「あの<A95>にあるのだ！
0x047bcc	24	<E9><09>輪<F2><01><03><1C><06>「<AC2>し<B16>らねばならぬのだ
0x047bf7	25	<E9><09>輪<F2><01><06><1C><06>「<EB>。\nわれとの<AB8><AB9>をたがえ
0x047c11	86	<E9><09>輪<F2><01><06><1C><06>「<EB><1C>をうばい\nわれの<A64>をはばむ<E6><E9><08><18><E9>！ク<F0>と<EA><1D><EB><00>の<AF2>りにより<F1><AAB>がわれ <A2A>がゆれる！<EE>★<1D><E9><09>輪<F2><01><06><1C><06>「どこに<A48>げようと
0x047c68	19	<E9><09>輪<F2><01><06><1C><06>「どこに<A46>れようと
0x047c7c	22	<E9><09>輪<F2><01><06><1C><06>「われは おまえを<A5D>ぼす
0x047c93	90	←力<00><F2><01><03><1C><06>「<EB><01>よ<E8><EB><16>は もう１<A05>いたな<E6><F2><01><15><1C><06>「はい<E7>その者が 何か\nにぎっておるやも知れません★<F2><01><03><1C><06>「どこにいる？<E6><F2><01><15><1C><06>「<A4F><A4E>の方<B04>に‥‥
0x047cee	33	←（<00><F2><01><15><1C><06>「<EB><00>さま<E7><A24>し<A1F>げにくい<A78>ですが‥‥
0x047d10	19	 <EB><02>も\nあの<EB><14>どもに殺されました
0x047d24	13	<F2><01><03><1C><06>「もう<B15>ておけ
0x047d32	5	「しかし！
0x047d38	25	<F2><01><03><1C><06>「<ADB>手なまねは<A53>さぬ<E8>ここで<A22>て
0x047d52	39	<F2><01><06><1C><06>「これは<EB><14>の<A02><E7><EB>腕 ここの者たちは\n何をしようとしているのだ
0x047d7a	183	<F2><01><15><1C><06>「<EB><00>さま！<E7><EB>手に\n<EB><00>さまなのですね<E7>おお <EB><07>さまの\n言われたことは<B37><A2F>だった！★<F2><01><06><1C><06><E9>！者「その<EB><07>は どこにいる？<E6><F2><01><15><1C><06>「はい\nあの方は みなを<A75>き<AB6>れ<E7>フ<02>ローブの<A19><A51>に\n<A97>かわれました★<E9>！者「<EB><07>さまは みなに\n<B57>いておられました<E7><A05>はみな 死によってのみ\n<EB><00>さまに<B58>いることが\nできるのだと
0x047e32	60	「<A5D>びの<A00>を<F4><02>ることが\nできないのは<A3D><B59>ですが<E7>こうして <EB><00>さまの\nお<A92>に<A91>てるのだから‥‥
0x047e77	60	<F0>と<EA><1D> <A30>は みずから命を<B5A>った<EE>★<1D><E9><09>輪<F2><01><06><1C><06>「<EB><07>よ<E7>おまえは<EB><14>に\n何を<B5B>き<AA9>んだのだ‥‥？
0x047eb4	211	「<EB><00>さま<E7>この<EB><07>\n今<A00>のこの時を どれだけ\n<A22>ちわびたことか‥‥★<E9>！者「わたくしは この<A1B><A1C><A06><E7><EB><00>さまのために\n<B5C>き<AF3>けてまいりました★<E9>！者<F2><01><06><1C><06>「<B5C>きとは 何だ？<E6><F2><01><15><1C><06>「はい <EB><14>の<A02>を<AA5>め\nたくわえておりました<E7>この<BF7><BF8>の中に<EB>行★<F2><01><06><1C><06>「すると おまえが<AB6>れてきた\n<A42>の者たちも そこに<E6><F2><01><15><1C><06>「そうで<EB>行<E7>みな よろこんで\n<A02>を<B5D>げました
0x047f88	65	<F2><01><15><1C><06>「さあ この<A02>を\nお<A7B>いください<E7>そして\nこの<AF0><B5E>に<A5B>ちた世界を<E7><EB><14>どもを\n<B5F>き<B60>くしてください！
0x047fca	108	<F2><01><06><1C><06>「やめろ<E8>いつ われがそれを<AA7>んだ<E6><F2><01><15><1C><06>「おお なぜ！<E7>なぜ お<AF2>りめされるのか\n<EB><00>さまよ<E7><EB><14>は いやしく\nみにくい生き物で<EB>行<E7>死んで はじめて\nあなたのお<A92>に<A91>つのです
0x048037	52	「それに<E7>その<AF2>りに<B7D>たれるべきは\nバムと<EB><10>‥‥<E7>あの<B61>生どもでは\nございませんか！
0x04806c	148	<F2><01><15><1C><06>「<EB><1D>をごらんに\nならなかっ<EB>（か！？<E7>あの者どもは\nあなたの<EB><1C>を<A7B>い\nこの世界を<AE5>が物にしようと<E7><EB><00>さま\n今あなたをお<A45>けできるのは<E7>この<EB><07>をおいて\n<B44>にはおりません！★<F2><01><06><1C><06><E9>！者「思いあがるな<E8><EB>。殺したのだな\n<EB><14>たちを<E8>なぜ わからんのだ‥‥
0x048101	71	「あ <EB>気‥‥<E7>あなたは<EB><15>ではない！<E7><A54>じて\nあなたは<EB><15>ではない！<E7><F7>思なのだ？<E7><F7>思だ<EB>。！\nだれなのだ！ だれだ！
0x048149	117	<F2><01><06><1C><06>「われは<EB><00><E8>おまえの言うとおり\nわれは<EB><15>ではない<E8><EB><14>が‥‥<E8>おまえたちが\n<ADB>手に そう<A43>ぶだけだ！<EE>★<1D><F2><01><06><1C><06>「われは<B62>じる<E7>おまえのような生き物を\nつくったことを！<E9>！Ｚ<E9>Ｎ<1D><E9><12>ム<02><00><00><00><00>
0x0481da	106	<F0>と<EA><1D> <B63><A1B> <B63><B64>の<A02>が\n<EB><00>の中に<ADA>っていった<E9> <09><00><00><00><0A><05><0F><EE>★<1D><E9><09>輪<F2><01><0B><1C><06><F9><01>     バムよ‥‥<E6><F9><01>    <A22>っておれ<EE>★<1D>「‥‥<EB><04>さん\n<A6E>きてください<EE>★<1D>「<EB><04>さん
0x048245	56	「おはよう<EB>行\n<EB><04>さん<E7>よく<B31>れましたか？★「<A77><ABE>がすんだら\n<EB><0C>さまのところに\nおいでください
0x04827e	126	<FB><EB><0A><F8><EB><0D>から\n<A48>げ出した<A05>たちも<E7>なんとかここまで\n<A48>げおおせたようですね<E7><EB><14>が\n<A5D>ぶかもしれないという\nこの大<A78>なときに<E7><EB><14><B11><F4><01>が\n<B51><A01>できないなんて★<E9>！<1E>「ともかく\n<EB><0C>さんの<A79>を\n闇きにまいりましょう
0x0482fd	148	<F2><01><03><1C><06><FB><EB><0C><F8>おはよう<EB>行<E7><EB><04>さん \n<EB><0A>さん★<E9>！者「みなの<A79>を\nあらためて闇い<EB>（が<E7>やはり <EB><0D>では\nただならぬことが\n行なわれているようです★<F2><01><15><1C><06><FB><EB><0A><F8>‥‥しかし<E7><AE8>りの<A00>は\nもうそこまで来ています<E7><EB><13>は それを<B56><B1B>するため\n<EB><1D>を<B8D>ったのでは？
0x048392	175	<F2><01><03><1C><06>「いいえ そうでは<EB>）<E7>もしそれが<EB>時であり‥‥<E7><EB><13>が <F7><0B>たちを\n<ABA>ろうとしているのならば<E7><EB><10>さまは\n<EB><04>さんに\n<A69>を<A26>さなかったでしょう★<E9>！者「<EB><1D>によって 今は<A95>の中に\n<1F>ることができません<E7>ここから<A50>にある\nカレラの<A17>と<EB><0D>は\n<EB><0E>で結ばれています<E7><A95>に行き <EB><13>と<B74>に\n<A79>をしなければ
0x048442	27	「<EB><0C>さま！<E7>レイさんが\n<AE9>を<AC2>してしまいました
0x04845e	58	<FB><EB><0A><F8><EB>！も <A95>に<A97>かったのか<E7>まさか‥‥★<F2><01><03><1C><06><FB><EB><0C><F8>‥‥<AC1>ぎましょう<E7>さあ カレラの<A17>に←Ａ<00>
0x048499	85	←来<00>「<F7>思だっ！<E7>ここに<A91>ち<1F>ったものは\n<F7>思であろうと<A35><A36>せよとの\n<EB><13><B88><A0E>のご命<B2B>だ<E7>すまぬが\nここで死んでもらう！<E9>！Ｚ<E9><12>ユ<03><00><00><00><00>
0x048505	269	<E9>！者<FB><EB><0A><F8>どうやらこの<A61>には<E7>何かヒミツが\n<A46>されてい<EB>力ね<E7>行きましょう<EE>★<1D>「<EB><0F>さま！\nここにいらっしゃったとは<E7>何が<A6E>きているのです？\n<EB><13><B88><A0E>はいったい\n何をなさろうと‥‥<E7>いかに<BA5><BA6>時であろうと\n<A28>のない<A05><AA4>を<B38><B0E>もなく\n<B93>に<1F>れるとは★<F2><01><06><1C><06><FB><EB><0F><F8><EB><0A>よ\n<B38><B0E>はあるのだ★<E9><08>）<E9>！ク あの<EB><1D><A9C><B8C>を<A41>かすには\nサイコホ<02>ンフ<02>が<AB4><B69>なのだ★<F2><01><15><1C><06>「サイコホ<02>ンフ<02>‥‥？<E7>そ それが\n<A28>のない<A05><AA4>を<B93>に<1F>れる\nことと どんなつながりが？
0x048613	235	<F2><01><06><1C><06>「<EB><0A> よく闇け<E7><B88><A0E>は<EB><1D>によって\n<F4><00><A12>と<EB><14>の<A06>に\n<BA8>を<A9B>ろうとなされたのだ★<E9>！者「世界を<ADC><A81>し<EB><14>という<BA9>を\n<AD2>の世まで<A3D>そうと<E7>そう お<A6D>えになった★<E9>！者「<EB><15>がこの世を\n<A5D>ぼそうとする時<E7>われらは それを<AC4>って\n<F4><02>ている<AC8>にはいかぬ<E7>それが どれほど\n大きな<BAA><BAB>を<BAC>おうとも★<E9>！者「わしは<EB><13><B88><A0E>の命を<B17>け\nサイコホ<02>ンフ<02>をつくった<E7>わしには この<A64>を\n<B24>ぶしかなかったのだ
0x04878b	106	「なぜ殺し<BFD>わなければ\nならないのでしょう<E7><AE8>りの<A00>が<A6A>前だというのに★<E9>！者「わたしは<EB><13>を<A53>さない<E7>生き<A3D>る<A64>が\nそれ<BAD><B1F>なかったとしても<E7>なぜ\n<A89><AD9>と<A04>わなければ‥‥
0x0487f6	96	「<EB><04>さん クレールさん\n行きましょう<E7>行って 何としてでも\n<EB><13>に<B1E>わねばなりません★<E9>！者<F0>と<EF><1D><F2><01><15><1C><06> <EB><04>たちは\n<EB><0E>へ<AC1>いだ<EE>★<1D><FB><EB><0A><F8>どうかしましたか？\n<EB><0C>さん
0x048857	109	<FB><EB><0C><F8>闇こえるのです‥‥<E7><A05>びとの<B8F>しみの<A5E>が‥‥<E7>ああ なんて\n<BA2>ろしいことでしょう<E7>これほどの<AF2>りを‥‥<E7>これほどの<B8F>しみを\n<A5C>じたのははじめてです<E7>この<A61>に\n<EB>腕 何が‥‥？
0x0488c5	50	<FB><EB><0A><F8>なにか<BE4>大なことが‥‥<E7>この<A61>で\nなにか<BE4>大なことが\nおこなわれているんですね
0x0488f8	57	「<EB><04>さん\n<A61>を<AC1>ぎましょう<E7><AE5><AA4>の <A45>けを<A22>っている\n<A05>たちがおおぜい\nいるのかもしれません
0x048932	68	<FB><EB><0C><F8><AD5>びが闇こえます<E7>おおぜいの<A02>が\n<AD5>びをあげています<E7>これも<EB><15>がもたらした\nわざわいなのでしょうか‥‥
0x048977	54	<FB><EB><0A><F8>いや <B23>う‥‥<E7>これは\n<EB><15>の<A77><B4B>ではありません！<E7><B8F>しいことですが\nこれはきっと‥‥
0x0489ae	114	<F0>と<EF><1D><F2><01><06><1C><06> その<AE4>気はヒンヤリと<B46>たく\n<EB><04>たちに\n<BE4>くのしかかってきた<E7><BA2><BE5>が\n<A08><A76>にからみつく‥‥<EE>★<1D><FB><EB><0A><F8>こ これは‥‥？！★<E9>！<1E> あの中にいるのは\nま まさか‥‥★<E9>！<1E> <EB><14>‥‥！？<E9><08>十
0x048a21	43	<FB><EB><0C><F8>生きた<EB><14>をカフ<02>セルに\n<B70>じ<AA9>めて‥‥<E7>こ ここで\n<EB>腕なにを‥‥？
0x048a4d	34	<FB><EB><0A><F8>ま まさか‥‥？！★<E9><09>輪 これは<EB><14>の‥‥<E9>！者 <A02>！！
0x048a70	75	「カフ<02>セルに\n<1F>れられた<EB><14>は生きたまま\n<A02>を<AA8>いとられ‥‥<E7>やがて しかばねに‥‥★<E9>！<1E> そしてその<A02>は\nこのハ<02>イフ<02>をとおって‥‥
0x048abc	116	「この<A9C><B8C>に\n<AA5>められている‥‥！<E7>こ これが\n<EB><0F>さまのつくった‥‥<E7>サイコホ<02>ンフ<02>‥‥！！★<E9>！者 なぜ？！<E7>なんのために‥‥？！<E7>どうして\nこんなむごいことを！★<E9>！<1E> まるで\n<AF0><A2D>をみているようだ‥‥
0x048b31	89	<FB><EB><0C><F8><EB><04>さんっ！<E7><B94><BE7><EB>０！<E7>こんな<BA2>ろしいものが\nこの世にあっていいはずが\n<EB>）<E7>こんな‥‥<E7>こんな<B8F>しい<AD5>びを\n闇くことがあってはならない\nのです！
0x048b8b	143	<FB><EB><0A><F8><EB>力！<E7><EB><0C>さんの言うとおり\nです！<E7><B94><BE7><EB>０！\nいますぐにっ！<E7><EB><04>さんのその<A80>で！<E7>この<A05>たちを<B07>しみの<A40>から\n<BDB>ってあげられるのは\nその<A80>だけなのです！<E7>さあ <A6B>く！\nそのハ<02>イフ<02>を‥‥<E7><A6A>の前のそのハ<02>イフ<02>を\n<A74><A54>するのですっ！
0x048c1b	60	<F2><01><06><1C><06><F0>と<EF><1D> <EB><04>は\n<AF2>りにふるえる手で\n<A80>をにぎりしめた<E9><08>界<EE>★<1D><FB><EB><0A><F8><EB><04>さん！\nがんばって！
0x048c58	24	<FB><EB><0C><F8><EB><04>さん しっかり！<E7>もう<AFC>しです！
0x048c71	31	<FB><EB><0C><F8><EB><04>さんっ！\nここは<B55><A16>です！<E7><A6B>く <B1F>へ！
0x048c91	25	<FB><EB><0A><F8><EB><1E>‥ここは？<E7>たしか<F4><02>おぼえが‥‥
0x048cab	164	<FB><EB><0A><F8><EB><13>がつくった\n<EB><1D><A9C><B8C>に<BE8>が‥‥★<E9>！者 とすると‥‥\nさっきの<EB><14>の<A02>は\nこの<A9C><B8C>におくられて‥‥★<E9>！者 そんなバカな‥‥？！★<E9>！<1E> あの<AEB>力な\n<EB><1D>のエネルギー<BE9>は\n<EB><14>の<A02>だというのか？！★<E9>！<1E> そんな<BA2>ろしいことが\n<A2E><A2F>にあったなんて‥‥<E7>わたしには<B51>じられない！
0x048d50	31	<FB><EB><0C><F8>あぶない‥‥！<E7><BEA><A31>します\nうしろにさがって！
0x048d70	94	<FB><EB><0A><F8><EB><1D>が<AC2>えた‥‥<E7>わたしたち<EB><14>の<B85>は\nなくなってしまった‥‥<E7>じきに<EB><15>が‥‥<E7><EB><15>がやってくる‥‥！★<E9>！者 <EB>界は\n<AD6>り<A27>しのつかないことを\nしてしまった‥‥
0x048dcf	73	<FB><EB><0C><F8>よいでは<EB>）か<E7>おおくの死と<A75>きかえに\nひとにぎりの<EB><14>だけが\n生き<A3D>る‥‥<E7>そんなことが<A53>されて\nいいはずが<EB>）‥‥
0x048e19	17	<FB><EB><0C><F8>そんなことなら\nいっそ‥‥
0x048e2b	16	 <EB><15>に<A5D>ぼされたほうが！
0x048e3c	98	<FB><EB><0A><F8>まったくです‥‥<E7>わたしたち<EB><14>は\n生きることに<BEB><B33>しすぎて<E7>大<A78>なものを\n<A7E>おうとしているのかも\nしれない‥‥★<E9><09>輪<E9>！者 <A53>せない‥‥★<E9>！<1E> <B5A><B76>に<A53>せません！
0x048e9f	29	「こんな<BA2>ろしいことをする\nヤツは<EB><14>じゃありません！
0x048ebd	40	「<AF0><F4><00>だ‥‥<E7>そうだ\nこんなことができるのは\n<AF0><F4><00>に<B23>いない！
0x048ee6	43	 <EB><04>さん‥‥<E7>わたしは<A53>せません！<E7>あの<AF0><F4><00>を<AAD>っておいて\nいいのですか！
0x048f12	73	<E9><08>来<E9>！者<F0>とサ<1D><E9>！者<F2><01><06><1C><06><E9><09>輪「このわしを\n<AF0><F4><00>だと<A24>すか‥‥<E7>クククッ\nそれはずいぶんと\nひどい言われようだのう‥‥
0x048f5c	12	「<EB><13>！ どこだ！？
0x048f69	29	<F2><01><06><1C><06>「ずいぶんハデに\n<BAF>れまわったようだな
0x048f87	57	「<EB><13>！！★<E9><08>十<E9>！ク<F2><01><06><1C><06>「クク <B2F>かよのう<E7>それを<BE7>せば すべて\nカタがつくとでも思うたか？
0x048fc1	10	<FB><EB><0A><F8>なに‥‥？！
0x048fcc	50	<F2><01><06><1C><06>「すまぬが その<A9C><B8C>は\nもう<A23><BB0>みだ<E7><EB><1D>を<B8D>ったのは\n時をかせぐため‥‥
0x048fff	40	<F2><01><06><1C><06>「<EB>出が<AB4><B69>だったのだ<E7><EB><15>を\n<BB1><BB2>に<A10>ずるためのな
0x049028	97	<FB><EB><0A><F8><EB>出かせぎだったというのか<E7>きさま‥‥！<E7>きさまは <EB><0F>さまをも\nあざむいていたのか！★<F2><01><06><1C><06>「<EB><0A>よ<E7><EB>時に大<A78>なことは‥‥<E7>すべて<BB0>むまで\n<F7>思にも<A79>さぬものだ
0x04908a	82	<F2><01><06><1C><06>「さて 子<A96>の<EB>出は<AE8>った<E7>おまえたちには\n<BB3><B9A>な<EB><1B>を<A23><A3F>してある<E7>そこでゆっくり<AF4>むがよい<E7>では‥‥<E7>そちらの おじょうさんから
0x0490f4	47	<F2><01><06><1C><06>「あの<B98>は <B99><A76>の<BAE>け<A6A>に\n<B20>り<AA9>んでやった<E7>これが<EB><1C>の力だ！
0x049124	127	<F2><01><06><1C><06>「ククク<E7>この<EB><15>の腕輪があれば\nわしは <EB><14>の‥‥<E7>いや <AAB><A2A>の<B29>にさえ\nなることができる<E7>そして‥‥<E7>生きとし生けるものすべてが\nわしにひざまずく<E7>わしは<AAB><A2A>の<B29>になるのだ！<E7>フハハ‥‥<E7>フハハハハハハハハッ！
0x0491a4	98	<FB><EB><0A><F8>‥‥<B2D><AAA>ったか <EB><13>★<E9>！者<F2><01><06><1C><06>「いいや <AAF>気だ★<E9>！者「<EB><04>と言ったな<E7>おまえの<A34>つ その<A69>‥‥<E7>わしに<AF1>すのだ！<E7>それがあると <AFC><AA4>\nめんどうなことになる
0x049207	17	「だめだ\n<AF1>しちゃいけない！
0x049219	985	<F2><01><06><1C><06>「おとなしく<AF1>せば ２<A05>とも\n命は<AD6>らずにおいてやる<E7>さあ その<A69>を<AF1>すのだ！★<E9>！者<F0>と<EF><1D><F2><01><15><1C><06> <A69>を<AF1>しますか？<F1><F0>と時中<EC><E9><09>た<E9><0A> <E9>輪）モ<F2><01><06><1C><06>「それでよいのだ<E7><B07><B90>を<B25>にした<EB><1F>を\n<F4><02>殺しにはできぬ‥‥<E7>そうだな？ <EB><04>★<E9>！者「さ <A08><A76>に<A69>を<B8C>け\nゆっくりと<B8C>くのだ<E7>これでわしの<ABB><F4><00>をする者は\nいなくなった<E7><EB><15>は<A5D>び\nわしは<BB4>しい<AAB><A2A>の<B29>となる<E7>フハハ\nフハハハハハハハハハハハ！★<E9>！者<F2><01><15><1C><06><ED>者「その<A69>を<AF1>してはならない<EA><EE>モモ<E9>！者<F2><01><06><1C><06>「<B2F>かな‥‥<E7>このわし<BAD><B1F>に\n<EB><14>を<F4><00><A12>から<BDB>える者は\nおらんのだ<E7>そのわしの命<B2B>が闇けぬと\nいうのか！★<E9>！者<F2><01><15><1C><06><ED>者「それでよいのだ<E7>その<A69>を<AF1>してはならない<EA><EC> その<A69>こそ <AE5><AA4> <EB><14>の\n<B68><AD2>の<AA6><AA7>なのだ★<E9>！<1E><F2><01><06><1C><06><ED> 「<F7>思だ？★<E9><0A> <E9>！者<E9>。子Ｇな<EE>★<1D><F2><01><15><1C><06>「ごきげんですな <EB><13><B88><A0E>★<E9>！<1E><F2><01><15><1C><06><FB><EB><0A><F8><EB>！！★<E9>！<1E><F2><01><06><1C><06>「レイ‥‥\nまだ生きておったか！★<E9>！<1E><F2><01><15><1C><06><FB>レイ<F8><EB><0A>よ よく闇け<E7>おれはコイツに\nだまされていたのだ<E7><EB><13>は言った<E7><EB><15>のねらいは\n<EB><16>だけなのだと<E7><EB><16>を\n<AE5><AA4>の手で<B9D>殺すれば\n<EB><14>は<A5D>ぼされずにすむ‥‥★<E9>！者 すべてウソだったのだ<E7>なんのことはない<E7><EB><16>が生きていては\n<A32><A81>が<B49>るのだ<E7>なぜなら‥‥<E7>このバム<EB><13>こそ\n<A1B><A1C>前に大<A28>をはたらいた\n<EB><16>その<A05>！<E7><EB><13>は<A98><A06>の<A0A><A0B><F4><01>を殺し\n<EB><15>の<A49><AA3>から\n<A48>れようとしたのだ<E7>あのように<AEB>がってみても\n<ABF><A90>は<EB><15>が<BA2>くて\nしかたがないのだよ<E7>そうであろう <EB><13>！<E9>Ｃ いや‥‥<E7><EB><16>バムよ！★<F2><01><06><1C><06><E9>！<1E>「うぬぬぅ うるさい！<E7>おまえのような<A8E><B28>に\n何がわかる？！<E7>このわしには<EB><1C>がある<E7>これがあるかぎり\nたとえ<EB><15>であっても\nわしには手を出せんのだ！★<F2><01><15><1C><06><E9>！<1E>「‥‥おれは おまえの命<B2B>で\n<BB6><ACB>りない<A28>を<A5A>した<E7>つぐないの時が来たのだ<E7>おれにも<E7>そして <EB><16>バム\nおまえもだ！<E7>死ね！
0x0495f3	160	<F2><01><15><1C><06>「？！★<F2><01><06><1C><06>「クックックッ！\n<B2F>か者が‥‥‥<E7>わしは\nここにはいない<E7>わしの力を<F4><02>くびるなと\n言っておろう<E7><A28>も<AAC>も わしが<B00>める\n<BB4>しき<AAB><A2A>の<B29>バムがな！★<E9>！者 レイよ<E7>死ぬのはおまえのほうだ★<E9>！者<F2><01><15><1C><06><FB>レイ<F8><EB><0A>！\n何をしている <A6B>く<E7><A6B>く <A48>げろ！！
0x049697	8	<E9>！者「<EB>！‥‥
0x0496a0	189	<FB><EB><0A><F8><EB>！ しっかりして！★<E9>！<1E><F2><01><15><1C><06><FB>レイ<F8>ぐっ‥‥ぐふぉっ！<E7><EB><1E>★<E9>！者 お おれは\nあの<EB><15>から<A29>わったのだ<E7><EB><15>は<BA2>ろしい<B10><A33>だ<E7>しかしそれは<EB><15>が<BA6>に\n<B37><A2F>と<B25>にあるからなのだ<E7><EB><15>は\n<B35>して <AE7><A74>らない<E7>ウソをつくのはいつも\n<EB><14>のほうなのだ<E7><BA2>ろしきは<EB><14>の‥‥<E9>Ｃ ぐふっ！★<E9>！者<F2><01><15><1C><06>「あ <EB>！ーーーっ！
0x04975e	47	<F2><01><06><1C><06>「さあ\n今<ABE>はおまえたちの<BA3>だ<E7><BB1><BB2>の<A1A>に<AC2>えるがよい！<E7>ええいっ！
0x0497ae	103	「<EB><00>さま\n<EB><0D>の結界は\nすでに<B36>けております<E7>これで いつ何時でも\n<A95>に<1F>ることができるかと★<E9>！者 <A3D>る<A0A><A0B><F4><01>は バムと<EB><10>\n<B6D>者とも <A95>におりましょう★<F2><01><03><1C><06>「‥‥うむ
0x049816	102	<F2><01><03><1C><06>「<EB><01>よ\nこれでおまえの<A92><A6A>も<AE8>った<E6><F2><01><15><1C><06>「‥‥<BC4>い<A06>ではありましたが<E7><EB><00>さまに\nお<A77>えできたことを\nほこりに思っております★<F2><01><03><1C><06><E9>！<1E>「ご<B07><B90>であった
0x04987d	104	<F2><01><03><1C><06>「あとを<A01>むぞ<E6><F2><01><15><1C><06>「はい <EB><00>さま★<EE>や兵←）<00><F0>と<EA><1D> <EB><00>は\n<EB><1C>を<AD6>り<AB1>すために‥‥<E7>そして\n<A1B><A1C>前の<EB><10>との<AB8><AB9>を\n<A0D>かめるために<E7><EB><0D><A95>へ\nのり<AA9>んで行った
0x0498e6	87	<F0>とサ<1D>「クク おじけづいたか\n<EB><00>よ★<F2><01><06><1C><06>「バムか‥‥<E6><F2><01><15><1C><06>「せっかく ここまで来たのだ<E7><A73>を<F4><02>せて<BC6><A79>のひとつでも\n闇かせておくれ <EB><00>よ
0x04993e	87	<FB>バム<F8><A22>たせたな <EB><00>よ<E7>さぞ わしに\n<B1E>いたかったろう<E7>いろいろと<A77><ABE>があってな\nいそがしかったのだ★<F2><01><06><1C><06><E9>！者「バムよ<E8>おまえの命<B08>はつきた
0x049996	51	<F2><01><06><1C><06>「<EB><1C>を<A27>すのだ<E6><F2><01><15><1C><06>「わしが<AF1>すはずのないことを\n<EB>。知っているはずだ
0x0499ca	33	「なあ <EB><00>よ<E7>わしも<EB><14>は<A5D>ぶべきものと\nそう<A6D>えておる
0x0499ec	61	「やつらは<BC7>しがる‥‥<E7><BC7>することが ただ<A94>つ\n<EB><14>の<BC8><A41>力なのだ<E7>いつの時も\n<BC9>えにさいなまれている
0x049a2a	51	「<A5B><A08>することは<B35>してない\nおのれの<BCA>は<A5B>ちても なお<E7><BCB>いが<BCB>いを殺し<B45>らうのだ
0x049a5e	140	「そのようなものを\n生かしておく<B38><B0E>はない<E7><BCC><B5A>やしにせねばならぬ★<F2><01><06><1C><06>「おまえに\nそれを<A53>した<B0A>えはない！<E6><F2><01><15><1C><06>「<A53>しを<A55>ようとは思わん<E7>今や わしを<B1B>めることが\nできる者など この世には\nおらぬのだ★<E9>！者「その<BCD><BCE>を<F4><02>せてやろう
0x049aeb	64	<F2><01><06><1C><06>「つまらぬ<ADE><ADF><AE0>を<E6><F2><01><15><1C><06>「ククク そうバカにするな<E7>この者ども 死んでから\nなかなか<AEB>くなりおった
0x049b50	23	<E9>！者<F2><01><06><1C><06>「どこに<AC2>えた？<E9><05><00><00>い
0x049b68	61	「<EB><00>よ<E7>わしは<B68><AD2>まで <B92>しみを\n<A3D>しておきたいほうでな★<E9>！者「ついてこい<E7>わしは <A48>げも<A46>れもせぬ
0x049ba6	234	<F0>とサ<1D><FB>バム<F8>もうすぐだ！<E7>もうすぐ<EB><10>と<B1E>えるぞ★<F2><01><06><1C><06><E9>！者「どこに<A46>したのだ<E6><F2><01><15><1C><06><E9>！<1E>「ククク <BB3><B9A>な<EB><1B>で\nお<AF4>みいただいている★<E9>！者 まもなく おまえも\nそこに行くのだ <EB><00><EE>★<1D><F2><01><06><1C><06><E9>！者「<B2F>かな‥‥<E8>まだこのような<A77><AE3>けを‥‥<E6><E9>！者 バムよ‥‥<E8>この<EB><00>が<BA2>ろしいか<EE>★<1D>「来たか <EB><00>★<E9>！者 おまえには\n<A5C><BCF>せねばなるまい<E7>わしは この<EB><1C>で\n<B37>の力を手にしたのだからな
0x049c91	131	「わしは<A32><B0E>になった<E7>時という<BBB>い<E9>Ｃ 死という<BBB>い<E9>Ｃ <BD0>という<BBB>いから<E7>わしは<AC7><AAD>された★<F2><01><06><1C><06><E9>！者「<EB><14>が 何をなそうと\n<EB><14>を<BD1>えることはできない<E6><E9>！者 <A2C>のほどを知れ バム<E6><F2><01><15><1C><06><E9>！者「クク‥‥\n<A2C>のほどか
0x049d15	81	「おまえの言うとおりだ\n<EB><00>‥‥いや <A03><B28><B29>よ！★<E9>！者 そのすべての<BBB>いを\n<A9B>り出したおまえ‥‥<E7>おまえを殺さねば\n<EB>手の<A32><B0E>はおとずれぬ
0x049d67	61	「たった今\nこの<EB><0D><A7A><A12> バムは<E7><EB><14>の 命<A34>つものすべての\n<AAB>と <A2A>の <B29>となることを\nここに<BD2>言する
0x049da5	48	←行<00>「<EB><00>よ<E7>おまえの<A92><A6A>は<AE8>った<E7>ご<B07><B90>であったな<E9>！Ｚ<E9>Ｎ<1D><E9><12>ヲ<02><00><00><00><00>
0x049ddc	119	<E9><09>輪<E9>！者<FA><0A>「もっとだ もっと<AEE>け！★<FA><05> もっと<BD3>めろ <BD3>めるのだ\nわしを<BD3>めろもっと<AEB>く！★<FA><02> <BD4>め わしを<BD4>め<AEB>く<AEB>く\nもっとだ<AEE>け<BD3>めろ<BD4>め<F1><FA><01> <AEB>くだ もっと<AEB>く<AEB>く<AEB>く<E9><05><00><00>な
0x049e54	43	「<A59>みは<BD4>しみは<B07>しみは\nわしの力 わしの力さらなる\nちから ちからになるちから
0x049e80	51	「‥‥ぅぅぅうあはぁぁ\nうぅうはぐんぬうぁあは<F0>とサ<1D><EE>★<1D>「んああんは<E7>ああああああああああああっ
0x049ecb	54	<E9><09>輪<E9>！者「なぜぇええだああぁ！！！！<E7>そんんんんんんんなぁ\nはあぁずずぅううはあああ！<E9><05><00><00>と
0x049f02	86	<E9><09>輪「こるのお わるしい があ\nまけ るう は ずるがああ\nなるあるあいぃぃぃぃぃ<E7>うやううぃううういううぅ\nそそめそそやそそそたそぉ\nだああろああだあああいあ
0x049f59	147	<E9><09>輪 ああああああああああああ<F1><FA><0A> ああああおおおおおおおお<F1><FA><0F> お お  お   お<EE>★<1D> お<EE>★<1D><F0>と<EA><1D> <EB><00>は 腕輪を<AD6>り<AB1>した<E9> <09><00><00><00><0A><05><00><E9><08>Ｄ<E9>！ク<EE>★<1D><F2><01><06><1C><06><FB> <EB><04>は\n<EB><16>バムがふりかざした\n<EB><1C>の力によって<E7><F7><18><BD6>な世界に\n<B20>り<AA9>まれてしまった
0x049fed	22	<ED> 「<EB><04>さん！\n<AD4><A78>だったんですね
0x04a004	60	「どうやら とんでもない<A4B>に\n<B20>り<AA9>まれたようです<E7>このまま くちはてるまで\nこの中を<A3B>き<B3F>るのか‥‥
0x04a041	69	「‥‥いや まだわからない\nここであきらめたら<BBD>けだ<E7>とにかく <EB><0C>さんを\n<AB2>さないと<E7>さ 行きましょう！<E9>！Ｚ<E9>Ｄカカ<1C><00><EA>１
0x04a087	18	「<EB><0C>さん！<E7><EB><0C>さん しっかり！！
0x04a09a	9	「こ ここは‥‥？
0x04a0a4	36	<FB><EB><0A><F8><B99><A76>の<BAE>け<A6A>です<E7>バムに<B20>り<AA9>まれて\nここに‥‥
0x04a0c9	11	<FB><EB><0C><F8>出<AB3>は‥‥？
0x04a0d5	16	<FB><EB><0C><F8>あるわけないですね‥‥
0x04a0e6	162	<FB><EB><0A><F8>気を<A6F>とさないで‥‥‥<E7>どんなときも\n<AA6><AA7>を<A34>ち<AF3>けなければ！<E7><AA6><AA7>だけが <AE5><AA4>の<BD7>に\n<BB1><BB2>をもたらすのです！★<FB><EB><0C><F8>そうでしたね‥‥<E7><F7>思かが\n<AA6><AA7>を<A34>ち<AF3>けるかぎり<E7><EB><14>の<A62>来が\n<B70>じてしまうことはない‥‥<E7>そう<B51>じましょう！<E9>！Ｚ<E9>Ｄクク<1D><00><EA>１
0x04a189	32	<F0>と<EA><1D> あたりに<EB><1A>の<B5E>気が\nたちこめてきた‥‥<EE>★<1D><E9><08>
0x04a1da	91	<F0>と<EF><1D><F2><01><06><1C><06> <EB><04>たちは\nマスタードラゴンを<A70>した！<EE>★<1D>←<1E><00><F2><01><06><1C><06>「‥‥<EB><04><E7>そこにいるのは <EB><04>\nあなたなのですね<E7>バムの手で ここに\n<B20>られてき<EB>（ね
0x04a236	25	<FB><EB><0C><F8><EB><10>さま‥‥<E7><EB><10>さま\nなんというお<AE9>に
0x04a250	72	<F2><01><06><1C><06>「お闇きなさい <EB><04><E7><B68><AD2>の<AEC><B84>の時が\n<A4C>づいています<E7><EB><00>の手でバムは<A70>され\n<EB><1C>は<A34><B29>の<A76>に<ADA>りました
0x04a299	17	<FB><EB><0A><F8>バムは 死んだのか‥‥
0x04a2ab	107	<F2><01><06><1C><06>「あなた方は\nもう気づいているでしょう<E7><EB><00>が<B28>り<B29>であることに<E7>この世界を\n生きとし生けるものすべてを\nひとりで生み出し<EB>（<E7>そしてわたしは\n<EB><00>がつくった\nはじめての<EB><14>なのです
0x04a317	493	<E9>！ク「かつて <EB><00>が\n<EB><14>を<A5D>ぼそうと<B35>めた時<E7><EB>界は<A66>い出ました<E7><A1B><A1C>の<BBE><B13>があれば\n<AE5><AA4>は <EB><14>を<A63>えると‥‥★<E9>！ク「その<A66>いは闇き<BBF>けられ\n<EB><00>は<A32>らを<A10>じ<E7>わたしに<EB><1C>をたくした<AD2>\n<B31>りにつきました★<E9>！ク「しかし バムは<EB><1C>を\nそこに<B30>る大きな力を\nわがものにするため<E7>わたしを この<EB><1B>に\n<A10>じ<AA9>め<EB>（★<E9>！ク「時の<BC0><B45>で <A07>は\nこのような<AE9>になりましたが<E7>わたしは<A22>ちました<E7>そして <EB><04>\nあなたを<F4><02>い出し<EB>（★「<EB><00>は <F4><02>る者の<A37>を\n<BC1>し出す<A69>です<E7>そう <EB><04>\nあなたの<A34>つその<A69>のような★<E9>！ク「<F4><02>る者の<A37>に\n<A1A>が<B30>っていれば<E7><EB><00>の<AE9>もまた\n<A1A>として<A2E>れ出でます★「あなたの<A37>にある<A1A>と\n<A04>わねばなりません<E7>その<A04>いに<B7D>ち<ADB>った時\nその時こそ <EB><00>は\n<EB>時の<AE9>を<A2E>わすでしょう★「その<A69>に<B30>る<A68>で\nわたしが<A64>を<A9B>ります<E7><EB>気 世界の中<A37>に\nおもむくのです<E7>すべてが生まれ出でる<A4B>\n<A68>と<A1A>が<BC2><BC3>する<A4B>に
0x04a505	87	<F2><01><06><1C><06>「さあ <EB><04>\nあなたがこの<AA1>でつかんだ<A68>\nそしてあなた<A32><A2C>の<A34>つ<A68><E7>その手にある<A68>を\n<EB><00>に<BA7>すのです<E7><A1B><A1C>前\nわたしが<BA7>したように
0x04a567	10	<FB><EB><0C><F8><EB><04>さん‥‥
0x04a5ac	38	<ED>出<F2><01><03><1C><06>「<A1B><A1C>前\nわれが<A0E>した<B24><BD5>は<E8>あやまちだった<E9><0F>
0x04a5d3	38	<ED>出<F2><01><03><1C><06>「<A05>は <A05>を殺し<E8><A2A>を殺し<E8><AAB>をも殺すものなのだ<E9><0F>
0x04a5fa	29	<ED>出<F2><01><15><1C><06> あやまちだったのかも\nしれません‥‥<E9><0F>
0x04a627	44	<ED>出<F2><01><03><1C><06>「まだ <B51>じるのか？<E8>おまえを この<BD6>な<A6A>に\nあわせた<EB><14>を<E9><0F>
0x04a654	149	<ED>出<F2><01><15><1C><06> <EB><00>さま‥‥<E7>わたしは\n<A05>を<B51>じるのではなく★<E9>！者 <A05>の<BD7>に<B30>る\nその<A66>いを<B51>じる者です★<E9>！ク たった今\n<EB><04>という<BD8><A1C>が\n世界の中<A37>に <A97>かいました<E7><BD9>のいだく<A68>を<E7>その<A66>いを<E7>どうか あなたの<A6A>で\nごらんになってください<E9><0F>
0x04a6ea	33	<ED>出<F2><01><15><1C><06> それを<F4><02><BBF>けてからでも<E7><F7>０くないと‥‥<E9><0F>
0x04a70c	17	<ED>出<F2><01><15><1C><06> わたしは‥‥‥<E9><0F>
0x04a71e	220	<ED>出<F2><01><03><1C><06>「その<A68><E6><E9>！者 <F4><02>せてもらおう<E9><0F><EE>★<1D><E9><08>石<F0>と<EA><1D> <EB><00>は\n<EB><04>の<A22>つ\n世界の中<A37>へと<A97>かった★<E9><08>き<E9>！え<F2><01><0B><1C><06><ED>者    「<A5F><A60>の<A04>い」★<F9><01>  どちらで<A04>いますか？<F0>なナた<EC><E9><08>ヒ<E9>輪ワぁ←<1B>タ<EE>★<1D>←<1B><00><EE>★<1D>←Ｂ<00><F2><01><03><1C><06>「おまえが★<E9>！<1E> おまえが<EB><04>か★<E9>！者「われは 今<A00>この<A00>\nすべてを<AE8>りにする<E7>おまえがつかんだ<A68>\nわれに<BA7>すのだ★<E9>！者「来い <EB><04>
0x04a834	110	<E9>Ｅ２Ａぃ<E9><05><00><00><EF><EE>１ぃ<E9><05><00><00><F0><EE>１ぃ<F2><01><03><1C><06>「<EB><04>\nよくぞ われを<B7D>ち<B94>った<E8>おまえの<A68>\nしかと <F4><02>せてもらったぞ<E6><E9>！者「さあ <EB><1C>を<AD6>れ<E7>そして <A7B>ってみろ\n<EB><1C>に<B30>る力を<AC7><AAD>するのだ
0x04a8a3	415	<F0>と<EF><1D><F2><01><15><1C><06> <EB><04>は腕輪を<B17>け<AD6>った<E9><08>つ★<E9>！者<F0>と<EF><1D><F2><01><15><1C><06> <EB><1C>を<A7B>いますか？<F1><F0>と時中<EC><E9>輪<F9>ぅ<EE>★<1D><F2><01><03><1C><06>「かつて<E6><E9>！者<F2><01><03><1C><06>「われは この<EB><1C>と<B25>に\nこの<BDA><AE4>へ<B71>った<E8>われは<A28><A05>として\nここに<B80>されたのだ<E8>何者が われを<AC6>き<E8>いかなる<A28>で\nこの<A2A>に<B20>り<AA9>んだのか<E8>その<AC8>は<A81>からぬのだ<E8><A81>かっているのは\nわれが<A28><A05>であることのみ<E6><E9>！者<F2><01><03><1C><06>「<EB><1C>に<AED>れた時\nわれが 生まれし世界が\nかいま<F4><02>えた<E6><E9>！者<F2><01><03><1C><06>「そのことは\nわれの<BDB>いであった<E8>そして この<BDA><AD4>から\n世界をつくり<A1F>げた<E8><BDC>方もない<EB>出が<AB4><B69>だった<E8>世界をつくり\nそして<EB><14>をつくったのだ<EE>★<1D><F2><01><03><1C><06><E9><0A> <E9>！者「<B2C>ずるな<E8>さあ <EB><1C>を<A7B>うのだ<E6><EE>せぃ<F2><01><03><1C><06>「<EB><04>\nよくぞ われを<B7D>ち<B94>った<E6><E9>！者「さあ <EB><1C>を<AD6>れ
0x04aa43	138	<F0>と<EF><1D><F2><01><15><1C><06> <EB><04>は腕輪を<B17>け<AD6>った<E9><08>つ<EE>★<1D><F2><01><03><1C><06>「<EB><04>よ<E8>いかに われが\n世界をつくり\n命をつくり出そうと<E8>そこに\n<A66>う<A37>がなければ\n<A43>ぶ<A5E>がなければ<E8>われは <BDA>ろなのだ<E6><E9>！者「<A01>むぞ <EB><04><EE>★<1D><F0>と<EF><1D> <EB><04>は力<B60>きた<E9>力
0x04aace	86	<02><00><EE>★<1D><F2><01><03><1C><06>「<A47>い生き物だ<E8>しかし あれほどの<A68>を\n<BA7>せるならば<E8>もう<A94><ABE>‥‥<E6><E9>！者 やり<B74>してみるか‥‥？<EE>★<1D><F0>と<EA><1D> <EB><04>は力<B60>きた<E9>力
0x04ab25	66	<02><00><EE>★<1D><F2><01><03><1C><06>「<EB><10><E6><E9>！者 おまえの言う<A68>とは\nこのことなのか？<E6><E9>！者 この<A30>の<A34>つ<A68>は\nあまりに<ADE>さく <A47>い
0x04ab68	110	<F2><01><03><1C><06>「あやまちだったのだ<E6><E9>！者 <EB><14>をつくったこと<E6><E9>！者 それが\nあやまちだったのだ<EE>★<1D>「なんだい なんだい！★<EF><15><00>らぉ 兵<B3A>たちが\n<1F>り<AB3>ふさいじまった<E7>これじゃ<B3B>に出られない<F1>
0x04abd7	55	 兵<B3A>がこの<A42>を\n<ABA>るのかと思ったのに\n<A23>がすんだら行っちゃった<E7>これじゃ<B3C>も<B31>れない‥‥
0x04ac0f	4	「クーン
0x04ac14	22	「<EB><04><B3D>ちゃん\n<A80><B3E>おしえておくれな！
0x04ac2b	34	「お <EB><04>！\nもう<A07>は大<AF8><AF9>なのか？<E7><EB><12>ちゃん <AF7>かすなよ
0x04ac4e	41	<FB>ネヤ<F8><EB><04>！\nもう<A3B>き<B3F>っておいでかい<E7>あんまり<AD4><B38>しちゃだめだよ
0x04ac78	48	<FB><EB><12><F8>えっ‥‥\n<A12><B40>に<A43>ばれたの！<E7><ABF><A90>によかったね <EB><04>\nしっかり やってきて！
0x04aca9	199	「<EB><04>か<E7>また <EB><16>の<A79>が\n闇きたいか？ ん？<F0>と時中<EC><E9>輪アゅ「そりゃ ええ<A37>がけじゃ★ あー <A1B><A1C>前\n６<A05>の<EB><16>は それまで\n<AAB><A2A>の<B29>であった<EB><15>を‥‥<E7>死<B41>の<A36> <EB>２したのだよ<E7>それからは<EB><14>が<A32>らの手で\nこの世界を<A57>めることが\nできるようになったと‥‥<E7>それでな <EB><16>たちは\nその<AD2> <B42><A2A>に<B43>らばって\n<A05><AA4>を<A29>え<A88>いたんだな
0x04ad71	4	「ほーか
0x04ad76	42	「いつもすまないね <EB><04><E7>じいちゃん <B44>の<A05>にも\n<EB><16>の<A79>しかしないんだよ
0x04ada1	43	「<EB><15>が<A20><A21>したって <ABF><A90>？<E7>わたし <EB><15>って\nお<A79>の中のことと思ってたわ
0x04adcd	25	「あら <EB><04>じゃない！\nもうすっかり<A76>気そうね
0x04ade7	48	「おれたち備兵は <A01>まれりゃ\nどんな<A77><A78>も<B17>けるが‥‥<E7><EB><15>とだけは<A04>いたくねぇ
0x04ae18	65	「おれは闇いたんだ！\n<EB><15>の<A5E>だよ！ ほんとさ！<E7><AA7>みを<B15>てろだの\n<EB><14>を<A5D>ぼすだの\nおっかないこと言ってたぜ
0x04ae5a	42	<EF><15><00>ナょ「知っておるか <EB><04>よ<E7><EB><13>の<A7B>いが <A80><F4><01>を\n<AB2>しに来るそうだ
0x04ae85	30	「<EB><13>が<AB2>してた<A80><F4><01>とは\nおまえのことだったか‥‥
0x04aea4	73	「お前も知ってるかと思うが\n<A9E>石の<A9F>は<EB><19>で\n<A82><A9C><A9D>を<A9B>り出すところだ<E7>それをなりわいにする<A05>は\n<EB>３と<A43>ばれているんだ
0x04aeee	58	「ここに来れば とびきり\n腕の<A91>つ備兵がいると\n闇い<EB>（が‥‥<E7>もう みなさん\n出かけてしまったようです
0x04af29	45	「ぶっそうな世の中に\nなっちまった<E7>だけど そんな時が\n備兵のかせぎ時なんだよ
0x04af57	58	「はるか<BC6><E7><AAB><A2A><A03><B28>のときに<AB0>び<B43>った\n<F4><00>力のかけら‥‥<E7>それがカオスオーブと\n言われているの
0x04af92	48	「グビグビグビグビ\nふ<02>はー<E7>いやあ <B4A><A06>から\n<B1D>む<A7C>はかくべつだね
0x04afc3	69	「<BBB><BBC>の<F7>６があったって\nそれが<AD8>めなきゃ<A3F><B0C>がない<E7>この<A30>は<F7>７行がつらくて\n<F4><00><A88><F4><01>をあきらめたのさ<E9><05>エ<04>ャ
0x04b009	11	「そ それを言うなよぉ
0x04b015	51	「<BBB><BBC>の<F7>６には<EB><18>が\nこめられている<E7>こう<F4><02>えてもオレは\n<F4><00><A88><F4><01>をめざしていたんだ
0x04b049	97	「あんなにちっちゃかった子が\n今じゃ <EB><13>さまの\nお<A92>に<A91>つとは‥‥ グス★<EF><19><00>っー←<19><00> <EB><04>よ\nわしゃ うれしいぞい！★「これはわしからのお<B48>いじゃ\n<B17>けとっておくれ★★
0x04b0ab	29	チ<EE><FA><1D> がんばれ <EB><04>！\nわしゃ おうえんしとるぞ
0x04b0c9	56	「カリブラのまちはね\nここから<A50><A4E>のほうにあるよ<E7>おじいちゃんがすんでるんだ\nだから しってるの
0x04b102	65	「わしの\nじっさまのじっさまが\n言っとったそうだが<E7>なんでも\n<F4><00><A12>は<EB><14>の<A02>を<B45>らって\n生きるって<A79>じゃよ
0x04b144	30	「<B49>ったものだ‥‥<E7><A82><A83>や<A9A>が\n手に<1F>らないとは
0x04b163	25	「<EB><15>ってなあに？\nおかあさんが<A37><A38>してるの
0x04b17d	32	「あら<A8D>思<B4C>ね\nあなたには<EB><18>の\nご<B4D><B4E>があるみたい
0x04b19e	38	「こんなに<B4F><B50>なのに‥‥<E7><EB><15>が<A20><A21>したなんて\n<B51>じられないわ
0x04b1c5	71	「<B29><A05>にいいつかりまして\n<A82><A9C><A9D>を手に<1F>れようと\nここまで来ました<E7>ですが かんじんの<EB><11>が\nどこかに行ってしまって‥‥
0x04b20d	40	「ザガートに まごがいるんだ<E7>えっ あんたさん\nそこから来なすったのか
0x04b236	30	<EF><1A><00>Ｕい<F0>とムい 何かお<A92>に<A91>てると\nいいんだけど
0x04b255	59	「ふむ コラード<A13><A14>かい？<E7>ここから<A4F>へ<A4F>へと\n行けばいいんだ<E7><AFC>しばかり<A3B>くことに\nなるけどね
0x04b291	26	「ぼくはこの<B12>の<A2A><B38>に\nくわしいつもりだ★
0x04b2ac	49	「ちかごろは <B3C>でも<B4A>でも\n<EB><1A>が出るようになったよ<E7>これも\n<EB><15>のしわざなのかねぇ
0x04b2df	88	<F0>と８う この力がつきたとき<E7>あなたの<AA1>も<AE8>わりを\n<AB5>げることでしょう<E7><F7><0B>に何かご<A23>でしょうか？<F1><F0>と時中<EC><E9>輪手う<E9>何<02> <AC7><A10>の<A9F>で\nお<B1E>い<EB>０
0x04b338	50	「<EB><18>は\nすべてをつかさどる力<E7>生きとし生けるものは\nみなそこから生まれ\nそこへかえるのです★
0x04b36b	53	「オレたちの<AC9>むこの大<B52>は\n５つに<A81>かれている<E7>このザガートの<A42>は\n大<B52>の<A50>にあるんだよ
0x04b3a1	55	「<EB><19>とは\n<A02>のエネルギーを<A10>じ<AA9>めた\n結<B53>なのだ<E7>それさえあれば\n<A80>やよろいも<A9B>れるのさ
0x04b3d9	40	「よくここに<1F>れたわね<E7>ごほうびに<A2A><A0E>にある<B54>物を\nあなたにあげるわ
0x04b402	59	「あなたに\n<A13>のご<B4D><B4E>があるのなら<E7><AA1>の<BDC>中で\n<A46>された<F7>者<A2A>を\n<F4><02>つけることができるはず
0x04b43e	54	「ダンジョンの中はナゾと\n<B55><A16>に<A5B>ちあふれている<E7>腕に<A32><B51>がないなら\n<A4C>づかぬことだ
0x04b475	44	「その<EB><14>が\nどんな<A05>生を<B20>ってきたか<E7>そのしかばねを<F4><02>れば\nわかるらしい
0x04b4a2	56	「<EB><19>とは\n<AAB>にかえれなかった\n<A02>の結<B53>なのじゃ<E7>この大<A2A>のあちこちに\n<B43>らばっているはずじゃ
0x04b4db	27	「あら <EB><0D>は\nはじめてみたいね<E7>どこから来たの？
0x04b4f7	18	「にいちゃんのヨロイ\nかっこいいね！
0x04b50a	72	「この<EB><0D>にさえいれば\n<EB><15>なんぞ <BE5>くはないわ<E7>なんというても <EB><13>さまは\n<A65>い<A06> <EB><15>のことを<BFC>べ\n<B8E>をねられておったからの
0x04b553	44	「あなたが<EB><04>さんですか<E7><A8E>いに<AEA><BFD>わず <A8F><A90>な\n腕を<A34>っている<EB>力ね
0x04b580	19	「‥‥んうぉぉお<E7><B1D>みすぎちったい
0x04b594	35	「<A42>の<A4E>のほうは\nだいぶ前から <A56>行<B1B>めに\nなっていますよ
0x04b5b8	41	「おれはな‥‥<E7><EB><13>のお<A92>に<A91>ちたいと\nそう思ってな\nここに やってきたんだ
0x04b5e2	26	「<BFE>物の<1F>り<AB3>が\n<F4><02><A90>たらない時は\n<AE7><F6>
0x04b5fd	11	を<AB2>ってみるといいよ
0x04b609	102	<EF>？<00>殺か←？<00>「おお<AA1>の方よ\nさぞ おつかれだろう<E7>さあ このお<F7><00>を<B1D>みたまえ★<F0>と<EA><1D> <EB><04>たちは\nお<F7><00>を ごちそうになった<E7><AFE>らぎがしみわたる<E9> 殺<05><00><00><00><00><00><E9> カ<05><00><00><00><00><00>
0x04b670	67	「こうやって しずかに\nお<F7><00>を<B1D>むことが\nいつまで できるのだろう<E7><EB><15>がくれば この<B4F><AFE>も\nうばわれてしまう
0x04b6b4	39	「うちの<A05>も わたしも\n子<A96>が<B47>きだから\n<A9B>れるだけ<A9B>ったのよ
0x04b6dc	35	「まおーがきたって\nとーちゃんが ドカーンと\nやっつけてくれるさ
0x04b700	21	「まおうって\nどんなかたちを してるの？
0x04b716	21	「おかあちゃん\nなんかないの たべるもの
0x04b72c	21	「いらっしゃい\n<B92>しんでってください
0x04b742	33	「<EB><15>が<A20><A21>してから\nずいぶん この<F7><01>\nヒマになったわ
0x04b764	45	「なあ たまには\nわしに つきおうてくれ<E7>そして このおじいちゃんに\nあまえてみてくれい
0x04b792	74	「カマロの<A17>は ほんとに\n<BA2>ろしい<EB><1B>だ<E7>おれは <BC6>\n中に<1F>ったことがあるが<E7><A6F>し<B9C>につぐ <A6F>し<B9C>で\n<EB>時に死ぬかと思ったよ
0x04b7dd	39	「いま くんれんちゅうだ\n<A79>しかけちゃだめだ<E7>ばんごう！<E9><05><00><00><E9>
0x04b811	20	「ぜんたい！\nみぎむけー みぎ！！
0x04b826	7	「もどれっ！
0x04b82e	25	「へいたいさんに なるために\nくんれんしてるんだ
0x04b848	22	「まおうは おれたちが\nやっつけてやるぜ
0x04b85f	25	「ぼく おうちで\nごほんがよみたいのに‥‥
0x04b879	44	「<EB><0D><A7A><A12>は\nわれらを<ABA>るため\nけんめいに<B5C>いてらっしゃる<E7>ありがたいことだ
0x04b8b5	45	「ここに<AC9>んでた<AF5><B72>が\nとつぜん<AC2>えちまったんだ<E7>これも<EB><15>のしわざか？
0x04b8f9	37	「ここはね 兵<B3A>さんが\n<AF4>むところさ<E7>今は みんな\nつとめに出てるよ
0x04b91f	12	「かあさん ただいま！
0x04b92c	66	「ああ <EB><0A>\nおつとめは<AE8>ったのかい？★「いや 今<ABE>は<EB><13><B88><A0E>から\n<B74><AA4>に命を<B17>けたんだ<E7>すぐに行かなきゃならない
0x04b96f	76	「よかったじゃないか<E7>ほんとによかったよ\n<A65>生きしてて‥‥★「そうだ！ <A86><A87>するよ<E7>これから <A94><BA4>に\n<A77><A78>をすることになった\n<EB><04>さん
0x04b9bc	16	「<B6A>子をよろしくお<A66>いします
0x04b9cd	44	「<EB><04>さん\nああ<F4><02>えても しんは\nしっかりした子です<E7>どうかよろしくお<A66>いします
0x04b9fa	29	<FB><EB><0A><F8>かあさんのためにも\n<EB><15>を<B45>い<B1B>めなければ！
0x04ba18	23	「何も<EB>）けど\nゆっくりしてってくださいな
0x04ba30	5	「<EB><1E>‥‥
0x04ba36	23	「何か<A23>があるのか？<E7>ないなら 出て行きな
0x04ba4e	30	「にいさん <B44><A05>ごとに\n<A71>つっこむと ケガするぜ
0x04ba6d	63	「にいさんがた！<E7>今なら この<AF5>\n<AFE>く<F7><02>してあげるよ<E7>ごらんのとおり\nベッドもタンスも\nみな そなえつけだよ
0x04baad	87	「ほんと <F7><03><BEF>が\nやりづらい世の中になった<E7>おれは こいつと<A94><BA4>に\n<F7><04>うたって<A7A>をまわったんだ<E7>だけどみんな 今じゃ\n<F7><04>闇く<F7><05><F7><06>もなくなって‥‥
0x04bb05	32	「<F7><04>が<F7><04>えないことが\nこんなにつらいとは\n思わなかったわ
0x04bb26	66	<EF>今<03>ゥさ「うちのだんなは\nモンデオの<A42>を<ABA>ってるんだ<E7><AD4><A78>だといいんだけど\nこんな時だから <A37><A38>で‥‥
0x04bb69	281	<EF>Ｃ<00>ハし←Ｃ<00>「おや <AA1>の方\nなにか お<B49>りかい？★<F0>と<EA><1D> <EB><04>は\nエセルのかたみを<AF1>した★★<00>レ。さ<E9><0A> <E9>！者<ED> <F2><01><15><1C><06>「これは あの<A05>の‥‥<E7>どうして あんたが\nこれを<A34>って‥‥<E7><EB><1E>‥‥‥‥まさか★<E9>！者「<EB><1E>そうかい<E7>あの<A05>は\n<AAB>に<A0C>されたんだね★<E9>！者「<EB><04>さんっていったね<E7>モンデオから ここまで\nわざわざ<BBF>けてくれて\n<EB>十ね<E7>あの<A05>も きっと\nよろこんでると思うよ‥‥★<E9>！者「これはね\nあの<A05>が<A34>ってた物だけど\nよかったら <A7B>っておくれ★<F0>と<EA><1D> <EB><04>は ファティアを\n５つ手に<1F>れた！★
0x04bc83	42	ナ<E9><08>つ<EE>★<1D>「<B0A><B0B>はしていたけれど\nこんなに<A6B>く\nその時が来るなんて‥‥
0x04bcae	44	<EF>Ｃ<00>ろし「ぼくのとうちゃん\nへいたいさんなんだよ！<E7>いまは おでかけしてるんだ
0x04bcdb	21	「かあちゃん\nなんで ないてんだろ‥‥
0x04bcf1	24	「<EB><04>さんですね\nどうぞ お<1F>りください
0x04bd0a	47	「<EB><15>なぞ <BA2>るるに<A08>らん\nわしが<A27>り<F7><07>ちにしてくれる<E7>ふは！ ふははははははは！
0x04bd3a	41	「となりのやつ \n<AEB>気なこと言ってるけど<E7><EB>手は\nめちゃめちゃ<A47>いんだよな
0x04bd64	53	「<EB><0F>さまは たくさん\n<A8A>子をかかえておられるが<E7>その中で<A94><BA3>デキがいいのは\n<EB><0A>なのだよ
0x04bd9a	86	「<EB><15>ってやつは<A1B><A1C><A06>\n<A10>じられてたんだろ<E7>‥‥ということは そうとう\nやつは <A07>がナマってるはず<E7>今つかまえれば <EB><15>を\n<A70>すことができるかもな
0x04bdf1	51	「<EB><13>さまは すばらしい方だ<E7>おれらのような者でも\n<A81>けへだてなく\n<F7><08>してくださるからな
0x04be25	78	「すまぬが その<A69>\nわしに<F4><02>せてはくれぬか？<F0>と時中<EC><E9>輪エせ「<EB>十★<E9>！者「<A8D>思<B4C>だ‥‥<E7>この<A69>を<F4><02>ていると\n<A37>が <F7><09>われるようだ
0x04be74	23	「そうか‥‥\nよほど 大<A74>なものなのだな
0x04be9f	24	「この<A61>は <EB><05><A12>子の\n<F7><0A><B02>であります
0x04beb8	18	「<ADB>手なことをされては\n<B49>ります
0x04becb	51	「<EB><05>さまって\nすんごい きれい<B47>きなの<E7>ヒ<02>カヒ<02>カにしとかないと\nすぐきげん<AF0>くなるわけ
0x04beff	59	「<EB><05><A12>子は\n<BBD>けずぎらいな方なのよ<E7>この前なんか 兵<B3A>と\n<B1D>みくらべして\n死にかけたくらいなんだから
0x04bf3b	70	「<EB><1D>石は\nなんとも<A8D>思<B4C>なものでな<E7>ある<F7><1D>者などは\nこの大<A2A>から\n生まれたものではないと‥‥<E7>そんなことまで言うとるのだ
0x04bf82	20	「この<AE1>は <EB><13><B88><A0E>の<F7><0A><B02>だ
0x04bf97	26	「<EB><1E><E7><F7><0B><B2A>は<F7><0C><B1B>されておる\nのであります
0x04bfb2	12	「ご<B07><B90>さまです
0x04bfbf	10	「‥‥<A08>が<A59>い
0x04bfca	5	「<EB><1E>‥‥
0x04bfd0	70	<F2><01><06><1C><06><EF>２<00><17>た「<A12>子は みょうに\n<AEB><B6F>なところがあるのだ<E7>お前たちに\n<AAA><F7><0D>をかけるかも知れぬが\nよろしく<A01>んだぞ
0x04c017	15	「<A12>子は<AD4><A78>だったのか
0x04c028	87	<FB><EB><0A><F8><EB><1D>石を手に<1F>れろとの\nご命<B2B>です<E7><EB><15>と<B74><F7><08><A04>えないのは\n<A3D><B59>ですが<E7><EB>８には何か\nお<A6D>えがあるようですし<E7><EB><1D>石を\n<AB2>しに行きましょう
0x04c080	76	<EF>２<00>へた「どうだった？\nゴーレムとの<A04><B41>は<E7>なかなか <F7><0E>ごたえが\nあったろう？<E7>やはり わしの<A6A>に\n<F7><19>いはなかったな<E7><BFD><F7><0F>だ
0x04c0cd	49	「<EB><04>！<E7>おまえがついていながら\n何ということだ！<E7><A6B>く<EB><1D>石を\n<A34>ち<ADA>ってきてくれ！
0x04c0ff	95	<EF>２<00>方ち「<EB><05><A12>子は\nカマロの<A17>に<A97>かわれた<E7>その<A17>は ここ<EB><0D>より\n<A50><A4D>の<A19><A51>を\n<BC5>けたところにある★<E9>！<1E> ２<A05>とも <EB>８の<F7><10><A22>を\n<AE7><A74>ることのないようにな
0x04c15f	15	「<EB><1D>石はどうしたのです？
0x04c16f	50	「<EB><05>さまが\n<A17>に<A97>かわれてから\nかなりの<EB>出がたっている<E7>何<A78>もなければよいのだが
0x04c1a2	14	「ううむ <BCA>がへったのう
0x04c1b1	30	「つとめが<AE8>ると おれらは\nここでメシを<B45>うんだよ
0x04c1d0	54	「おれは <A42>で\nすごい<AC5><A05>を<F4><02>たぞ<E7>だがな\n<A5E>をかけたら フッと\n<AC2>えてしまったんだ
0x04c207	30	「あたしゃ ここで５０<A1C>\n兵<B3A>の世<A79>をしてるんだよ
0x04c226	23	「あら あなた\n<BB4>しく<1F>った兵<B3A>さんなの？
0x04c23e	76	「<EB><05><A12>子ったらね<E7><A12>さまに<A01>みこんで\n<EB><1D>石を<AB2>すのを\n<A53>してもらったんだけど<E7>この<BFC>子じゃ いつまで\nかかるか わからないわよ
0x04c28b	82	「この<A61>には\nふるい<A2A><A0E><A13><A14>があるのだが\n<A91>ち<1F>り<F7><0C><B1B>になっている<E7>なんでも\n<A3B>けば<A3B>くほど<AB1>される\n<A8D>思<B4C>な<A4B>だそうだ
0x04c2de	21	「<A12>子さま\nどうか ご<AD4><A78>で！
0x04c2f4	39	「どうかお<A53>しを！<E7>われらの力およばず\n<A12>子さまにご<AAA><F7><0D>を‥‥
0x04c31c	44	「この<A17>は とてつもない\nカラクリが<A77><AE3>けてあります<E7><F7>思がこんなことを‥‥？
0x04c349	54	「<A08><A76>にはじゅうぶん\nご<A3E><A3F>ください<E7>あまり<A3B>き<B3F>ると\n<AAE>がくずれ<A6F>ちるのです
0x04c380	23	「<A12>子さま\nご<AD4><B38>をなさいませんように
0x04c398	30	<EF>７<00>きて「気をつけてね\n<A42>の<B1F>は <EB><1A>でいっは<02>いよ
0x04c3b7	35	「さっき \nものすごい<AE2>がしたけど<E7>何が<A6E>きたのかしら‥‥
0x04c3db	70	「この<EB><0D>にさえいれば\n<EB><15>なんぞ <BE5>くはないわ！<E7>‥‥と思っていたが\n今では それが<B37><A2F>なのか\nもう <A81>からないのだよ
0x04c422	37	<EF>７<00>Ｈと「<A12>子を<A45>けていただいて\n<EB>時にありがとうございます
0x04c448	29	「<EB><04>さん\nお<A66>いします！<E7><EB>兵をつかまえてください<F1>
0x04c466	24	「‥‥んうぉぉお<E7>まだ<A7C>が<BC5>けねぇんだ
0x04c47f	60	「また１つ <A42>が<AC2>えたぞ\nベクトラっていう<A42>だ<E7><F4><00><A12>は <B66>ての<EB><14>を\n<AC2>すつもりなんだろうか‥‥
0x04c4bc	35	「おかしいのお？<E7>うちのやつも 子<A96>たちも\nどこ行ってるんじゃろ
0x04c4e0	42	「なあ たのむ\n<EB><15>がここにくる前に‥‥<E7>このおじいちゃんに\nあまえてみてくれい
0x04c518	120	<EF>思<00>★な←思<00>「うあああ！<E7>オレ なにもしてないよ\nいやホントに★<E9>！者「あ！ うたがってるでしょ\nオレのこと？<E7>ドロボーだと思ってる？<F1><F0>と時中<EC><E9>輪ムな「そのとおり！\nオレはドロボーです<E7>あんたも<B11><B4B>なんでしょ？
0x04c591	43	「あんた いい<A05>だね\nこれ あげるよ★<F0>と<EA><1D> <A30>から\n<EB><19>を３つもらった！★
0x04c5bd	38	テ<E9><08>つ<E9>！者<EC><E9><0A> <F2><01><15><1C><06><ED> 「ほんじゃ\nあんたも がんばれよ！
0x04c5e4	45	「<A4C>ごろ どこの<AF5>も\n<B3C><A48>げでもしたかのように\nもぬけのカラになってるのさ
0x04c612	37	「どうしたんだろ‥‥<E7>きょうも みんなで\nあつまるやくそくしてたのに
0x04c638	54	<EF>７<00>ッに「<EB><13>はこの<A42>にいれば\n<AFE><B66>だとおっしゃっていた<E7>それが今<A00>\n<A2F><A2E>するのですね
0x04c66f	37	「あなたも<A5C>じましたか？<E7>さきほど この<B12>りが\n大きくゆれたのを
0x04c695	41	「<EB>腕 どうなってんだ？<E7>この<A42>から どんどん\n<A05>が<AC2>えていく‥‥
0x04c6cc	10	「<EB><1E>また あんたか
0x04c6d7	24	「<EB><13>なんぞ\nくたばっちまえばいいんだ！
0x04c6f0	37	「おれたちは\nあの<EB><13>が気に<1F>らないんだ<E7>きっと\n何かあるに<B23>いない
0x04c716	37	<EF>７<00>者ぬ「<EB><13><B88><A0E>は ずいぶんと\nごきげんのご<BD6>子です
0x04c73c	34	「今<A00>まで わしは\n<A95>に<EB>生があることすら\n知らなかった‥‥
0x04c75f	16	<EF>７<00>殺ぬ「いってらっしゃいませ
0x04c770	25	「やつら どうやって\n<B93>を<B94>ったんだろう？
0x04c78a	56	「<EB><0A>には \n<F7><11>子の<B3D>がいるのだ<E7><B3D>のほうは どうも\nうしろ<B9D>い<A77><A78>を\nしているようなのだよ
0x04c7c3	36	<EF>７<00><E8>ぬ「<A95>の中がさわがしいけど\nこれから何か<A35>まるのかい？
0x04c7e8	35	「<A68>が！<E7>大きな<A68>が この<EB><0D>を\n<B7A>み<AA9>んだんだよ！！
0x04c80c	57	←何<00><E9>３<F0>と<EA><1D> ふとんの<A0E>に\nタワーシールドを<F4><02>つけた！★<00>コ石<1D><E9><08>つ<EE>★<1D>「‥‥<A6B>く<F7><12>になりたい
0x04c84e	36	に\n兵<F4><01>たちがつめておる<E7>そこを<A56>って<AE1>の<AF5>まで\n行くのだ
0x04c873	60	「いよいよ <EB> の\n<B8F><A66>が<AD1>せられる<A00>が来た！<E7>この<A00>に<A91>ち<B1E>えるとは\n<EB>時にお前たちは<F7><16>せ者ぞ！
0x04c8b0	63	「<AE5><AA4>の <A34>ち<ADA>った石が\n<A92>に<A91>ったようですね<E7>あの石を<A7B>って\n<EB>８が何をするのか\n<F4><02>せてもらいましょう
0x04c8f0	45	「<EB><05>さまが\n<AD4><A78>に<AB1>ってこられた！<E7>あなた方のおかげですよ\nありがとう<EB>行
0x04c91e	47	「あれから あの<AC5><A05>が\nこないかと<F4><02><B8D>ってるんだが<E7>いっこうに <A2E>れんのだよ
0x04c94e	44	<EF>７<00>サの「え！ <A12>さまと<B1E>ったの<E7>あなた もしかして\nすごい<A05>なんじゃない？
0x04c97b	30	「みんな<EB>兵を\n<A49>いかけていったわ<E7><EB>気行かなくていいの？
0x04c99a	26	「まだ ごはんのしたく\nしてないのよ ごめんね
0x04c9b5	34	<EF>Ａ<00>りの「この<AA5><A6F>は <EB><10>さまが\nおつくりになったと闇きます
0x04c9d8	14	「どうか お気をつけて‥‥
0x04c9e7	25	<EF>Ａ<00><01>は<F0>と<14>は\nどうぞ中にお<1F>りください
0x04ca01	18	「<EB><0C>さまを\nよろしくお<A66>いします
0x04ca14	14	「<EB><0C>さまがお<A22>ちです
0x04ca23	43	「ぼく 闇いたんだ‥‥<E7>ろうやの<BA3><A05>が\n「<A17>に<AB6>れてけ」って\n言ってたよ
0x04ca4f	46	「ここ サイコーだよな！<E7><A8E>い<B98>しか<AC9>んでないし\nみんな ベッヒ<02>ンさんだし！
0x04ca7e	56	「ここから<A50>に<ABD>むと\nカレラの<A17>にいたります<E7>しかし 今は兵<B3A>たちが\n<A17>の<1F>り<AB3>をふさいでいます
0x04cab7	64	「あのまま <B93>の中にいたら\nきっと殺されていたはず<E7><A45>けてくれて <EB>十<E7>なぜ<EB><13>は こんな<BA5><A64>を\nなさるのだろう？
0x04caf8	28	「<EB><13>は <BA2>ろしさのあまり\n<B2D><AAA>われたに<B23>いない
0x04cb15	40	「<EB><10>さまが この<A2A>に\n<AC0>び<AB1>られる<A00>まで\n<EB>界は<AC3>り<AF3>けます
0x04cb3e	51	「この<BA1>の中にいる<ACB>り\n時が<ABD>むことは<EB>）<E7>これもまた <EB><10>さまの\n<A3D>された力なのでしょう
0x04cb72	54	「<EB>界は <A2D><F4><02>の中で\n<EB><10>さまの<A5E>を\n闇くことがあります<E7>あなた方のことも\n<A2D>の中で知りました
0x04cba9	63	<EF>輪<00><E9>ひ←輪<00><FB>ネヤ<F8>ああ <EB><04><E7>あたしも<A65>いこと\n生きてきたけれど<E7>この<A7A>に こんな<EB><1B>が\nあるとは知らなかったよ
0x04cbe9	17	<FB>ネヤ<F8><EB><12>は大<AF8><AF9>かねえ‥‥
0x04cbfb	70	「なんだい なんだい！？<E7>おっかない<A73>しちゃってさ<E7>いやなことでも\nあったのかい★<F2><01><06><1C><06>「おまえたちが\nわれを<BEC>ませる<E9>力<00>
0x04cc42	9	「あわわわ‥わ‥‥
0x04cc4c	20	<F0>と命ふ<F2><01><06><1C><06>「<BA2>れるな‥‥<E9>力<00>
0x04cc61	18	「これからは \nいい子にするから！★
0x04cc74	27	<F0>と命ふ だから <EB><15>に\nもう来ないでって言って！
0x04cc90	66	「おれはまだ\n<B2E><A34>ちになってない<E7>ヨメさんも もらってない<E7>なのに ここで<AE8>わりか！★<F2><01><06><1C><06>「そう <AE8>わりだ<E9>力<00>
0x04ccd3	36	「や やつが\n<A6A>の前を<A56>ったんだ‥‥<E7>も もうダメかと思ったよ
0x04ccf8	73	「<BB5>みをはらしに来たのだな<E7><EB><16>に<A10><A11>されたこと\n<BB5>みに思うておるのだな？★<F2><01><06><1C><06>「それが おまえたち\n<EB><14>の言い<A93>えか<E9>力<00>
0x04cd42	21	「きっと<EB><16>は\nみな殺されてしまうじゃろ
0x04cd58	50	「あんた なんだい！<E7>かってに\n<A05>の<AF5>に<1F>ってきて★<F2><01><06><1C><06>「それは すまぬことをした<E9>力<00>
0x04cd8b	19	「こんな<BA2>ろしい世の中は\nもうイヤよ
0x04cdb0	27	「<EB><15>が<A20><A21>したって‥‥<E7><EB>時のことだったのね
0x04cdcc	25	「すみません<E7>備兵は\nみな 出<BAC>ってしまって<E7><F5>
0x04cde6	41	<AB8><A22>ちの<BED><BEE>なんです★<F2><01><06><1C><06>「もうじゅうぶんに<A22>った‥‥<E9>力<00>
0x04ce10	20	「<EB><04>‥‥<E7><F7><0B>たち\nみんな死ぬのかしら
0x04ce25	27	<F0>とＡほ★<F2><01><06><1C><06>「<AB2>しているのは <EB><1C>だ<E9>力<00>
0x04ce41	30	「にいさん <AEB>そうだねぇ<E7><A77><A78>を<AB2>しにきたのかい？
0x04ce60	43	<F0>と<18>ょ★<F2><01><06><1C><06>「おまえにも闇こえたか\nわが<A5E>が‥‥<E6><F2><01><15><1C><06>「えっ<E9>力<00>
0x04ce8c	36	「<EB><14>が\n生きるか死ぬかなんて<E7>きっと\nかみひとえの<BC3>なんだろうな
0x04ceb1	47	「とうとう この<A00>が‥‥<E7><AE8>りの<A00>が来てしまったのか★<F2><01><06><1C><06>「<B2C>ずるな<E9>力<00>
0x04cee1	23	「いまや<EB><14>の世は\n<F7><1E>前のともしびじゃな
0x04cef9	38	<F0>と、ょ★<F2><01><06><1C><06>「おまえたち<EB><14>は\n何にでも<A25>前をつけたがる<E9>力<00>
0x04cf20	22	「ほお どうやら\n<EB>３に<B1E>ったようだな
0x04cf37	29	<F0>とＵま<E7>さあ お<A66>いします★<F2><01><06><1C><06>「ことわる<E9>力<00>
0x04cf55	34	「あなたが腕<BF0>きの備兵ですね\n<B2E>は いくらでも<BAC>いますよ
0x04cf78	51	<FB>ホセ<F8>あにき‥‥<E7>どうしたんだい？<E7>そんなオバケでも<F4><02>るような\n<A73>で<F4><02>ないでくれよ
0x04cfac	52	「しかし いくら備兵が\nがんばっても<E7><EB><15>にゃ かなわないよなあ★<F2><01><06><1C><06>「そのとおりだ<E9>力<00>
0x04cfe1	24	「あわわわ\nま <EB><15>が‥‥<E7><EB><15>がここに‥‥
0x04cffa	9	「ひぃぃーーーっ！
0x04d004	13	「たっ た <A45>けてくれ！
0x04d012	13	「また生きのびたでなぁ
0x04d020	15	「すごく<B46>たい<A6A>だった
0x04d030	75	「あんた\nすごく<B46>たい<A6A>してる<E7>でも あたしの<B47>みだわ★<F2><01><06><1C><06>「おまえが<B47>むとも\n<B47>まざるとも<E8><B08>命は<AD4><BA6>なのだ<E9>力<00>
0x04d07c	73	「さあさあ\nあんたも つっ<A91>ってないで\nいっは<02>いどうだい<E7>グビグビグビグビ★<F2><01><06><1C><06>「<B68><AD2>だ よく<B0C>わえ<E9>力<00>
0x04d0c6	41	「あ あ ああぁ‥‥<E7>オレはここで死ぬのか‥‥？★<F2><01><06><1C><06>「そうだ‥‥<E9>力<00>
0x04d0f0	56	「こんなことなら きちんと\n<F7>７行しとけばよかった★<F2><01><06><1C><06>「<EB><14>の力など\nこの<EB><00>には<A56><A23>せぬ<E9>力<00>
0x04d129	50	「もう思い<A3D>すこたぁないよ\n<A65>すぎたぐらいだから★<F2><01><06><1C><06>「ならば <AC3>るのだ<E9>力<00>
0x04d15c	38	<F0>と<02>あ★<F2><01><06><1C><06>「<B45>らうのではない\n<ABF>来の<EB><1B>に<AB1>すのだ<E9>力<00>
0x04d183	23	「わしの<A02>は\nよほどマズいんじゃろうか
0x04d19b	53	「<A82><A9C><A9D>が手に<1F>らなくては<E7><EB><15>に<A04>いを\n<BF1>むことすらできぬ★<F2><01><06><1C><06>「もう <F7>０い<E9>力<00>
0x04d1d1	38	<F0>と結あ★<F2><01><06><1C><06>「おまえが<B51>じずとも\nこれが<A2E><A2F>だ<E9>力<00>
0x04d1f8	51	<F0>と死あ★<F2><01><06><1C><06>「もう<A37><A38>しなくてもよいのだ<E8>死が<A8D><AFE>を\n<A75>き<AD6>ってくれよう<E9>力<00>
0x04d22c	45	<F0>となあ★<F2><01><06><1C><06>「じきにみな\n<B11>じところへ<A97>かう<E8>そこで<A22>つがよい<E9>力<00>
0x04d25a	73	<FB><AC7><A10><F4><01><F8>ここは<AC7><A10>の<A9F><E7>どんなご<A23><B73>で‥‥？！★<F2><01><06><1C><06>「おまえたちソウルを‥‥<E6><E9>！者 <BA2>れを知らぬ生き物よ！<E9>力<00>
0x04d2a4	138	<FB><AC7><A10><F4><01><F8>命とは<F7><13>いもの‥‥<E7>生きのびた<A05>たちは\nこの<A42>を出て行きました<E7><EB><0D>の<A95><A0E><A42>なら\n<AFE><B66>だと闇いたらしいのです<E7>それでは‥‥★<EE>ヒ←「あら<A8D>思<B4C>ね<E7>あなたにも<EB><18>の\nご<B4D><B4E>が‥‥？！★<F2><01><06><1C><06>「<EB><18>は\nわれ<A32><A2C>だ<E9>力<00>
0x04d32f	124	<FB>アーチ<F8>オ オレ‥‥<E7>む むむ むずかしいことは\nで できませんけど<E7>ど <A64><A9D>くらいなら‥‥<E7>ハハ‥‥\n<A64><A9D>なんていりませんよね\nハハ‥‥ハ‥‥★<E9>！<1E><F2><01><06><1C><06>「それでよい<E8><BA2><BE5>とは\n<B37><A2F>と<A97>き<BFD>うことだ<E9>力<00>
0x04d3ac	58	「なんだ！ <EB>。！<E7>じじいと思ってバカにすると\nひどいめにあわせるぞ！★<F2><01><06><1C><06>「<AC2>えるのだ<E9>力<00>
0x04d3e7	44	「命だけはかんべんして！\nホラ お<B2E>だったらあるから★<F2><01><06><1C><06>「<B2F>かな<E9>力<00>
0x04d414	37	<F0>とムい<F2><01><06><1C><06>「<EB><14>の知<F7>４など\nわざわいの<A76>にしかならぬ<E9>力<00>
0x04d43a	91	<F0>と８う この力がつきたとき‥‥★<F2><01><06><1C><06>「ほう‥‥\n<EB><14>も知<BF4>をつけたとみえる<E6><F2><01><15><1C><06>「あ あなたの<AA1>は‥‥\nお‥‥<AE8>わりを‥<AB5>げる‥‥<E7>あ ああぁーーー！<E9>力<00>
0x04d496	24	<F0>と８う もうすっかり\nご<B10>知のようですね
0x04d4af	45	<F0>とォう★<F2><01><06><1C><06>「５つに<A81>かれている\nのではない‥‥<E8>５つに <A81>けたのだ<E9>力<00>
0x04d4dd	33	<F0>と。う★<F2><01><06><1C><06>「<B2F>かな‥‥<E8><EB><19>とは<F7><13>いものぞ！<E9>力<00>
0x04d4ff	30	<F0>とるう★<F2><01><06><1C><06>「われの知らぬものなど\nない‥‥<E9>力<00>
0x04d51e	39	<EF>Ｑタるう「<A2F>はベッドの<A0E>にも\nあったんだけど\n<F4><02>つけたかしら？
0x04d546	61	←Ｆ<00><E9>３<F0>と<EA><1D> ベッドの<A0E>に<F1><EE><E6>Ｄ<F0>と<02>え★<F2><01><06><1C><06>「<A13>など いない<E8>われこそが<B37><B38>なのだ<E9>力<00>
0x04d584	23	<F0>と思え★<F2><01><06><1C><06>「いいことを言う‥‥<E9>力<00>
0x04d59c	42	<F0>とオえ★<F2><01><06><1C><06>「おのれのしかばねが\n<F4><02>れぬのが<A3D><B59>であろう<E9>力<00>
0x04d5c7	33	<F0>と「え★<F2><01><06><1C><06>「おまえたちほど\nちらばってはおらん<E9>力<00>
0x04d5e9	122	「オレも<F7><14><AD0>な時<BF3>に\n生まれたもんだ<E7><EB><15>に\n殺されなきゃならんとは★<F2><01><06><1C><06>「<B68><AD2>のセリフは\nそれでよいのか‥‥？<E6><F2><01><15><1C><06>「ああ かまわんよ<E7>たかが\n備兵の<A42>の<EB><11>なんだ<E7>気のきいたセリフなど\nひつようないさ<E9>力<00>
0x04d664	63	「おお <EB><04>か<E7><EB><15>に殺されずに\nまたおまえに<B1E>えるとはな<E7>いま死にぎわのセリフを\n<A6D>えていたところさ<E7>はっはっはっ！
0x04d6a4	53	「あなたが<EB><15>さまですね<E7>ああ これでやっと\n<B07>しみから<AC7><AAD>される‥‥★<F2><01><06><1C><06>「<EB><1E><E9>力<00>
0x04d6da	23	「ああ <EB><15>さまに\n<F4><02>はなされてしまった‥‥
0x04d6f2	83	「<B08>命に<B09>らうことは\nできません<E7>それが <EB><0B>さまの\n<A29>えなのです★<F2><01><06><1C><06><E9>！<1E>「<EB><0B>よ<E8><EB>。 この者どもに\n何を<B5B>き<AA9>んだのだ‥‥？<E9>力<00>
0x04d746	30	「<B08>命は\nこのわたしをもてあそんで\nいるのでしょうか？
0x04d765	58	「<B0A><B0B>はできています<E7>わたしは この<AE8>りの<A00>を\n<A22>っていました★<F2><01><06><1C><06>「<EB><16>に<A29>わったか‥‥<E9>力<00>
0x04d7a0	17	「<B0A><B0B>して<A22>っていたのに‥‥
0x04d7b2	22	<F0>とのら★<F2><01><06><1C><06>「ならば行け‥‥<E9>力<00>
0x04d7c9	23	「生きることなど\n何の<A3F><B0C>もありはしない
0x04d7e1	56	「<EB>腕 この<A42>は\nどうなってんだ<E7>みな おかしなことばかり\n言ってるよ★<F2><01><06><1C><06>「<A1A>に<BF2>けろ<E9>力<00>
0x04d81a	43	「どうやら\nあの<EB><0B>ってやつが<E7>みなに おかしなことを\n<B5B>き<AA9>んでいたらしい
0x04d880	106	←Ｓ<03>「ウゴォォオオ<EE>ヲり「<EB><0B>さまが\nおっしゃったように‥‥<E7>しょせん\n<A5D>ぼされる<B08>命なら<E7><EB><14>とは\nなんのために この大<A2A>に\nつかわされたのでしょう？★<F2><01><06><1C><06>「<AC4>せ そして<B5D>げろ<E9>力<00>
0x04d8eb	18	「<EB><0B>さまの\nおそばに行きたい‥‥
0x04d8fe	46	「ぼくらは\nつぎ生まれ<A63>わる時も<E7>また <A94><BA4>になろうと\nちかいあいました<E9><05><00><00><EC>
0x04d92d	48	「お<A66>いです<E7>せめて <A94><BA4>に\n死なせてください★<F2><01><06><1C><06>「わが<B2D>となるのだ<E9>力
0x04d966	24	「ぼくらは<EB>時に\n生まれ<A63>われるだろうか？
0x04d97f	27	「この<A05>と\n<A94><BA4>に死ねるなら\n命などおしく<EB>）
0x04d99b	38	「お<A66>いです<E7>せめて この<A05>と<A94><BA4>に\n死なせてください<E9><05><00><00><EB>
0x04d9c2	61	「ぼくらは\nつぎ生まれ<A63>わる時も<E7>また <A94><BA4>になろうと\nちかいあいました★<F2><01><06><1C><06>「今 <A94><BA4>にしてやる<E9>力
0x04da08	52	「さあ やってください<E7>生きていても いいことなど\nありはしないんですから★<F2><01><06><1C><06>「<EB><1E><E9>力<00>
0x04da3d	46	「その<A80>で\nバッサリとやってくだされ<E7><A32><A81>では\nどうにも死に<A74>れんのです
0x04da6c	100	「とうとう やってきたな<E7><B44>のやつらは \nどうだか知らんが\nおれらは<B23>う‥‥<E7>ただ <AC4>って\n殺されることはないのだ！★<F2><01><06><1C><06>「おのれを\nわきまえぬ<EB><14>もいるか<E9>！者<E9><12>Ｙ<05><00><00><00><00>
0x04daee	41	「おお キミたちも\n<EB><15>と<A04>うつもりなんだな<E7><B68><AD2>まで あきらめるなよ！
0x04db18	79	「なぜなの！<E7>生きようとすることが\nそんなにイケナイことなの？★<F2><01><06><1C><06>「<AF0>くない<F7><15><AD3>だ‥‥<E8>しかし今のおまえにとっては\n<A3F><B0C>をもたぬ<E9>力<00>
0x04db68	19	「わたしはきっと\n生きぬいてみせるわ！
0x04db7c	24	「ばあさんや！★<F2><01><06><1C><06>「<AC3>るのだ<E9>力<00>
0x04db95	24	「やはり<EB><15>に<B6F>けは\nなかったんじゃなぁ‥‥
0x04dbae	56	「あたしの子を<A27>せ！<E7>なぜなんだい！\nあんないい子をなぜ‥‥？★<F2><01><06><1C><06>「それが さだめだ<E9>力<00>
0x04dbe7	38	「ううっ‥‥\nあたしたちを<ABA>って‥‥<E7>あの子は\n<AAB><A7A>にいっちまったよぉ
0x04dc0e	72	「こ この<F7><0B>を殺せば\nきっとバチがあたります<E7>そ それでも<AEF>いのですか！★<F2><01><06><1C><06>「<F7>思に<A97>かって\n言っているのだ‥‥<E9>力<00>
0x04dc57	70	←者<03>「みな 殺した<E7>わたしは やったのだ\nすべては<EB><15>さまのために<E7>さあ おまえも死ぬのだ！\nそして わたしも死ぬ<E9>！者<E9><0E><00><00><00><00>
0x04dcae	97	←思<03>「ほう‥‥\nおまえも <A02>を\n<BC3>し出しに<A1E>ったか<E7>よい<A37>がけだ<E7>われらは 死ぬことで\nはじめて<EB><00>さまの\nお<A92>に<A91>てるのだからな★<F2><01><06><1C><06>「<EB><1E>‥‥<E9>！者<E9><0E><00><00><00><00>
0x04dd24	112	「やれ うれしや！<E7>どなたか<B10>じませんが\nありがとう<EB>行<E7>この<A42>へ行<F7><03>に来たところ\nみなに とりかこまれ‥‥<E7>今にも殺されるところでした\n<EB>時にありがとうございます★<F2><01><06><1C><06>「<A7F>にはおよばぬ<E9>力<00>
0x04dd95	49	←何<03>「ああ ああああ\nいたい いたいいたいぃい★<F2><01><06><1C><06>「死にきれんのか‥‥<E9>！者<E9><0E><00><00><00><00>
0x04dddb	53	←輪<03>「なぜし な ねバな\nらヌ のか？★<F2><01><06><1C><06>「めんどうをかけるでない‥‥<E9>！者<E9><0E><00><00><00><00>
0x04de45	31	<F0>と今中<F2><01><06><1C><06>「おまえの<A02>だ<E6><F2><01><15><1C><06>「えっ？<E9>力<00>
0x04de65	20	「はい いらっしゃい\nご<A3E><BBC>は？★
0x04de7a	18	<F0>と今中<E9>！者 なんだ ひやかしか
0x04de8d	44	「じゃまだよ おっさん<E7>今 いいトコなんだからよ★<F2><01><06><1C><06>「<A1A>に<A5D>せよ<E9>力<00>
0x04deba	16	「なかなか<AEB><B6F>な<B98>だぜ
0x04decb	42	「や やめて<E7>なんで あたしが‥‥\nお<A66>い‥‥★<F2><01><06><1C><06>「<AC3>るのだ<E9>力<00>
0x04def6	13	「この<A05>ったらシツこくて
0x04df04	52	「おむかえが来たんか‥‥\nあんた<EB><15>だろ<E7>いたくしねぇでくれ\nな？★<F2><01><06><1C><06>「<B2C>ずるな<E9>力<00>
0x04df39	17	「おむかえは\nまだじゃろうか？
0x04df4b	49	「なぜなの？<E7>わたし <AF0>いことは\n何もしていないのに★<F2><01><06><1C><06>「わが<B2D>となるのだ<E9>力<00>
0x04df7d	31	「わたし\n<AF0>いことは何もしていない<E7>と言ったらウソになるわね
0x04df9d	39	「<B2E>ならある\n命だけは かんべんしてくれ★<F2><01><06><1C><06>「<B2F>かな‥‥<E9>力<00>
0x04dfc5	24	「<B2E>さえ<AF1>せば\n<EB><15>だって<A6D>え<B74>すさ
0x04dff7	28	チ<E9>３<E9>！<14> しかばねの中に\n<EB><19>を<F4><02>つけた！<E9><08>つ
0x04e067	10	 しかばねがある
0x04e072	11	 <A02>のぬけがらだ
0x04e07e	12	 <AC6>かれし者の<AE9>だ
0x04e08b	43	「ここは<AC7><A10>の<A9F><E7>どんなご<A23><B73>でしょうか？<EA><EC><E9>何<02> ごきげんよう
0x04e27a	32	「なんだい？\nうちは <B30><ACE>じゃないよ<E7>よそ あたっとくれ
0x04e29b	68	「大げさな<B32> <B33>やがって\nおめぇ <F4><00><AFA><A7B>いか？<E7><F4><00><AFA>なんざこわくねえ\nかかってこい こら！★<F2><01><06><1C><06>「そうか<E9>力<00>
0x04e2e0	45	「えらそうな<B32> <B33>やがって\nおめぇ<A64><B75><A89>か？<E7>そこで\nおどってみろ こら！
0x04e30e	76	「あんたさん\nどこから来なすった<E7>この<B12>じゃ <F4><02>ない<A73>だの★<F2><01><06><1C><06>「われ<A1A>より めざめたり<E6><F2><01><15><1C><06>「ああ？\n何を言って‥‥<E9>力<00>
0x04e35b	35	「ほお\nあれが<EB><15>じゃったのかえ？<E7>どうりで<F4><02>ない<A73>だの
0x04e37f	52	「何か<A23>か デカぶつ<E7>よそ者は中に<1F>れねぇんだ\nさあ <ADA>んな！★<F2><01><06><1C><06>「<AC2>えろ‥‥<E9>力<00>
0x04e3b4	38	「あ あれが<EB><15>だったのか<E7>あやうく\n<A43>び<B1B>めるところだったぜ
0x04e3db	32	<F0>と<EA><1D> あたりに<EB><1A>の<B5E>気が\nたちこめてきた‥‥<EE>★<1D><E9><08>
0x04e484	50	 あなたは<EB><14>の<AA6><AA7>‥‥<EE>あ★ さあ <A68>をその<A69>に‥‥<EE>あ★ <A62>来をその手に‥‥<E9>！者<E9>Ｂ
0x04e4e3	12	<F0>とュ★<E9>Ｌわ<05><F0>とき<1C>
0x04e4f0	12	<F0>とュ★<E9>Ｌみ<07><F0>とき<1C>
0x04e4fd	12	<F0>とュ★<E9>Ｌと<09><F0>とき<1C>
0x04e50a	17	 エセルの<AD4><B59>がつまっている
0x04e51c	15	 ほのかな<F7>３きをたたえている
0x04e52c	125	<ED>者備兵Ａ<F8>おお おまえさんも\n<A80><F4><01>のようだな<E7>おもしろい<A77><A78>なら\nつきあうぜ<E7>どうだい\nオレを<EB><1F>に<1F>れないか？★<F0>と<EF><1D> 備兵Ａを\n<EB><1F>にくわえますか？<F0>と時中<EC><E9>輪ぇ★<E9>Ｐ<06>！<EA><F0>と<EA><1D> 備兵Ａが<EB><1F>になった！<EA><E9><02><06><0C><03>！<EA>
0x04e5aa	17	「そうか\nまた<A5E>をかけてくれよな
0x04e5bc	101	<FB>備兵Ｂ<F8>おお <A77><A78>かい？<E7>今なら\n<EB><1F>になってやってもいいぜ<E7>どうする？★<F0>と<EF><1D> 備兵Ｂを\n<EB><1F>にくわえますか？<F0>と時中<EC><E9>輪生<E6><E9>Ｐ石！<EA><F0>と<EA><1D> 備兵Ｂが<EB><1F>になった！<EA><E9><02>石<0D><03>！<EA>
0x04e622	5	「あばよ
0x04e628	114	<ED>者備兵Ｃ<F8>そうさ\n<A04>いたくてウズウズしてら<E7><A15><A16>に行くなら\nこのオレをまぜてくれ<E7>お<A66>いだ★<F0>と<EF><1D> 備兵Ｃを\n<EB><1F>にくわえますか？<F0>と時中<EC><E9>輪ロ<E6><E9>Ｐ来！<EA><F0>と<EA><1D> 備兵Ｃが<EB><1F>になった！<EA><E9><02>来<0E><03>！<EA>
0x04e69b	16	「そうか\nそりゃあ <A3D><B59>だ
0x04e6ac	117	<ED>者備兵Ｄ<F8><F4><02>ればわかるだろ\nおまえさんと<B11>じ備兵だよ<E7>どんな<A77><A78>だ？\n何でもやってやるぜ★<F0>と<EF><1D> 備兵Ｄを\n<EB><1F>にくわえますか？<F0>と時中<EC><E9>輪生<E7><E9>Ｐ者！<EA><F0>と<EA><1D> 備兵Ｄが<EB><1F>になった！<EA><E9><02>者<0F><03>！<EA>
0x04e722	15	「そうか\nまた<A5E>をかけてくれ
0x04e732	115	<ED>者備兵Ｅ<F8>腕ききの備兵とは\nおれのことだ<E7>おまえさんは<B08>がいい<E7>どうだい\nオレを<EB><1F>に<1F>れないか？★<F0>と<EF><1D> 備兵Ｅを\n<EB><1F>にくわえますか？<F0>と時中<EC><E9>輪を<E7><E9>ＰＺ！<EA><F0>と<EA><1D> 備兵Ｅが<EB><1F>になった！<EA><E9><02>Ｚ<10><03>！<EA>
0x04e7a6	17	「そうか\nまた<A5E>をかけてくれよな
0x04e7b8	118	<ED>者備兵Ｆ<F8><A23>があるなら\nさっさとしてくんな<E7>このオレに\n<A77><A78>をしてほしいんだろ？<E7>え どうなんだい？★<F0>と<EF><1D> 備兵Ｆを\n<EB><1F>にくわえますか？<F0>と時中<EC><E9>輪気<E8><E9>Ｐ前！<EA><F0>と<EA><1D> 備兵Ｆが<EB><1F>になった！<EA><E9><02>前<11><03>！<EA>
0x04e82f	8	「ふん そうかい
0x04e838	118	<ED>者備兵Ｇ<F8><F4><02>かけない<A73>だな<E7>ま ここで<B1E>ったのも\n何かの<F7><1A>だ<E7>どうだい\nオレを<EB><1F>に<1F>れないか？★<F0>と<EF><1D> 備兵Ｇを\n<EB><1F>にくわえますか？<F0>と時中<EC><E9>輪っ<E8><E9>Ｐ大！<EA><F0>と<EA><1D> 備兵Ｇが<EB><1F>になった！<EA><E9><02>大<12><03>！<EA>
0x04e8af	12	「そうか\nじゃあまたな
0x04e8bc	169	<ED>者備兵Ｈ<F8><A79>は闇かせてもらいました<E7>わたしも<AFC>しは\nお手<A93>いできると思います<E7>ご<A94><BA4>させていただけるなら\nせいいっは<02>いやりますが<E7>どうでしょう\nわたしも<AB6>れて行って\nもらえないでしょうか？★<F0>と<EF><1D> 備兵Ｈを\n<EB><1F>にくわえますか？<F0>と時中<EC><E9>輪ヲ<E9><E9>Ｐ子！<EA><F0>と<EA><1D> 備兵Ｈが<EB><1F>になった！<EA><E9><02>子<13><03>！<EA>
0x04e966	4	「<EB>力か
0x04e96b	161	<ED>者備兵Ｉ<F8>おお これはこれは！\nずいぶんと<BB9>ましい方<AA4>だ<E7>こう<F4><02>えても\nわたしは備兵なんだが<E7>どうだろう\nわたしを<EB><1F>に<1F>れる\nつもりはないかね？<E7>きっと\n<A92>に<A91>ってみせるぞ★<F0>と<EF><1D> 備兵Ｉを\n<EB><1F>にくわえますか？<F0>と時中<EC><E9>輪<0D><EA><E9>Ｐッ！<EA><F0>と<EA><1D> 備兵Ｉが<EB><1F>になった！<EA><E9><02>ッ<14><03>！<EA>
0x04ea0d	19	「うむそうか\nまあ それもいいだろう
0x04ea21	21	<FB> これ<BAD><A1F>\n備兵を<EB><1F>にできません
0x04ea37	24	<EC><FB> これ<BAD><A1F>\n<EB><1A>を<A98><A06>にできません
0x04eb79	22	「おや こんにちは\n何か<AB2>し物ですかい？
0x04eb90	39	「<AA1>のお方ですね<E7>どうぞ その<B12>りで\n<AF4>んでいってくださいな
0x04ebb8	27	「ボクもおにいちゃんみたいな\n<A80><F4><01>になりたいなぁ
0x04ebd4	18	「ああ\nほんに ええ<AAB>気じゃのぉ
0x04ebe7	35	「<AA1>のお方かね<E7>ずいぶんとぶっそうな物を\n<A34>っていなさるねぇ
0x04ec0b	27	「<EB><14>は<F4><00><A12>に殺されるのを\n<A22>つしかないのか？！
0x04ec27	24	「<A45>けにきてくれたのでは\nないのですか‥‥
0x04ec40	17	「わーん！\nおうちに<ADA>りたいよう
0x04ec52	18	「もう\nここで死ぬしかないんかのぉ
0x04ec65	23	「どこにいても\n<EB><15>に殺されるんでしょうね
0x04ec7d	133	<F2><01><06><1C><06>「<EB><16>はどこだ？<E6><F2><01><15><1C><06>「あん？\nあのダンナに<B1E>いたいなら<E7>そこの<A65>い<ADD><F7>腕をのぼって\n行けばいい<E7>その<A61>の<ACD><ACE>に<1F>るには\nちょいとコツがいるがな<E7>あんたも\n<EB><16>を<A01>ってきたのかい？★<F2><01><06><1C><06>「<AB8><AB9>があるのだ<E9>力<00>
0x04ed03	59	「<EB><15>を<A70>したのは\n<EB><16>なんだろう？<E7><EB><16>がきっとオレたちを\n<ABA>ってくれるはずさ★<F2><01><06><1C><06>「ふっ‥‥<E9>力<00>
0x04ed3f	200	<EF>Ｉ<00><1D><EE>←Ｉ<00>「げっ‥‥\nま <EB><15>か‥‥！<E7>い い い\n命だけは<A45>けてくれ‥‥<E7><EB><16>の<ACD><ACE>に<1F>る方<AFA>を\n<A29>えるから‥‥★<F0>と<EF><1D> この者の<A79>を闇きますか？<F1><F0>と時中<EC><E9><09>た<E9><0A> <E9>輪<08><EE>「は‥‥はは‥‥\n言ってみるもんだな<E7>よく闇いてくれよ<E7>４すみにスイッチのある\n<ACD><ACE>の<EB>２を<B36>くんだ<E7>それで<EB><16>の<ACD><ACE>へ\nおりる<ADD><F7>腕があらわれる<E7>そ それだけだ\nふぅ‥‥
0x04ee08	20	「た <A01>む‥‥\n<AD2>生だ‥‥！<E9>力<00>
0x04ee1d	28	「な なんだよ！<E7><A79>が<B23>うじゃねぇか！！<E9>力<00>
0x04ee3a	61	「エスコート<A13><A14>は\n<A8D>思<B4C>なダンジョンだ<E7><AD7>したスイッチによって\n<ACD><ACE>の<BD6>子が<A63>わるんだ<E9>力<00>
0x04ee78	44	「４つの石<BFB>が\n<AAB><AE4>に<AB0>び<A91>つとき<E7><B68><AD2>の<A64>が<AC7>かれる‥‥<E9>力<00>
0x04eea5	53	「<A13><A14>の<AE1>には\n<EB><16>が<AC9>んでるらしい<E7>なんでも\nすごい<F4><00><A88><F4><01>だという<A79>だ<E9>力<00>
0x04eedb	38	<EF>Ｋタァ<F0>「<EB><00>さま<E7><A13><A14>は\nこちらでは<EB>）<E7>どうか お<AB1>りを‥‥
0x04ef02	67	<FB><EB><0A><F8><EB><05><A12>子<E7>そろそろ\nあの<A42>に<AB1>ったほうが\nよく<EB>）か？<E7><AE5><AA4>は まだ\n<EB><1D>石をあきらめたわけでは\nないのです
0x04ef46	31	「<EB><00>さま<E7><A18>は\nこちらでは<EB>）<E7><A4F>へお<ABD>みください
0x04ef66	26	「<EB>８が\n<A4E>の<A9F>でお<A22>ちのはずですが
0x04ef81	19	←Ｌ<00><F0>と<EA><1D> たき<F7>８がおいてある
0x04ef95	32	「<EB><00>さま<E7>シエラの<A17>は\nこちらでは<EB>）<E7>もっと<A50>で<EB>行
0x0a1000	107	ほぬ<03><02><00>セねろは前ュ→<19>ははほぬ<03><02><00>ュま<FB>み前ュ殺<1A>ははほぬ<03><02><00>兵ゆァよ<17>Ｎぬ<1A>ははほぬ<02><01><00>界る<FB>れ<17>Ｎ行<1B>ははほぬ<03><01><00>ニんム物<17>Ｎい<1B>ははほぬ<03><01><00>ヒ★る\n<17>ＮＯ<1C>ははほぬ<03><01><00>出<00>出<00>出<00>出<00>はははは
0x0a106d	418	<00>ぃ<E6><E9><E7><17>Ｎき<1C>ははほぬ<02><01><00>ク<EA>え<EC><17>Ｎ<FD><1C>ははほぬ<03><02><00><15><F0>→<F1><17>Ｎ「<1D>ははほぬ<03><01><00>Ｚ<F4>←<F4><17>Ｎ<05><1E>ははほぬ<01><01><00>Ｚ<F4>←<F4><17>Ｎ<05><1E>ははほぬ<01><01><00><0A><01>ト<02>中ケ輪へひひほぢ<01><00>ょっ）ーハほ<00><03>ふふへぬ<01><01><00>にロュワ界ひ生<01>ふふへぬ<01><00><00>そせＳそネ中今<05>ふふへぬ<01><00><00>ン<05>Ｊ<07>中ケくへひひほぢ<01><00>ヒたヘちたいぃ<05>ふふへぬ<01><01><00>時てはてたい<F3><05>ふふへぬ<01><00><00>Ｚ<0A>は<0C>の十４ほひひほち<02><01><00><EE>ヘハホたい<0A><00>ふふへぬ<01><00><00>にロュワ界ひ生<01>ふふへぬ<01><00><00>もとシなたい力<06>ふふへぬ<01><00><00>もとシなたい力<06>ふふへぬ<01><00><00>ニに）ねと→Ｖ<06>ふふへぬ<01><01><00>０は<1D>ひゥ<E8>ほ<06>ふふへぬ<02><01><00>Ｇへミほゥ<E8>行<07>ふふへぬ<02><01><00>をみ<F7>みＷ<F3>ミ<07>ふふへぬ<01><00><00>さむあめゥ<E8>ぃ<07>ふふへぬ<02><01><00>ゃや<1C>ゆＮ<FC><F7><07>ふふへぬ<02><01><00>殺よマらＷ<F3>２<08>ふふへぬ<03><01><00>ァれ<FC>れＮ<FC>ぉ<08>ふふへぬ<02><01><00><B93>ソヤォ備ゅ<14>ははほぬ<01><00><00>ニぁ者ぃまゥ、<16>ははほぬ<01><00><00>出<00>出<00>出<00>出<00>はははは
0x0a1211	76	<00>（０<F1>２言Ｆはほひひほち<02><01><00><05>わ<1D>んの<08>中<08>ふふほぬ<01><01><00>ラ中え←の<08>十<09>ふふほぬ<02><01><00>ぇ★Ｏ★の<08>を<09>ふふほぬ<02><01><00>Ｏ<E6><06><E7>の<08>時<0A>ふふほぬ<01><00><00>
0x0a125e	56	<E7>Ｔ<E8>Ｗ<F3>Ｘ<0A>ふふへぬ<01><00><00><04><E9>ナ<E9>Ｗ<F3>タ<0A>ふふへぬ<01><00><00>Ｔ<EA>や<EA>Ｗ<F3>ぃ<0A>ふふへぬ<01><00><00>出<00>出<00>出<00>出<00>はははは
0x0a1298	197	<00><00>７た９てラア生ひひほぬ<01><01><00><F1>者ゆ何<17>Ｎひ生ひひほぬ<02><01><00><12>輪<01>Ａ<17>Ｎ<13>兵ひひほぬ<01><01><00>ァＢＩＣ<17>Ｎ思兵ひひほぬ<00><01><00>ァＢＩＣ<17>Ｎ思兵ひひほぬ<00><01><00>コＤ何Ｅ<17>Ｎ方兵ひひほぬ<00><01><00>ゥＦ<1D>Ｈてラネ兵ひひほぬ<01><01><00>‥<EB>Ｈ<EC>け<02>へ<0A>ふふほぬ<01><00><00>Ｌユくユォ備も<14>ははほぬ<01><01><00>２ラぬラォ備<17><15>ははほぬ<01><01><00>ＬルＬレォ備Ｕ<15>ははほぬ<03><01><00>ェ<B14><F8><17>Ｎ時<1E>ははほぬ<03><01><00>Ｕ<FB><1C><FD><17>Ｎそ<1E>ははほぬ<03><01><00>ね
0x0a135e	25	？<00><17>ＮＯ<1F>はひほぬ<00><00><00>出<00>出<00>出<00>出<00>はははは
0x0a1379	247	<00><EF>ク<EF>ク５」ル）ひひほぬ<01><00><01><EF>ク<EF>ク５」ル）ひひほぬ<01><00><01><1B><11>キ<14>ハチカ<1F>ひひほぬ<02><01><00>Ｋ<18><16><1D>ニハォ ひひほぬ<03><02><00>「出セ）ニハサ！ひひほぬ<03><02><00><F2><1C>知<1D>ら<13><E7><10>へへほぬ<01><00><00>行<ED>エ<EE>ら<13><09><0B>ふふほぬ<01><01><00>ょっ）ーハほ<00><03>ふふへぬ<01><01><00>ぬ<EF><17><F1>ら<13>Ｒ<0B>ふふほぬ<01><00><00>ュ<F2>れ<F3>ら<13>知<0B>ふふほぬ<01><01><00><F2><1C>知<1D>ら<13><E7><10>へへほぬ<01><00><00><F2><1C>知<1D>ら<13><E7><10>へへほぬ<01><00><00><F2><1C>知<1D>ら<13><E7><10>へへほぬ<01><00><00>モ<A87><F7>ら<13><1E><0C>ふふほぬ<02><01><00>ニ<F9><19><FA>ら<13>メ<0C>ふふほぬ<01><00><00><02><FB>知<FB>ら<13>う<0C>ふふほぬ<02><01><00>テ<FC>セ<FE>ら<13>
0x0a1471	340	<0C>ふふほぬ<02><01><00>今<00>言<01>ら<13>エ<0D>へへほぬ<01><00><00>ニ<02>め<04><03>出て<0D>へへほぬ<03><01><00><0B><07>ァ<08>ら<13>Ｓ<0E>へへほぬ<01><00><00>ほ<09>や<0A>ら<13>ぇ<0E>へへほぬ<01><00><00><A0B>行<0E>ら<13>★<0E>へへほぬ<03><01><00>ネ<10><EF><10>ら<13>ュ<0F>へへほぬ<01><00><00>にロュワ界ひ生<01>ふふへぬ<01><00><00>‥<11>を<12>ら<13>ル<0F>へへほぬ<01><00><00>今<00>言<01>ら<13>エ<0D>へへほぬ<01><00><00>つ<13>物<15>ら<13>よ<0F>へへほぬ<02><01><00>）ィＴィＲンめ力ひひほぬ<00><00><00><0F>ゥクゥＲン<FB>力ひひほぬ<01><01><00>Ｐォ<F0>ォＲン６（ひひほぬ<01><01><00>ぬュュョＲンュ（ひひほぬ<01><01><00>Ｌ殺ソ殺Ｒンさ（ひひほぬ<01><01><00>。イ前イＲン\n（ひひほぬ<01><00><00>ョウ<0F>エＲン<FE>（ひひほぬ<01><00><00>大オ<E6>オＲン１）ひひほぬ<01><01><00>ウキ‥キＲンイ）ひひほぬ<01><01><00>わＨ<10>Ｊ<17>Ｎか兵ひひほぬ<02><02><00>テＬリＯ<17>Ｎ<05>出ひひほぬ<03><02><00>ナＳヌＶ<17>Ｎ<16>時ひひほぬ<03><02><00>にＺ
0x0a15c6	429	備<17>Ｎ<12>手ひひほぬ<03><02><00><1C>言兵死<17>Ｎ。力ひひほぬ<02><01><00><1E>今出ヲ<17>Ｎテ力ひひほぬ<02><01><00>わウイオ<17>ＮＨ？ふふほぬ<02><02><00>Ｔクヤコ<17>Ｎか？ふふほぬ<03><02><00>チセノソ！めＯ輪ふふほぬ<03><01><00>ンツ結テ<17>Ｎハ輪ふふほぬ<01><01><00>ＤてＸと<17>Ｎ何腕ひひほぬ<02><01><00>７にへの<17>Ｎロ腕ひひほぬ<03><02><00>あほＲま<17>Ｎね。ひひほぬ<01><00><00>。スらナメ‥物）ひひほぬ<03><02><00>ヘフワヨメ‥け行ひひほぬ<03><02><00><11>っヤくメ‥前界ひひほぬ<03><02><00>力ンレぁメ‥ケ十ひひほぬ<03><02><00>サそねちメ‥<13>腕ひひほぬ<01><00><00>たわい中れゃめ０ひひほぬ<03><02><00>む★<16>★れゃ０１ひひほぬ<03><02><00>み<E7><15><E9>れゃケ１ひひほぬ<03><02><00>あ<EC><F9><ED>れゃの１ひひほぬ<03><02><00>ま<F1>来<F3>れゃ<16>２ひひほぬ<03><02><00>？<F7>う<F7>前ュョ２ひひほぬ<01><00><00>ら<02>何<04>ひこ手３ふふほぬ<03><02><00><B05>者<06>ひこタ３ふふほぬ<01><00><00>！<07>」<07>ひこロ３ふふほぬ<01><00><00>モ<08><00><0A>ひこむ３ふふほぬ<03><01><00><10><0D>シ<0D>ひこＹ４ふふほぬ<01><01><00>来シＹシＲンち）ひひほぬ<00><00><01>ぁ<0E>ォ<0F>ひこぅ４ふふほぬ<02><01><00>出<00>出<00>出<00>出<00>はははは
0x0a1775	814	<00><EB><10>Ｗ<11>ひこ<18>５ふふほぬ<01><01><00>ふ<12>大<13>まゥェ５ふふほぬ<01><00><00>さ<1A><17><1B><F4>と７６ふふほぬ<01><00><00>結大方Ｔ<F4>と力者ふふほぬ<02><01><00><B93>ソヤォ備ゅ<14>ははほぬ<01><00><00><EF>クレケ５」ル）ひひほぬ<01><00><01>ァ<14>ネ<14><F4>とフ５ふふほぬ<00><00><00><12><15>９<15><F4>とン５ふふほぬ<01><00><00>石<16>中<16><F4>とす５ふふほぬ<01><01><00>Ａ<18>？<19><F4>と<ED>５ふふほぬ<01><01><00><17>Ｈ出Ｊ<F4>とり９ふふほぬ<03><01><00>もＮセＯ<F4>と石石ふふほぬ<02><01><00>ＩＱ<F2>Ｑ<F4>とホ石ふふほぬ<02><01><00><16>Ｔ方Ｔ<F4>と<E6>石ふふほぬ<02><01><00>ほＵェＶ<F4>と<0A>来ふふほぬ<02><01><00>ワＸケＹ<F4>とＴ来ふふほぬ<02><01><00>→前方Ｔ<F4>とす来ふふほぬ<02><01><00>→前方Ｔ<F4>とす来ふふほぬ<02><01><00>者闇ぁ闇<F4>と→来ふふほぬ<02><01><00>→前方Ｔ<F4>とす来ふふほぬ<02><01><00>結大方Ｔ<F4>と力者ふふほぬ<02><01><00>結大方Ｔ<F4>と力者ふふほぬ<02><01><00>結大方Ｔ<F4>と力者ふふほぬ<02><01><00>結大方Ｔ<F4>と力者ふふほぬ<02><01><00>結大方Ｔ<F4>と力者ふふほぬ<02><01><00>結大方Ｔ<F4>と力者ふふほぬ<02><01><00>ワ世２命れゃェ者ふふほぬ<01><01><00> 死む死れゃき者ふふほぬ<01><01><00>ー今ＦヲれゃＬ何ふふほぬ<01><01><00>殺ィ<01>ゥれゃ」何ふふほぬ<01><01><00><EB>ェツォれゃ<13>思ふふほぬ<01><01><00>ロュ<FB>ョれゃォ思ふふほぬ<02><01><00>ーアＴイ前ュ<08>？ふふほぬ<01><01><00>Ｖ！ソ生<17>Ｎ<05>７ふふほぬ<02><01><00>っ出け時<17>ＮＺ７ふふほぬ<01><01><00>Ｑ力知（<17>Ｎ「７ふふほぬ<03><02><00>★十結腕<17>Ｎる７ふふほぬ<03><02><00><02>０ツ１<17>Ｎ気８ふふほぬ<03><02><00>え４<B34><17>ＮＶ８ふふほぬ<00><00><00>え４<B34><17>ＮＶ８ふふほぬ<00><00><00>え４<B34><17>ＮＶ８ふふほぬ<00><00><00><15>７<F0>８<17>Ｎ今８ふふほぬ<02><02><00>ョ者Ｊ思<17>Ｎろ８ふふほぬ<03><02><00><10>ＢスＤ<17>Ｎ ９ふふほぬ<03><02><00>備方ー方<F4>とＯ者ふふほぬ<01><01><00>え４<B34><17>ＮＶ８ふふほぬ<00><00><00><EF>ナそニ<17>Ｎち輪ふふほぬ<02><00><00>ウネスノ<17>Ｎ<08>Ａふふほぬ<02><01><00>ね<1B><E6><1B><F4>と命６ふふほぬ<01><00><00><ED><1C>\n<1D><F4>とウ６ふふほぬ<02><01><00><05> ッ <F4>と<EB>６ふふほぬ<01><00><00>ＣサＮサＲンゃ）ひひほぬ<01><00><00>★<17>Ａ<1A><03>出Ｍ<10>へへほぬ<03><01><00><F0><F8>者<FA>れゃハ２ひひほぬ<03><02><00><FE><FD>何
0x0a1aa4	128	れゃや２ひひほぬ<03><02><00>ウみぃめ<17>Ｎ<07>気ひひほぬ<03><01><00>クよ<AD8><17>Ｎ<EE>気ひひほぬ<03><01><00>ホ<1E>何時ンよ何しへへほち<08><04><00>殺９<0A>輪ンよオそへへほち<06><05><00>ＤＳセ前ンよ<15>つへへほち<08><04><00>ルアＲクンよ<0E>にへへほち<08><04><00>オハ界ムンよてぬへへほち<08><04><00>出<00>出<00>出<00>出<00>はははは
0x0a1b26	13	<00>出<00>出<00>出<00>出<00>はははは
0x0a1b35	13	<00>出<00>出<00>出<00>出<00>はははは
0x0a1b44	961	<00>★」し、の十ャまへへほぢ<01><00>★」し、の十ャまへへほぢ<01><00>★」し、の十ャまへへほぢ<01><00>★」し、の十ャまへへほぢ<01><00>★」し、の十ャまへへほぢ<01><00>★」し、の十ャまへへほぢ<01><00>★」し、の十ャまへへほぢ<01><00>★」し、の十ャまへへほぢ<01><00>\n‥えをの十っまへへほぢ<01><00>\n‥えをの十っまへへほぢ<01><00>\n‥えをの十っまへへほぢ<01><00>\n‥えをの十っまへへほぢ<01><00>\n‥えをの十っまへへほぢ<01><00>\n‥えをの十っまへへほぢ<01><00>\n‥えをの十っまへへほぢ<01><00>\n‥えをの十っまへへほぢ<01><00>★」し、の十ャまへへほぢ<01><00>★」し、の十ャまへへほぢ<01><00>★」し、の十ャまへへほぢ<01><00>★」し、の十ャまへへほぢ<01><00>★」し、の十ャまへへほぢ<01><00>★」し、の十ャまへへほぢ<01><00>★」し、の十ャまへへほぢ<01><00>★」し、の十ャまへへほぢ<01><00>★」し、の十ャまへへほぢ<01><00>★」し、の十ャまへへほぢ<01><00>★」し、の十ャまへへほぢ<01><00>★」し、の十ャまへへほぢ<01><00>★」し、の十ャまへへほぢ<01><00>★」し、の十ャまへへほぢ<01><00>★」し、の十ャまへへほぢ<01><00>★」し、の十ャまへへほぢ<01><00>★」し、の十ャまへへほぢ<01><00>★」し、の十ャまへへほぢ<01><00>★」し、の十ャまへへほぢ<01><00>★」し、の十ャまへへほぢ<01><00>★」し、の十ャまへへほぢ<01><00>★」し、の十ャまへへほぢ<01><00>★」し、の十ャまへへほぢ<01><00>★」し、の十ャまへへほぢ<01><00>\n‥えをの十っまへへほぢ<01><00>\n‥えをの十っまへへほぢ<01><00>\n‥えをの十っまへへほぢ<01><00>\n‥えをの十っまへへほぢ<01><00>\n‥えをの十っまへへほぢ<01><00>\n‥えをの十っまへへほぢ<01><00>\n‥えをの十っまへへほぢ<01><00>\n‥えをの十っまへへほぢ<01><00>\n‥えをの十っまへへほぢ<01><00>\n‥えをの十っまへへほぢ<01><00>\n‥えをの十っまへへほぢ<01><00>\n‥えをの十っまへへほぢ<01><00>\n‥えをの十っまへへほぢ<01><00>\n‥えをの十っまへへほぢ<01><00>\n‥えをの十っまへへほぢ<01><00>\n‥えをの十っまへへほぢ<01><00>\n‥えをの十っまへへほぢ<01><00>\n‥えをの十っまへへほぢ<01><00>\n‥えをの十っまへへほぢ<01><00>\n‥えをの十っまへへほぢ<01><00>\n‥えをの十っまへへほぢ<01><00>\n‥えをの十っまへへほぢ<01><00>\n‥えをの十っまへへほぢ<01><00>\n‥えをの十っまへへほぢ<01><00>
0x0a1f08	171	ぁ<EB><EB><00><00>へへほぬ<00><00>タやぃやぃ者<EE><00><00>へへほぬ<00><00>タセぅセぅＤ<F0><00><00>へへほぬ<00><00>タ）ぇ）ぇェ<F2><00><00>へへほぬ<00><00>タ<E6>ぇ<E6>ぇタ<F4><00><00>へへほぬ<00><00>タヲぉヲぉら<B00><00>へへほぬ<00><00>タ<1B>ゃ<1B>ゃや<F8><00><00>へへほぬ<00><00>タ<E7>ゃ<E7>ゃＦ<FB><00><00>へへほぬ<00><00>タロゅロゅ<F9><FD><00><00>へへほぬ<00><00>タ言ょ言ょ★<00><00><00>へへまぬ<00><00>タ）ぇ）ぇェ<F2><00><00>へへほぬ<00><00>タい<1F>し<1F>ふ<1F>し<1F><04>
0x2a6077	207	<F0><13>ＤＣ１！大キ２ <00><01><F3>出Ｅ大Ｕオ今子Ｅ４出生ＮエＥＵＥＵＥＴＤＮＥ２Ｒ３兵１１１。カカＥ４Ｃ<12> <01>行キカＣ２<00>。物ゅ思へふろふゃしぅさＮわ<EC>んへふへすしＮふしししゃささこＮさぉぉぇけこぇロＮレロヒハぃぅルぃＮルルノリルネリノ大ふふふふふふひふ大ふしふしひふしし大ひしひししさふゃ大はれひしさしさし大こふぉひさしゃさェさしゃさす<03>６ＥＺ出<10><01><01>生出ＴＷ大<01>生４４３Ｂ１０思死<13>。輪<10>１生生。ＴッＱＯ<12>←<EC>（ョ<00><F1>
0x2a617f	168	<0F><01>ＧェＷ今ＴＳＴＴ子今大生！生兵ＣＥＵＵ大ＦＴＴ５３４兵兵ＮＥＵＥＴＥＥＣＳＮＲＳ出３兵生兵<12>。キ子ヲＣＤ兵<13><02>。<1E><00><FD><FE><ED>すふの思<ED>ほろわしろゃゃ思ぇこロレレハノリＮふふふしひしはひＮささこさここぉぇＮぉレけぇぅぇレルＮぅぃぅルルリぃルＮノリリリノネノネ大ふふふひわしふふ大しふしふしひふし大ひひひふさふしさ大ふゅゅゃしさひひェしし
0x2a6392	170	<00>出キェＴＥＥＥＴ今ヲヲ大ＶＴＤ３２３３３大ＣＤＤＤＥ５４ＤＮＷカヲＥ子ＥＣＳＮＣＣ３ＢＢ３２２思ＥＣＤ３兵生<12><12>。<03>★★<EF><FE>ん<FC>へ思<ED>中<EC>んせしふし思ぉさぉロロノくルＮろわふひろひひひＮさはさのはさぇさＮロぇぇぉルけぅぇＮルぅレルルルルリＮルリハネハネネリ大ふふふふふひろふ大ひろひろひふひひ大ふししひしひひし大ひししさひはれひョ<ED><EE>中<ED>
0x2a6494	272	<FD><ED>中ゅははョ<0F><01><13>４ＵＵ子子ェＵＵヲヲァヲカァＮヲカＶＶヲＷヲキ大ＣＣＤ４４３４兵Ｎ今ＴＵ４Ｄ３３２思エＵＥＥ４ＣＢＣ。力ＣＣ０<15>→→<0C>。十<ED>れ<EC>ぉロぇネ思わしひゅワけこぇＮほふわわふへしひＮふしさはひゃこさＮぉこワぇぇぇくこＮレぅぅロノぃぅルＮハリルノリノリネ大ふろろわしろふふ大ひふふしひふしひ大ひれふひししひし大しさひひしさひし大さしさはひはひさェはへま<EF><00><02><01>！Ｚ４５Ｕ今カカキァ。」た<ED>★<03>３キキ思エＶＧＴエＳＲＣ大<01><00><10><12>ＤＶＷカ大カオオ今ＥＤ４兵ＮＵ４Ｃ３３３出３ＮＣ４Ｃ４ＢＲ４兵思ＶＣＴ出生２<11><11><1E>Ｓも<0C>何ろ<EC>さロ大<0F><0F><F0><F0>
0x2a73e8	533	<01><F3><04><13>ＣＤ大２出出４４ＤＥＤ大Ｔ死今ＥＵＵＦＥ大ＥＴＴＴ５Ｄ４４ＮァＷＶＴ子Ｅ４Ｂ思キウ子Ｔ５出２３<06>キウ<02>わひワ結あＮ<11><12>生３４５ＵＶＺ４ＣＴＵＵァＷカ大ＵＵＵＵＵ子Ｕ子大ＵＴ子ＥＳＴＤＤＮァキオヲＵ子ＥＣＮＤ３２２１１！！手<11><0F><EC>わぉルルル<0E>よ<0F><11><1D>中わ中ぉ。<EF><EF>中中<EC><ED>ろふ。わぉこはルくぃネ思ふししゃぉこけこ思レくぅレノハノネＮふふふひふはろひＮひしさひさしゃぉＮはさこはこさけはＮぉぉぇこぉぇぇけＮけけけぉヒぇレぇＮレぇルくけレぅレＮレレルぅレルぅルＮぅルぃぅレハルルＮレハリぅルルルレＮノルルルルルルルＮくこさひんま物<F0>Ｊルぉすほ<FE><10>兵時大４４Ｅ５Ｓ子ＵＵ大ＵＵＵＵＵＵＦＤ大ＵＤＤＳＣＣ４出Ｎ７ＥＴＤ４４兵兵思Ｄ５兵２２生！<11>思！<10>  ２兵ＳヲＺ！２兵２ＣＤ５Ｕ大５ＤＴＵＥＵＵＵ大ＵＵＶＥＶＥＦＥ大ＥＤＳＳＳ４ＢＣＮＶＵＵＥ４ＣＢ３思ＴＳＤ兵３<13><12><11><1E>アッＰ！<11>み<F1>ま<1E><0A><1B><0A><08><19>ろはぉ行へひはののぅリリ思んわ<EB>わへすゅゃ思しロさロぇぅぇハＮわへろわふふふひＮろひふさふゅゃさＮしゃさゃこさのはＮさこゃワぇここぉＮぇこワレこロぇロＮぅけけぇレくけぅＮくくけレぃけルぇＮハぃぇハレハルぃＮぅルレリぅルルぃＮルぃレハノぃレノＮルルルルルぇロワＮしすほ中
0x2a75fe	535	<F1><F1>生Ｊせ物<F1><02>出Ｔァキ大ＵＤＵＵＵＵＵ今大ＵＶＦＦＥＴＴＴ大ＤＣＲＲＢＢ３生ＮＴＣＣ３兵生１<12>。エＥ出３！０１２Ｎ<11><12>生２ＣＤＥ今Ｚ３ＤＣ子Ｕ今オキ大ＥＵＦＦＦＦＴ今大Ｔ今ＥＵＤ死ＴＤ大ＤＣＣＢＣ２２２ＮＴＣＣ４兵生兵<12>。ＦＴ殺Ｃ０輪！<00><1E> <EF>十←<EB>物ふ知。<EE>ほ中ほへわへす。ゅけ<E8>るワぃぅぃ思へしひひひゃけの思さレぅぇハリレネＪぅぃぅリルネリネＮししさひさしゃゃＮゃぉさゃぇさここＮこここぉぇけさレＮこぇぇぇぇぇロレＮぇレぇレロヒルぇＮレレレルぅぅレルＮぅルぅルぅルぃぅＮルレハルルルルレＮノぃレノぃルルレＮノルぅロぇしゅへ思ワす<EF><00><13>ＤァキＺ<10><12><13>兵ＣＴＶＶ大子Ｕ今Ｕ子エ今Ｕ大ＶＥ子Ｆ６５ＣＳＮキキヲＶＴＵＣＲ思キエＥＥ出生Ａ！思！<11><11><12><14><14>ＣエＮ４４ＴＶＶァァキ大ＳＥ５ＴＥＵＦＥ大ＵＵＵＵＵＵＴＵ大ＴＴＴＤＳＤＣＣＮァ今エ子子ＤＤ３思カＵＥＲＤ生兵！<1E>エ６ 輪ぬツ<1C>中<1E>せへしねれロぃく。わへすされさりひ思へ<EC>わんひ<EB>ふし思ひこひこぉけぉヒ思レルルリリリノネＮしふひひふゃはふＮゃさゃさこははこＮさこここさワロこＮぇこぇけこぇけぇＮけぇぇぅぉルけぇＮレロヒルぇルぇルＮぅぃくぅぅルぅレＮハルぃぅルルぃぅＮハルルルルレハノＮぃぃぃぃぃレハルＮぇロさゅすへ<EE>←Ｎ
0x2a7aa7	141	物ろふゃぃぅノ。こぉぅぇぇリレネ思わすすさろしゃこ思さこぇこロルくロＪレけレぅルぃルノＮひひひひしさしぉＮははさこさこここＮこここぉロけこぇＮぉロロぅけけぇぇＮぅけぅくこルけぅＮぅぅぇルぇルぅぅＮレルぅレルレルレＮルレハハルルぃレＮハルハルリぅルリＮぃぃぃぃぃルぃぇＮヒぇこひろ<ED><EE>
0x2a7baa	416	。<0D><FD><FD>ほわろろひ。ふゃぅるのゃハレ石さロロぃけルルリ思ひひさしぇののこ思ぇロハぅルルリリＮへすしふひひふさＮひひささはしぉこＮはこさぉぉぉぉロＮけのぉぇぇけぉロＮロレぇぇぅぇロルＮけぅぇレレレレぃＮぇレルレぃぅぅレＮハぃぅルぃぅルレＮハルルルレハノぃＮぅハリぃぅリぅハＮリぃぃぅルぇぇこＮひへほ物←<0F>！生大！兵生ＢＣＤＣＴ大ＵＥＵＵＶＵＶＶ大Ｕ今ＶＦＵＵＥＴ大ＴＥ４ＣＣＢＢ３ＮＥＤＤ４出出兵２ＮＢＣ３ＳＤＴＵＶ大２Ｃ時出ＣＤＤＤ大ＥＤＴＴＵＥＦＤ大子ＵＥＴＵＥＤＴ大ＳＴＣＳＤ３Ｃ３ＮオＶＵＴＥＣＤ２思キ６Ｅ出Ｂ２生！<1E><16>兵<1F><F1>んわはひ行<00><FE><FD>わゃけぅノ。ぅぉレリくルノノ思ひわししひさひゃ思ゃロこぉぅぇロル思ルぃルリノネネネＮすしししひさひさＮはしゃぉこはこさＮぇさぇぉけこぉロＮぇぇぇぇぇぇぅぉＮルけぇぅぅけロヒＮヒルくぅぅぅぅぅＮルぇハぃぅレルぃＮぅルぃぅハルレノＮレハハハリぃぃぃＮぃレノルルルルハＮハルぇロこしふ中Ｎ中
0x2b2000	56	。まゅ→、み<1D>もえ♥<0E>ュ界ヤＧー思<E7>さＥラぁゃみ<03><01>とヌ<F7>たま、<F2>ム<F4>。<0C>２<F2>ぁ、<FE><FE>せ<1E>物め‥<EF>、輪！１１に<F4>
0x2b2039	45	め、<00>か<EE><0F>！<13><E6><0A>、闇へオみん腕<E6><14>、<FD>そ★<F1>気み♥<16>、十<1E><1E><F2>命<F7>ま<12>し<F2>←<1F>ゆち行Ｂ
0x2b21cf	122	えサ兵<EF>ＭＰろＢ<F1>ー<0C>中さゃ わろわゃ？★‥<FE>Ｎ２ォチええ２界兵ゅ<12>兵物、Ｈ\nほ<0D>さ<EE><15><F1>ー<BF8>ＧＬＡ<12>ノ０ーぬ？キ生思<0F>ょる、<15><B6E>生ゅク‥」え<1A><03> ？今は<0F>Ｗえは備★。オ中<FB>１ゃヌ<1B>ゆいュ<12>ソリえ<03>せョてへ１<F3><1F>えアほ<1C><F0>みＮ<F4>←ゃ備<01><1A><1F>
0x2b224a	266	２<0E>やえ！？５わ「アたぬえ<F9>Ａ<12><EA>Ｗふ！気、リサぁろＢテ<02>Ｃえ<12>の５<FC>子<EB>も 、兵<05>ヘセぬ<0C>Ｊ★♥ぃ<03>７ア時<EF><08>な、んイ知へャ★<1D>中ーさへ<F0>力ＪにＴエ、中８<17>ユ言あし<03>えっ今<ED>中？<F1><1D>３♥りハすしアタれわし。<0F>１う★<F3><1D>→え<09>。<14>←。ゆ。<10>、<FC>結む腕<EC>なＮ<0F>ー！力<EC>Ｆ出<F0>殺めえ<FE>死<01><FC>もん３<0E>、り<F4>な殺物<EA><19><F1>え気み２<F2>ウろ<0B>オえヨ<1B><F4><EA>カい中何ーへ<1D>レネロ物ソテえシひ４は力た思３、チ！生<0E>みマュ<F2>、思<02>み<06><12><1A><0D>テー<0D>←腕腕<04>？輪ツーへ死Ｆ者物！<F3><03>ー<08>ひゅ<0E>Ｕ<1F>す<14>ー思ウへ物Ｂめセょしや<FC><02><EC>Ｒち大あ、<AC0>３<0F>す中殺<04>ふＬ
0x2b2355	346	\n思<F4>ま。<F3>しＮ<F0>み<0B>Ｆそ気★ーリー時<FC>ァＯー１くぬ<11>ち気<FE><F2><06>ー、<0F>た<EB>３３ま<1E>た、<E6><09>ッあ→<03><17>エーャにオＤエ<1D><05>生ゃェテＱ<0C><F1><0C>闇０ーふつアき来<10><F3><1B>ー<F1>す力ＴＶ１ちへ、→大チッヲ←<19>ミゃ←！<02>ま０<06>Ｉりふ出す殺い界０も<F1>し思中備お界！→<0D>♥フぉ<06>エさりる<16>え<F0><F1>あ３？<10><EF>い♥ほＱ腕<EB>マ\n今Ｏゃ<F0>Ｐ<02>あ<1F>も前Ｐし‥<1C><E6><10><EF><07>ぇ死ーオ！５<EC><F2>２<11><10>、ほ<F0>物<FE>ま<07>め備ー<13>ひＲ<F2>Ｃ<1E>→<1E>しＦし０<00><FE>Ｏて<0D>ゃソ界ソナゆ「←Ｉえ<EE>兵<17><1C>ゆ！（言♥命<06>し<17>言 。こた<EE><EF><ED><EF>出２物Ｐーた時者。<0C>力Ｒ<09>ー<F3>ハ<1F>ほロ<FD>や命ー んんま死ＦＦ？、キ<EE>わ<0D>めＳま<EF>ー<ED>中わひし→カ中ふ前か<F3>ほ生行出<FD>え<1F><02>ねソ物<1E>？なし<F9>死テ<0C>兵←<1F>★え<1F><12><FC><15>ッ<00><FC>「、Ｄ生０ゅ<F7>Ｋ。わ、う<EF>気ん<01>Ｎアコーぬ世へ気<0C><15>
0x2b259f	88	。<F3>と方ゃえ闇物兵ュつ<0D><04>★し<EA>Ｏや<0F>思う界輪ーへふまゆオ石<07><EE>ー<14>１さ<04>気ＶＶ<0D>、サ<00>Ｍ<FB><01>！手中ゃ前め<1F>思<F1><1E>Ｒ♥え<F2>Ｕけイ<F9>なシお、スー出ヘ方中<0F>はーぉのすＧＤーイまえ何
0x2b2690	134	腕むは<ED><E6>Ａヲ、<F0>ぃＯタＫ<F2><03>？、４<EC><1E><0B>物<12>おＶえスぬふ→出ろ方とえサゆ<EF><FE><12>ょ思めえ気兵ソナ<10>は６ひしョ出。備<ED>方つ<02>、）お者<15><13>！<ED>中え<FE><11><FE>ッらィ<16>もー<10>ら<E9><11>み言生←え<0E><F3>ん<0F><F3>力９<07>えの<A3F>せＮもＳ←、Ｐりヨ物←わ２方え★来<F0><01><F0><1F>いアー輪ＷＲ<F7>命も。まく
0x2b2bb6	32	Ｈゆ<F1>♥ハほ出Ｓキあイウ、な←<00>メ言<E7><ED><0E>♥<06><EE>われくせゅへえ<1F>
0x2b2bd7	25	<00><16>来と界<03>え<BDC><1E><0F>兵何<1F><03>♥ね<07>行はこノ<EE>たえ
0x2b2d35	5	ひめＵ→輪
0x2b2e60	76	<12>世。！<ED>しＡ<1D>え気<1F><01>界<F3>♥ェむ ん←<E8><EF>ほ、<1B>２ほ<13>オワソメ、１思あ来ゆ<10>殺いミソすて<08>お<18>ぅっ、<0E><F2><EF><EE><12>キワ<11>ゃ何おケヌ何<FE>５ん、<14>。<1D>７ぃシて
0x2b4000	1183	ッの<15>セこ<16>ー７Ｎワ７何ン７何し<17>？ヘ７。ホＧ<0E>くゅヲ<0C>すオ<0B>そウし十そＵ<1B>♥死十♥くウ<19>」死<19>ユ言<18>しユ死<F8>なＴはにＤえ行ムＧ<0A>。Ｗ<F8>つえＶ<E8>め今り\n子りーょＷ行っＷ<1A>そヲえぇ<15>世ロ出セワ時えョヘ時ョヘ５備ホーもウこ★イこ★イくらＣけ<F7>３ぅ<16>Ｂえ<FA>あＶ<F9>つＵ<E9>めー力Ｌゅ７来ょＦ十く子腕ゅ今<1C>っＵ行ー<FA>ー今<EA>ちオれちーエれめエはめウはしＲ<0A>えＳ<F9>と言<EA>しなＤひなＳはよＣくけ<06>Ｂぇ<07>２レ力えＶ<E9>つＶ<E8>もＵりえ\n子り★死ね<F4>死えけ<A62>ぅ<14>殺ぇ<15>え世ロ時ッフ時ョワえ５大ヘ５大ヘ５大えヘ５備ン５ャホ６し<F9>おＳ<F8>にＤりらく３ね<F7>Ｂぉ<E7>Ｂぇし<B43>レ<16>２ぇ<16>２え<EA>つＵ<EA>つＵ<EA>つー力Ｍゅ力Ｍゅ力ＭえもＥれもＥれもＥー思す<16>思す<16>Ｎすく！ゃ時生ヘ時生ホえつ６<EB>つ６<EB>つ５くゅ<06><04>ン<05>兵ン<05>ー<A50>し<A50>し<A50>ーし<A50>し<A50>し<AB0>Ｐし<A50>し<A50>しし兵れ<F4>４は<F4>３<EA>く★Ｃ<EA>なＣ<F8>ゆＣく<F9>かＣ<08>ぁＣ<08>おえ５ャホ５ャホ５ャくぬ３<08>かＱ<18>なＢえュ結出ュ結出ュ結ーむエれむエれむオし」Ｒ９」Ｒ９」Ｒし９」Ｒ９」Ｒ９」くＲ）うＱ９うＱ石し。ＲＪ。Ｒ者っ言く腕知イ腕ょ死。ンしイ思ゃ子<10>ワ死？えの<F3>Ｔの<F3>Ｅり<F3>えＥる\n６る★Ｆるーゅ<17>Ｌゅ<17>Ｌゅ<17>ーＬゅ<17>Ｍゅ<17>Ｍゅし<13>ロ５<13>ロ４出ヒーゃ<07>大ゃ<06>大ゃ<06>ー方ゃ<06>方ゃ<05>Ｐゃく！ひ<B31>れ<A40><08>ーさ<F3>イさ★イひ★ーウひ→ウろ→子ろしＡ石いＢＩいＢＩしいＢＩいＢ来ーＲえ世ゃ<13>Ｑさ<13>ＱさーまＦ<1B>まＦ<1B>ま６しン死<11>ヘ死<10>ゃ死ぐワイ<12>ヘＥ<02>ヘくＥ<02>ロＴ<13>ヒＴ<13>ーＭゅ<16>Ｍす<15>ＮすえＣ<0C>ち２者た生Ｎえせ生輪ふ<12>Ｃは<03>ぐンＴ<02>ロＵ<03>ヒーゅ<17>備ゅ<17>備ゅ<17>ー備ゅ<17>備ゅ<17>備ゅえＥ<F9>めＥ<F9>めＥ<EA>く５<12>ワ５<12>ワ５<11>え<FA>→５<FB>む４<0C>ちえ４<0C>ち出界ー４界えー４界ー４界ー４え腕♥４腕♥３何♥く生<FA>よ！<19>★１<19>えそ兵Ｍそ兵思そ兵、ャフＥＡヒ出５ぅ、<04>７けもＦ<08>」Ｆし<FB><F4>！<0A><F3>１<19>★く２<EA>★Ａれ<05>０<EB>♥ノ<F7>アノ<F7>アノ<F7>ゃぅら子ハ<E7>Ｅノ<F7>、ァ<08>あァ<F8>いＶ<FA>♥ワ<07>方ぉ<05>世ぉ<F4>ゃ<EA>ゆＡ<19>おＱ（えく１<0C>も１<0C>も１<0C>ゃヨ言<08>ぁＲ<08>ぁＳ、来タＦ石ミＵ十ム、Ｆ<1A>。Ｆ<0B>。Ｆ<0B>♥ゃ<06>方ゃ<06>方ゃ<16>、<FA>つＤ<FB>て４<FC>う♥<14>Ｏす<04>輪す<04>Ａ、。４界。４界。４♥Ｑし<F4>Ｑし<F4>Ｑし、４界。４界。４<1D>、ー４<1D>ー４<1D>ー４ヤ）タァ）チＶ行チリ輪る<E7>大<18>★輪<1A>ヤし３Ａこ兵４の<03>ヤＥね<F3>Ｕね<F3>Ｕりヤ\nＵり\nＵり\nＴリぉＵ<11>ヘＥ<10>ゃＥミ手者せ時何せ時何トゆァけ、今<FA>メＵト石チＤォホ４スフフイ（」ア９モア<1C>トぇ４Ｐぉ出Ａこ出フ<1D>っア腕せ死<0E>へ殺ミァ<18>♥Ｗ）♥Ｆクさオ<F1>ンＤ<11>ゅ時シ<12>ゅ出<11>ふ出<02>へ世ゅ<15>？せ<13>０中<01>Ｅ前結Ｂ <EF><10><00><00>たツ<00><0D><EE>中<02>ＥＢ<0E>大Ｆウ者<ED><F0>Ｓ十ひ大たカ１る→Ｆ輪こョ物 思<1F>時<1F><1C>せヲぇみＤ？ちＶオ<E8>ョみ<16>Ｃほ<04><12><0E>フェ<11>５ＱはやＰ！ハョ←時Ｑす<16>生行ハェ<14>Ｇ０<EC>ん<F0>兵兵コ<0F><F0>→<1F><0F>
0x2b4693	45	！ゅ<1E><F4>セ<F3><FA>ょ<EF>←Ｅ<F0>Ｍそ<0C><16>ぇ。生す<F0>と世<02><0B>をわの★３ウ<FC>ろー結ソ手ぅまてカら<08>ぇ<EF>
0x2b46c1	1169	Ｔ→者ま<F0><16>ょ<10>？へ<EF><04>方生ふょ物<F2>イ<F3><EB>中<F1>Ｕょ<F3><FB>ん<F1>６<11><1C>すをレ<A66>アるハ★キぇ<0C>ょ→Ｕ０<1B>し<F1>ぇＧ<12><0B>し\n７<13><EC>ょゃ→Ｆ兵<0A>し<F2>Ｆょ生<FB>ゃ<01>オ生<E9>しぇ<15>子 けそ時イ ょぇす時子？ぇせ力ょＳＭぅまＦＴ<1C>ぇょみＧＤ<FB>ぉもＵＱょ<F9>し<F3>エ２こす<15>ぇＳ思ローＦＲ界ロぇむＶＢ<FB>さ\n子２ょ<EB>し<F3>Ｔ１れへ出ょＤ。ひまＤＲ十さぇ★ＴＡはせ<05>子<10>ぇこそ手死腕ぅたヲぇＲ<1A>ロ<F1>ヲＡ<FA>ンぇ<F3>ヲ生ぉす時Ｓ思ょこま４Ｓ<1D>ゃめＤょＢ<EB>す<03>Ｔ？はたょ時Ｂ来しめ６３ろょし<13>Ｔ？ひま<15>Ｃぇ十すむＴ３<EA>せ<02>ょ死方れほ時Ｃ腕ゃぇ★Ｕ<14>しょ兵ＳＭょさた出Ｃ界し→５ぇ兵は中<13>ＲＬふてぇ出出<EC>す<13>Ｂ０さょみ<14>３十ふ<F3>出兵ょふほ<13>Ｑ闇れめ出ょＣ<FB>す<03>４Ｏひたぇ４２<1B>す<F3>Ｓ生ぉぇ物４Ａ来す\n時兵ぇふす３Ｃ思ぉめＤぇ３<EA>ふ兵ＲＯぉちぇＤＣ<09>し<13>Ｔ？さぇまＤＱ石ゅ\nＥ兵ょひす<14>Ｄ思さみ４ぇ４わゅ<13>Ｒ大さちょ出Ｄ<0C>すもＣＢひぇま４４<1C>ゅ★Ｅ生をＯぅょ６カ<FB>ハ\nょ３<FA>へ<03>Ｓ？ゃみぇＤ２<F9>ん<14>Ｂ？ぉをロめＧ命はン<14>キょは<EE>出Ｃ<1C>じＣぇ１さみ出３<0D>ゅ<02>を<04>ァ何ぇまＥエろをぉ<F3>Ｖ方こせ時ヲょさ←出２<1C>せ\n３ょ２ひま兵Ｃ者ゃ★ぇＳ２ぉま４Ｃ十ゃょ★５３れそ<13>Ｄ気ぇヘ<F2>４Ａれま兵Ｄをカれフ<F3>キ備ルまょＤ。ブＣＢ<E8>まをたＧオねワ<04>キ闇ぇみ４３<F0>フ<03>Ｃ をョルー６Ｗ<F9>ヒ<02>ょ方Ｈ知出出<12>ぅ→を<02>子イぃっ時Ｇ来ぇ→Ｂ１何ヘ<04>出生ぇ<E8>まＣＢ何フ★Ｃょ出<E9>せ３ＢＮロ\nょ４時りほ４３何ロょ<F4>４兵のた４２来ぇさ兵Ｓ<02>さち５生をＴりン<14>今大リちょ兵<11>ワむＳ０９ふょ生Ｃ<13>さた出２何ょぉ<F3>４出はそ３Ｂぇ者ロ<14>４<12>るたＤをＤエ<E9>ン<04>Ｅ方ぇ結力Ｓ<15>ネメ５Ｕゥぇゅ<03>４生のた５３ょ界ぉ<F3>Ｄ２のま４ょＣ界ワ<F3>Ｄ２のまぇＤＢ<1B>ワ兵Ｓ気れぇち４Ａ<1D>ワ<04>Ｄ<11>ょ<E9>ー出Ｃ<1E>ワ\nＤょ兵<E8>そ４Ｃ<1E>ワ\nを<15>ァＭネむＦエねょ<03>４！<F9>ー３Ｂ<1F>をりヘ<14>キＬネちＷぇ<1C>ヘ<B43>？りた今ぇ２<ED>ホ<05>Ｓ。の→を★ァ言ぃン６オ来をネもＷ子ぅフ時キょ<E8>ほＥＢ腕ヒ<F4>死ょ０りたＥ３<0C>ホ<AAE>Ｄ<10>り←Ｄ２<0D>ンぇ<14>Ｒ<10>りめＥ生<0B>ぇホ出Ｓ<11>リ<F2>Ｆ０ょ<1A>ヘ出子<00>ぅも６ぇ？<08>っＤＳ→ハ<02>を<04>キスネ♥ＧキるょめＥＡ<08>ょ出Ｔ<10>ょハ★ＥＰ<08>結５Ｔょ<1E>ネ<13>Ｖ りまＥぇＡ<FD>ヘ<14>Ｔ<0F><E9>むょ<16>２<F2>フ★Ｅ気８ぇほ４Ｒ<F1>ロ<F1>Ｔ思を殺け結５ヲ十ノ\nぇ<12><0C>ゅ<14>Ｃ<11>ぇもょ４２<1A>す<05>４<11>ぅぇ<F3>Ｓ２りま６３<1C>ょヒ<F4>Ｅ２ぅーＥＳょ<0A>ワ<13>子０ぃむＥぇＡ<F9>結４死<1F>ノ<F3>ょＴＲ<F8>結時Ｔ何ハぇ<F4>Ｕ２く♥ＦＥ<FB>ょハ<F4>ＵＰく。６Ｔょ<09>ロ兵子ＯぃつＥぇＢ<E9>マ手Ｅ<0F>ノ<F3>ょＥＲ<F8>結時Ｅ何リぇ<12>今１りミＥＴ<1B>ょノ<02>ＶＡねせＥＴぇ<0A>ヘ<04>子ＮくうＦょＤ<FB>ヘ<04>Ｔ輪リ←ぇＵＢ<F8>タ<16>Ｅ<1E>ノぇ<02>ＦＢね♥時死<1D>ょノ<F2>Ｖ輪<E8>♥<16>ＴかＢわへ<13>Ｄ腕ふ←か４Ｂわほ<03>Ｄ腕ろょ６Ｄ<1E>ハ\n子ＰりぇまＵＳ<FC>ヒ<06>Ｔ？ぇぃ
0x2cf36c	34	知へへ５<00><00>み<00>ふま<05>ばつ０て<00>生に<0A>に<07>れみ（<01>今Ｅ<00>タＱ<00>今<02>
0x2cf47e	53	知へへリ輪<00><00>れ<00>ふま<09>ら方方方Ｕ<00>は<04>つ生て輪に<0A><00>に<07>らららＺれみ<00>Ｌォ<1B>ォ<19>ォ<07>ォソ<05><07>兵<EB><F7><F7><F7><F7>
0x2cf4f4	121	<07><00><00><00>ふひモへへ<05><00><00><00>ふへへ<05><00><00><00>ふへへ<05><00><00><00>ふへへ<05><00><00><00>ふへへ<05><00><00><00>ふへへ<05><00><00><00>ふへへ<05><00><00><00>ふへへ<05><00><00><00>ふへへ<05><00><00><00>ふへへ<05><00><00><00>ふへへ<05><00><00><00>ふへへ<05><00><00><00>ふへへ<05><00><00><00>ふへへ<05><00><00><00>ふへへ<05><00><00><00>ふへへ<05><00><00><00>ふへへ
0x2cf56f	122	１<07><00><00><00>ふひモへへ<05><00><00><00>ふへへ<05><00><00><00>ふへへ<05><00><00><00>ふへへ<05><00><00><00>ふへへ<05><00><00><00>ふへへ<05><00><00><00>ふへへ<05><00><00><00>ふへへ<05><00><00><00>ふへへ<05><00><00><00>ふへへ<05><00><00><00>ふへへ<05><00><00><00>ふへへ<05><00><00><00>ふへへ<05><00><00><00>ふへへ<05><00><00><00>ふへへ<05><00><00><00>ふへへ<05><00><00><00>ふへへ
0x2cf5eb	5079	１<07><00><00><00>ふひョへへぬ<01><00><00>ふつ<0D>に<0A>に<07>て輪ばるみＧＫつ<10>Ｅつ<11>Ｅつ<13>Ｅつ<14>Ｅつ<17>Ｅつ<18>Ｅつ<1A>Ｅつ<1C>Ｅつ<1D>Ｅつ<1E>Ｅつ<1F>Ｅつ生Ｅつ兵Ｅつ出Ｅつ時Ｅつ手Ｅつ）Ｅつ行Ｅつ十Ｅつ界Ｅつ。Ｅつ０タ<00>方方Ｇつ２Ｋつ１Ｅつ０Ｅつ。Ｅつ界Ｅつ十Ｋつ行Ｅつ）Ｅつ手Ｅつ時Ｅつ出Ｋつ兵Ｅつ生Ｅつ<1F>Ｅつ<1E>Ｅつ<1D>Ｋつ<1C>Ｅつ<1A>Ｅつ<18>Ｅつ<17>方方Ｍつ<16>Ｋつ<17>Ｅつ<18>Ｅつ<1A>Ｅつ<1C>Ｅつ<1D>Ｅつ<1E>Ｅつ<1F>Ｅつ生Ｅつ兵Ｅつ出Ｅつ時Ｅつ手Ｅつ）Ｅつ行Ｅつ十Ｅつ界Ｅつ。Ｅつ０Ｅつ１Ｅつ２Ｅつ４Ｅつ５方方Ｍつ２Ｋつ１Ｅつ０Ｅつ。Ｅつ界Ｅつ十Ｋつ行Ｅつ）Ｅつ手Ｅつ時Ｅつ出Ｋつ兵Ｅつ生Ｅつ<1F>Ｅつ<1E>Ｅつ<1D>Ｋつ<1C>Ｅつ<1A>Ｅつ<18>Ｅつ<17>方方Ｍつ生Ｋつ兵Ｅつ出Ｅつ時Ｅつ手Ｅつ）Ｅつ行Ｅつ十Ｅつ界Ｅつ。Ｅつ０Ｅつ１Ｅつ２Ｅつ４Ｅつ５Ｅつ７Ｅつ８Ｅつ石Ｅつ来Ｅつ者Ｅつ思Ｅつ輪ＥつＡ方方ＭつＡＥつ輪Ｅつ者Ｅつ石Ｅつ８Ｅつ５Ｅつ２Ｅつ１Ｅつ。Ｅつ十Ｅつ行Ｅつ手Ｅつ出Ｋつ時Ｅつ手Ｅつ）Ｅつ行Ｅつ十Ｅつ界Ｋつ。Ｅつ０Ｅつ１Ｅつ２Ｅつ４Ｅつ５Ｅつ７Ｋつ８Ｅつ石Ｅつ来Ｅつ者Ｅつ思Ｅつ輪ェに<06>ち<04>へへゥ<00><00>オ<00>ふま<01>て輪ばつ<00><0E>れみ６方方輪つ<00><0F>Ｄつ<10>Ａつ<11>Ｅ<00>つ<13>Ｄつ<14>Ｂつ<16><00>Ｃつ<17>Ｃつ<18>Ｅつ<00><1A>Ｇつ<1C>Ｃつ<1D>Ｆ<00>つ<1E>Ｆつ Ｄつ兵<00>Ｃつ出Ｆつ出Ａつ<00>時つ力方方方ギハ<04>方ッ<1B>Ｅ<1F>Ｋ<05>ぇＱ<03>Ｗ<07>備<1D>備<19><00>カへへキ<06><00><00>ふま<02>つ者ばて生に<0A>に<07>方方方方Ｏつ手輪つ出輪つ兵輪つ生輪つ<1F>輪つ<1E>輪つ<1D>輪つ<1C>Ａつ<1A>Ａつ<18>輪つ<17>輪つ<16>Ａつ<14>Ａつ<13>輪つ<0E>Ｗつ<0E>ＭれみＢＪつ<13>Ａつ<14>輪つ<16>輪つ<17>Ｂつ<18>輪つ<1A>Ｂつ<1C>輪つ<1D>Ａつ<1E>輪つ<1F>Ａつ生Ａつ兵輪つ出Ａつ時輪つ手輪つ）Ａつ行輪つ十輪つ界Ｂつ。輪つ０輪つ１Ａつ２Ａつ４Ｂつ５輪つ７Ａつ８Ａつ石Ａつ来Ａつ者Ａつ思Ａつ輪ＡつＢＡつＣ輪つＦＡつＧ世輪つＨＡつＪＢつＭＥつＪ輪つＨＡつＧ輪つＦＡつＣつＢ輪つＡＡつ輪輪つ思つ者輪つ来つ８輪つ７輪つ５つ４輪つ２輪つ１輪つ０輪つ。輪つ界輪つ十Ａつ行輪つ）輪つ手輪つ出輪つ兵輪つ生輪つ<1F>輪つ<1E>輪つ<1D>輪つ<1C>Ａつ<1A>Ａつ<18>輪つ<17>輪つ<16>Ａつ<14>Ａつ<13>輪つ<0E>Ｇつ<0E>Ｎ<00>Ｉつ<13>Ａつ<14>輪つ<16>Ａつ<17>Ａつ<18>輪つ<1A>Ｂつ<1C>輪つ<1D>Ａつ<1E>輪つ<1F>Ａつ生Ａつ兵輪つ出Ａつ時輪つ手輪つ）Ａつ行輪つ十輪つ界Ｂつ。輪つ０Ａつ１輪つ２Ａつ４Ｂつ５輪つ７Ａつ８Ａつ石Ａつ来Ａつ者Ａつ思Ａつ輪ＡつＢＡつＣ輪つＦＡつＧタつＨＡつＪＣつＭＤつＪＡつＨ輪つＧ輪つＦＡつＣつＢ輪つＡＡつ輪輪つ思つ者輪つ来輪つ８つ７輪つ５輪つ４つ２輪つ１輪つ０輪つ。輪つ界輪つ十Ａつ行Ａつ）つ手輪つ出輪つ兵輪つ生輪つ<1F>輪つ<1E>輪つ<1D>輪つ<1C>Ａつ<1A>Ａつ<18>輪つ<17>輪つ<16>Ａつ<14>Ａつ<13>輪つ<0E>方Ｇつ<0E>Ｍ<00>Ｊつ<13>輪つ<14>Ａつ<16>輪つ<17>Ｂつ<18>輪つ<1A>Ａつ<1C>Ａつ<1D>輪つ<1E>Ａつ<1F>輪つ生Ａつ兵輪つ出Ａつ時輪つ手輪つ）Ａつ行輪つ十Ａつ界Ａつ。Ａつ０輪つ１輪つ２Ａつ４Ｂつ５Ａつ７Ａつ８輪つ石Ａつ来Ｂつ者輪つ思Ｂつ輪ＡつＢ輪つＣＡつＦ輪つＧ命輪つＨＡつＪＢつＭＤつＪＡつＨＡつＧ輪つＦ輪つＣ輪つＢ輪つＡ輪つ輪輪つ思輪つ者つ来輪つ８輪つ７つ５輪つ４輪つ２つ１輪つ０輪つ。輪つ界Ａつ十輪つ行Ａつ）輪つ手つ出輪つ兵輪つ生輪つ<1F>輪つ<1E>輪つ<1D>Ａつ<1C>輪つ<1A>Ａつ<18>輪つ<17>輪つ<16>Ａつ<14>Ａつ<13>輪つ<0E>方つ<0E>Ｍ<00>Ｊつ<13>Ａつ<14>輪つ<16>輪つ<17>Ｂつ<18>輪つ<1A>Ｂつ<1C>輪つ<1D>Ａつ<1E>輪つ<1F>Ａつ生Ａつ兵輪つ出Ａつ時輪つ手輪つ）Ａつ行輪つ十輪つ界Ｂつ。輪つ０輪つ１Ａつ２Ａつ４Ｂつ５輪つ７Ａつ８Ａつ石Ａつ来Ａつ者Ａつ思Ａつ輪ＡつＢＡつＣ輪つＦＡつＧ世輪つＨＡつＪＢつＭＥつＪ輪つＨＡつＧ輪つＦＡつＣつＢ輪つＡＡつ輪輪つ思つ者輪つ来つ８輪つ７輪つ５つ４輪つ２輪つ１輪つ０輪つ。輪つ界輪つ十Ａつ行輪つ）輪つ手輪つ出輪つ兵輪つ生輪つ<1F>輪つ<1E>輪つ<1D>輪つ<1C>Ａつ<1A>Ａつ<18>輪つ<17>輪つ<16>Ａつ<14>Ａつ<13>輪つ<0E>方Ａつ<0E>Ｍ<00>Ｉつ<13>Ａつ<14>輪つ<16>Ａつ<17>Ａつ<18>Ａつ<1A>Ａつ<1C>輪つ<1D>Ａつ<1E>輪つ<1F>Ａつ生Ａつ兵輪つ出Ａつ時輪つ手輪つ）Ａつ行輪つ十Ａつ界Ａつ。輪つ０Ａつ１輪つ２Ａつ４Ｂつ５Ａつ７輪つ８Ａつ石Ａつ来Ａつ者Ａつ思Ｂつ輪輪つＢＡつＣＡつＦ輪つＧ命輪つＨ輪つＪＣつＭＤつＪＡつＨ輪つＧＡつＦ輪つＣ輪つＢ輪つＡ輪つ輪輪つ思輪つ者つ来輪つ８つ７輪つ５輪つ４つ２輪つ１輪つ０輪つ。輪つ界Ａつ十輪つ行Ａつ）つ手輪つ出輪つ兵輪つ生輪つ<1F>輪つ<1E>輪つ<1D>Ａつ<1C>輪つ<1A>Ａつ<18>輪つ<17>輪つ<16>Ａつ<14>Ａつ<13>輪つ<0E>方Ｃつ<0E>Ｍ<00>Ｉつ<13>Ａつ<14>輪つ<16>Ａつ<17>Ａつ<18>Ａつ<1A>Ａつ<1C>輪つ<1D>Ａつ<1E>輪つ<1F>Ａつ生Ａつ兵輪つ出Ａつ時輪つ手輪つ）Ａつ行輪つ十Ａつ界Ａつ。輪つ０Ａつ１輪つ２Ａつ４Ｂつ５Ａつ７輪つ８Ａつ石Ａつ来Ａつ者Ａつ思Ｂつ輪輪つＢＡつＣＡつＦ輪つＧ命輪つＨ輪つＪＣつＭＤつＪＡつＨ輪つＧＡつＦ輪つＣ輪つＢ輪つＡ輪つ輪輪つ思輪つ者つ来輪つ８つ７輪つ５輪つ４つ２輪つ１輪つ０輪つ。輪つ界Ａつ十輪つ行Ａつ）つ手輪つ出輪つ兵輪つ生輪つ<1F>輪つ<1E>輪つ<1D>Ａつ<1C>輪つ<1A>Ａつ<18>輪つ<17>輪つ<16>Ａつ<14>Ａつ<13>輪つ<0E>Ｇつ<0E>Ｍ<00>Ｊつ<13>Ａつ<14>輪つ<16>輪つ<17>Ｂつ<18>輪つ<1A>Ｂつ<1C>輪つ<1D>Ａつ<1E>輪つ<1F>Ａつ生Ａつ兵輪つ出Ａつ時輪つ手輪つ）Ａつ行輪つ十輪つ界Ｂつ。輪つ０輪つ１Ａつ２Ａつ４Ｂつ５輪つ７Ａつ８Ａつ石Ａつ来Ａつ者Ａつ思Ａつ輪ＡつＢＡつＣ輪つＦＡつＧ世輪つＨＡつＪＢつＭＥつＪ輪つＨＡつＧ輪つＦＡつＣつＢ輪つＡＡつ輪輪つ思つ者輪つ来つ８輪つ７輪つ５つ４輪つ２輪つ１輪つ０輪つ。輪つ界輪つ十Ａつ行輪つ）へへキ<06><00><00>ふま<03>つ来ばて言に<0A>に<07>方方方方Ｏつ時輪つ兵輪つ生輪つ<1F>輪つ<1E>輪つ<1D>輪つ<1C>輪つ<1A>Ａつ<18>Ａつ<17>輪つ<16>輪つ<14>Ａつ<13>Ａつ<11>輪つ<0D>Ｗつ<0D>Ｍれみ思Ｊつ<11>Ａつ<13>輪つ<14>輪つ<16>Ｂつ<17>輪つ<18>Ｂつ<1A>輪つ<1C>Ａつ<1D>輪つ<1E>Ａつ<1F>Ａつ生輪つ兵Ａつ出輪つ時輪つ手Ａつ）輪つ行輪つ十Ｂつ界輪つ。輪つ０Ａつ１Ａつ２Ｂつ４輪つ５Ａつ７Ａつ８Ａつ石Ａつ来Ａつ者Ａつ思ＡつＡＡつＢ輪つＣＡつＦ世輪つＧＡつＩＢつＪＥつＩ輪つＧＡつＦ輪つＣＡつＢつＡ輪つ輪Ａつ思輪つ者つ来輪つ石つ７輪つ５輪つ４つ２輪つ１輪つ０輪つ。輪つ界輪つ十輪つ行Ａつ）輪つ手輪つ時輪つ兵輪つ生輪つ<1F>輪つ<1E>輪つ<1D>輪つ<1C>輪つ<1A>Ａつ<18>Ａつ<17>輪つ<16>輪つ<14>Ａつ<13>Ａつ<11>輪つ<0D>Ｇつ<0D>Ｎ<00>Ｉつ<11>Ａつ<13>輪つ<14>Ａつ<16>Ａつ<17>輪つ<18>Ｂつ<1A>輪つ<1C>Ａつ<1D>輪つ<1E>Ａつ<1F>Ａつ生輪つ兵Ａつ出輪つ時輪つ手Ａつ）輪つ行輪つ十Ｂつ界輪つ。Ａつ０輪つ１Ａつ２Ｂつ４輪つ５Ａつ７Ａつ８Ａつ石Ａつ来Ａつ者Ａつ思ＡつＡＡつＢ輪つＣＡつＦタつＧＡつＩＣつＪＤつＩＡつＧ輪つＦ輪つＣＡつＢつＡ輪つ輪Ａつ思輪つ者つ来輪つ石輪つ７つ５輪つ４輪つ２つ１輪つ０輪つ。輪つ界輪つ十輪つ行Ａつ）Ａつ手つ時輪つ兵輪つ生輪つ<1F>輪つ<1E>輪つ<1D>輪つ<1C>輪つ<1A>Ａつ<18>Ａつ<17>輪つ<16>輪つ<14>Ａつ<13>Ａつ<11>輪つ<0D>方Ｇつ<0D>Ｍ<00>Ｊつ<11>輪つ<13>Ａつ<14>輪つ<16>Ｂつ<17>輪つ<18>Ａつ<1A>Ａつ<1C>輪つ<1D>Ａつ<1E>輪つ<1F>Ａつ生輪つ兵Ａつ出輪つ時輪つ手Ａつ）輪つ行Ａつ十Ａつ界Ａつ。輪つ０輪つ１Ａつ２Ｂつ４Ａつ５Ａつ７輪つ８Ａつ石Ｂつ来輪つ者Ｂつ思ＡつＡ輪つＢＡつＣ輪つＦ命輪つＧＡつＩＢつＪＤつＩＡつＧＡつＦ輪つＣ輪つＢ輪つＡ輪つ輪輪つ思輪つ者輪つ来つ石輪つ７輪つ５つ４輪つ２輪つ１つ０輪つ。輪つ界輪つ十Ａつ行輪つ）Ａつ手輪つ時つ兵輪つ生輪つ<1F>輪つ<1E>輪つ<1D>輪つ<1C>Ａつ<1A>輪つ<18>Ａつ<17>輪つ<16>輪つ<14>Ａつ<13>Ａつ<11>輪つ<0D>方つ<0D>Ｍ<00>Ｊつ<11>Ａつ<13>輪つ<14>輪つ<16>Ｂつ<17>輪つ<18>Ｂつ<1A>輪つ<1C>Ａつ<1D>輪つ<1E>Ａつ<1F>Ａつ生輪つ兵Ａつ出輪つ時輪つ手Ａつ）輪つ行輪つ十Ｂつ界輪つ。輪つ０Ａつ１Ａつ２Ｂつ４輪つ５Ａつ７Ａつ８Ａつ石Ａつ来Ａつ者Ａつ思ＡつＡＡつＢ輪つＣＡつＦ世輪つＧＡつＩＢつＪＥつＩ輪つＧＡつＦ輪つＣＡつＢつＡ輪つ輪Ａつ思輪つ者つ来輪つ石つ７輪つ５輪つ４つ２輪つ１輪つ０輪つ。輪つ界輪つ十輪つ行Ａつ）輪つ手輪つ時輪つ兵輪つ生輪つ<1F>輪つ<1E>輪つ<1D>輪つ<1C>輪つ<1A>Ａつ<18>Ａつ<17>輪つ<16>輪つ<14>Ａつ<13>Ａつ<11>輪つ<0D>方Ａつ<0D>Ｍ<00>Ｉつ<11>Ａつ<13>輪つ<14>Ａつ<16>Ａつ<17>Ａつ<18>Ａつ<1A>輪つ<1C>Ａつ<1D>輪つ<1E>Ａつ<1F>Ａつ生輪つ兵Ａつ出輪つ時輪つ手Ａつ）輪つ行Ａつ十Ａつ界輪つ。Ａつ０輪つ１Ａつ２Ｂつ４Ａつ５輪つ７Ａつ８Ａつ石Ａつ来Ａつ者Ｂつ思輪つＡＡつＢＡつＣ輪つＦ命輪つＧ輪つＩＣつＪＤつＩＡつＧ輪つＦＡつＣ輪つＢ輪つＡ輪つ輪輪つ思輪つ者輪つ来つ石輪つ７つ５輪つ４輪つ２つ１輪つ０輪つ。輪つ界輪つ十Ａつ行輪つ）Ａつ手つ時輪つ兵輪つ生輪つ<1F>輪つ<1E>輪つ<1D>輪つ<1C>Ａつ<1A>輪つ<18>Ａつ<17>輪つ<16>輪つ<14>Ａつ<13>Ａつ<11>輪つ<0D>方Ｃつ<0D>Ｍ<00>Ｉつ<11>Ａつ<13>輪つ<14>Ａつ<16>Ａつ<17>Ａつ<18>Ａつ<1A>輪つ<1C>Ａつ<1D>輪つ<1E>Ａつ<1F>Ａつ生輪つ兵Ａつ出輪つ時輪つ手Ａつ）輪つ行Ａつ十Ａつ界輪つ。Ａつ０輪つ１Ａつ２Ｂつ４Ａつ５輪つ７Ａつ８Ａつ石Ａつ来Ａつ者Ｂつ思輪つＡＡつＢＡつＣ輪つＦ命輪つＧ輪つＩＣつＪＤつＩＡつＧ輪つＦＡつＣ輪つＢ輪つＡ輪つ輪輪つ思輪つ者輪つ来つ石輪つ７つ５輪つ４輪つ２つ１輪つ０輪つ。輪つ界輪つ十Ａつ行輪つ）Ａつ手つ時輪つ兵輪つ生輪つ<1F>輪つ<1E>輪つ<1D>輪つ<1C>Ａつ<1A>輪つ<18>Ａつ<17>輪つ<16>輪つ<14>Ａつ<13>Ａつ<11>輪つ<0D>Ｇつ<0D>Ｍ<00>Ｊつ<11>Ａつ<13>輪つ<14>輪つ<16>Ｂつ<17>輪つ<18>Ｂつ<1A>輪つ<1C>Ａつ<1D>輪つ<1E>Ａつ<1F>Ａつ生輪つ兵Ａつ出輪つ時輪つ手Ａつ）輪つ行輪つ十Ｂつ界輪つ。輪つ０Ａつ１Ａつ２Ｂつ４輪つ５Ａつ７Ａつ８Ａつ石Ａつ来Ａつ者Ａつ思ＡつＡＡつＢ輪つＣＡつＦ世輪つＧＡつＩＢつＪＥつＩ輪つＧＡつＦ輪つＣＡつＢつＡ輪つ輪Ａつ思輪つ者つ来輪つ石つ７輪つ５輪つ４つ２輪つ１輪つ０輪つ。輪つ界輪つ十輪つ行Ａつ）輪つ手へへニ<04><06>Ｐ<00>ふま<04>Ｌつ<1A>ば<01>て輪に<0A>に<07>方<00><00>Ｏつ<11>輪つ<10>輪つＰ<0E>Ｂ<0D>「<0C>Ａつ<0C><00>輪つ<0A>Ａつ<0A>輪つ<00><08>Ａつ<08>輪つ<07>Ａ<00>つ<06>Ｗつ<06>Ｍれみ８ＢＪ界<12><15><0A>Ｂつ<05><0A>輪つ<0C>Ａ生<0D><02>Ｑ輪時<0E><02>輪つ<10><02><08>Ａつ<11>輪生<13>ＡつＰ<13>Ｅ<14><02>輪つ<16>Ａタ生<17>Ｂつ<17>輪つ<18><00>Ａつ<18>輪つ<1A>Ｂつ（<1A>Ａ生<1C>Ｂ<1D> Ａ<00>つ<1E>輪つ<1E>Ａつ<1F>タＢ生Ｂつ生Ｄつ生<EA>ョ<17>Ｂ<1D>Ｂ<1C>Ｂ<1A>ネ<02>つ<18>輪生<17>つ<17><10>輪つ<16>Ｂ<14>つ<14>Ａ<05>つ<13>輪つ<13>Ｅ<11>Ｂ<0A><10>輪つ<0E>Ｂ<0D>「<0C><00>Ａつ<0C>輪つ<0A>Ａつ<00><0A>輪つ<08>Ａつ<08>輪<00>つ<07>Ａつ<06>Ｇつ<06><1C>Ｍ<00>Ｊ行<10><13><0A>Ｂユ？<0C>Ａ生<0D><02>輪時輪<0E><02>輪つ<10>Ａつ<10><10>輪つ<11>Ｂ<13>Ａつ<13>。Ｅ<14><02>輪つ<16>Ａ生<00><17>Ｂつ<17>輪つ<18>Ａ<00>つ<18>輪つ<1A>Ｂつ<1A>ＰＡ生<1C>Ｂ<1D> Ａづ<1E>輪つ<1E>Ａつ<1F>Ｂ<01>生Ｂつ生Ｄつ生ョゆ<17>Ｂ<1D>Ｂ<1C>Ｂ<1A><02><10>つ<18>輪生<17>つ<17>輪 つ<16>Ｂ<14>つ<14>Ａつ<0A><13>輪つ<13>Ｅ<11>Ｂ<10><14>輪つ<0E>Ｂ<0D>「<0C>Ａ<00>つ<0C>輪つ<0A>Ａつ<0A><08>輪つ<08>Ａ生<07>輪つ<00><06>方Ｇつ<06>Ｍ<00>Ｉ５つ<07><11>Ｗ<0A>Ｂ<0C><02><02>輪つ<0D>Ａつ<0D>Ｅ<0E>タ<02>輪つ<10>Ａつ<10>輪 つ<11><02>Ａつ<13>輪つ輪<13><05>Ａつ<14>輪つ<14><00>Ａつ<16>輪つ<16>Ａつ<00><17>Ｂつ<17>Ａつ<18>輪<04>つ<18>Ａつ<1A>「<1C>Ｂ<00>つ<1C>輪つ<1D>タ輪つ<00><1E>Ａつ<1E>輪つ<1F>Ｂ<00>つ<1F>輪つ生Ｃつ生<0B>Ｄつ生Ａ十<1F>Ｗ<1A>Ｐ<1D>Ｂ<1C>Ｂ<1A>つ<1A>輪<01>つ<18>つ<18>輪つ<17><02><14>つ<16>輪生<14>Ｂ<13>Ａ つ<13>Ｅ<11>つ<11>輪つ<0A><10>輪つ<0E>Ｂ<0D>言Ａ<00>つ<0C>輪つ<0C>Ａつ<0A>Ｈ輪生<08>Ａ生<07>輪つ<00><06>方つ<06>Ｍ<00>Ｊつエ<07><10><16><1C>Ｂ？<0C>Ａぇ生<0D><02>輪時<0E><02>輪！つ<10><02>Ａつ<11>輪生<0A><13>Ａつ<13>Ｅ<14><02>輪<10>つ<16>Ａ生<17>Ｂつ<17><00>輪つ<18>Ａつ<18>輪つ<05><1A>Ｂつ<1A>Ａ生<1C>Ｂ<00><1D> Ａつ<1E>輪つ<1E><10>Ａつ<1F>Ｂ生Ｂつ生<1D>Ｄつ生ョ<17>Ｂ<1D>ＢＱ<1C>Ｂ<1A><02>つ<18>輪生<02><17>つ<17>輪つ<16>Ｂ<14><00>つ<14>Ａつ<13>輪つ<13>。Ｅ<11>Ｂ<10>輪つ<0E>Ｂ輪<0D>「<0C>Ａつ<0C>輪つ<00><0A>Ａつ<0A>輪つ<08>Ａ<00>つ<08>輪つ<07>Ａつ<06><01>方輪つ<06>Ｎ<00>Ｉ十み<11><17><0A><02>輪つ<0C>Ｂ<00>つ<0C>輪つ<0D>Ａつ<0D>♥Ｅ<0E><02>輪つ<10>Ａつ<08><10>輪つ<11><02>Ａつ<13>輪輪ＢＢつ<14>輪つ<14><00>Ａつ<16>輪つ<16>Ａつ<00><17>Ｂつ<17>輪つ<18>Ａぃ生<1A>「<1C>Ｂ<1D>世輪生つ<1E><02>Ａつ<1F>Ｂ生<02>Ｃつ生Ｄつ生<0E>輪た生<17><1E>つ<1D>輪つ<1D><00>Ａつ<1C>輪つ<1C>つ<1A>輪輪生<18>つ<18>輪つ<17>ハ<02>つ<16>輪生<14>Ｂ<13>♥<02>Ａ生<11>つ<11>輪つ<0A><10>輪つ<0E>Ｂ<0D>「<0C>ＩＡ生<0A>輪生<08>Ａ生<00><07>輪つ<06>方Ｂつ<06><06>Ｎ<00>Ｉつ<07><11>Ｗ<0A>タ<02>輪つ<0C>Ｂつ<0C>輪<05>つ<0D>Ａつ<0D>Ｅ<0E><02><00>輪つ<10>Ａつ<10>輪つＢ<11><02>Ａつ<13>輪ＢＢ<00>つ<14>輪つ<14>Ａつ<16><00>輪つ<16>Ａつ<17>Ｂつ<05><17>輪つ<18>Ａ生<1A>「Ａ<1C>Ｂ<1D>世輪つ<1E><02><10>Ａつ<1F>Ｂ生Ｃつ生<16>Ｄつ生<0E>輪生<17><1E><00>つ<1D>輪つ<1D>Ａつ<1C><02>輪つ<1C>つ<1A>輪生<18><04>つ<18>輪つ<17><02>つ<16>Ｕ輪生<14>Ｂ<13><02>Ａ生<00><11>つ<11>輪つ<10>輪つＲ<0E>Ｂ<0D>「<0C>Ａ生<0A>Ｈ輪生<08>Ａ生<07>輪つ<00><06>Ｇつ<06>Ｍ<00>Ｊつエ<07><10><16><1C>Ｂ？<0C>Ａぇ生<0D><02>輪時<0E><02>輪！つ<10><02>Ａつ<11>輪生<0A><13>Ａつ<13>Ｅ<14><02>輪<10>つ<16>Ａ生<17>Ｂつ<17><00>輪つ<18>Ａつ<18>輪つ<05><1A>Ｂつ<1A>Ａ生<1C>Ｂ<00><1D> Ａつ<1E>輪つ<1E><10>Ａつ<1F>Ｂ生Ｂつ生<1D>Ｄつ生ョ<17>Ｂ<1D>Ｂ<00><1C>へへ。<00><00>‥<00>ふま<06>つ世て輪に<02><0A>に<07>は<05>方<00>Ｏ<01>れみ（ォＫ<00>タ★
0x2d0a18	44	物ェへへＨ<00><01>２<00>ふま<09>Ｇつ<11>て輪<00>に<0A>に<07>は<02>れみ<00>来ォる<05>ォれ<05>ォ<01>ろ<02>ォれ<1E>ォ<1B><01>
0x2d0a62	4	物命へへ
0x2d0a68	121	<07><00><00><00>ふひモへへ<05><00><00><00>ふへへ<05><00><00><00>ふへへ<05><00><00><00>ふへへ<05><00><00><00>ふへへ<05><00><00><00>ふへへ<05><00><00><00>ふへへ<05><00><00><00>ふへへ<05><00><00><00>ふへへ<05><00><00><00>ふへへ<05><00><00><00>ふへへ<05><00><00><00>ふへへ<05><00><00><00>ふへへ<05><00><00><00>ふへへ<05><00><00><00>ふへへ<05><00><00><00>ふへへ<05><00><00><00>ふへへ
0x2d0ae3	122	１<07><00><00><00>ふひモへへ<05><00><00><00>ふへへ<05><00><00><00>ふへへ<05><00><00><00>ふへへ<05><00><00><00>ふへへ<05><00><00><00>ふへへ<05><00><00><00>ふへへ<05><00><00><00>ふへへ<05><00><00><00>ふへへ<05><00><00><00>ふへへ<05><00><00><00>ふへへ<05><00><00><00>ふへへ<05><00><00><00>ふへへ<05><00><00><00>ふへへ<05><00><00><00>ふへへ<05><00><00><00>ふへへ<05><00><00><00>ふへへ
0x2d0b5f	35	１<07><00><00><00>ふひわへへ（<00><00>４<00>ふは<03>つ兵て輪よ<04>輪れみ７方輪Ｗせ<18>Ｃそ
0x2d0ca7	9	世殺方<00>今Ｚぇへへ
0x2d0dd4	5	ォ<02>カへへ
0x2d0fa6	121	<07><00><00><00>ふひモへへ<05><00><00><00>ふへへ<05><00><00><00>ふへへ<05><00><00><00>ふへへ<05><00><00><00>ふへへ<05><00><00><00>ふへへ<05><00><00><00>ふへへ<05><00><00><00>ふへへ<05><00><00><00>ふへへ<05><00><00><00>ふへへ<05><00><00><00>ふへへ<05><00><00><00>ふへへ<05><00><00><00>ふへへ<05><00><00><00>ふへへ<05><00><00><00>ふへへ<05><00><00><00>ふへへ<05><00><00><00>ふへへ
0x2d1c01	8	ー方<1E><EF>気ェへへ
0x2d5000	118	<00><00>ふま<03>は<09>つ力て輪れみ<18>方ッ<1B>キ<04>ギ方方タへへ<17><00><00><00>ふま<02>て<00>つソは<1C>方方方方Ｏろみ０方ッへへ力<00><00><00>ふま<05>Ｋは<09>つ<17>て輪れみ<1F>タ<0A>タ<1E>タ<1F>ダタ<18>タ<07>タ<1D>タ<06>キ<1D>キ<02>方死へへ<18><00><00><00>ふま<06>Ｋは<1C>つォてソ方方方方Ｏろみ０方死へへ
0x2d5078	121	<07><00><00><00>ふひモへへ<05><00><00><00>ふへへ<05><00><00><00>ふへへ<05><00><00><00>ふへへ<05><00><00><00>ふへへ<05><00><00><00>ふへへ<05><00><00><00>ふへへ<05><00><00><00>ふへへ<05><00><00><00>ふへへ<05><00><00><00>ふへへ<05><00><00><00>ふへへ<05><00><00><00>ふへへ<05><00><00><00>ふへへ<05><00><00><00>ふへへ<05><00><00><00>ふへへ<05><00><00><00>ふへへ<05><00><00><00>ふへへ
0x2d50f3	1920	１<0E><00><00><11><08>ふひチら♥Ｂひヤ<00>へへ？<00><00>ヨ<00>ふつ<1E>てソは）方<00>ＯるみＩ<06>方方Ｇ<03>石手方方方<1A><E9><F3>ラ<1D>方Ｗ<1E>Ｏ<E9><F3><FD><FD><FD><FD><FD>ん<19>？Ｇェ <00><1A><0A>手石方方Ｆ<00>に<06>ち生へへＯ<00><00>サ<00>ふま<01>て生ばＷ<00>れみＣ方ッ<1B>ギ<00>方ッ<07>方ッ<1F>方ッ生<1C>方<00>ッＷ<02><F4><1F>ト１方タＷ<1E><F2><1F>方生ッ<1C>５ッＷ<02><F4><1F>ノ１方タ<05><18>キ<1E><08>Ｈ<1C>ＯァＷキァＷ<00>タ方ヲへへ<0A><02><00><00>ふま<01>つ<12>Ｌつ<14>Ｍつ<17>Ｌつ<19>Ｌつ<1C>Ｍつ<1E>Ｌつ Ｌつ兵Ｍつ時Ｌつ（Ｌつ行Ｍつ界Ｌつ気Ｆつ０輪つ０Ｐつ。Ｐつ十Ｐつ）Ｑつ手Ｐつ出Ｐつ生Ｐつ<1F>Ｐつ<1D>Ｐつ<1A>Ｑつ<18>Ｐつ<16>Ｐつ<13>Ｈつ<12>輪つ<12>Ｌつ<14>Ｍつ<17>Ｌつ<19>Ｌつ<1C>Ｍつ<1E>Ｌつ Ｌつ兵Ｍつ時Ｌつ（Ｌつ行Ｍつ界Ｌつ気Ｆつ０輪つ０Ｐつ。Ｐつ十Ｐつ）Ｑつ手Ｐつ出Ｐつ生Ｐつ<1F>Ｐつ<1D>Ｐつ<1A>Ｑつ<18>Ｐつ<16>Ｐつ<13>Ｈつ<12>輪つ<12>Ｌつ<14>Ｍつ<17>Ｌつ<19>Ｌつ<1C>Ｍつ<1E>Ｌつ Ｌつ兵Ｍつ時Ｌつ（Ｌつ行Ｍつ界Ｌつ気Ｆつ０輪つ０Ｐつ。Ｐつ十Ｐつ）Ｑつ手Ｐつ出Ｐつ生Ｐつ<1F>Ｐつ<1D>Ｐつ<1A>Ｑつ<18>Ｐつ<16>Ｐつ<13>Ｈつ<12>輪つ<12>Ｌつ<14>Ｍつ<17>Ｌつ<19>Ｌつ<1C>Ｍつ<1E>Ｌつ Ｌつ兵Ｍつ時Ｌつ（Ｌつ行Ｍつ界Ｌつ気Ｆつ０輪つ０Ｐつ。Ｐつ十Ｐつ）Ｑつ手Ｐつ出Ｐつ生Ｐつ<1F>Ｐつ<1D>Ｐつ<1A>Ｑつ<18>Ｐつ<16>Ｐつ<13>Ｈつ<12>輪つ<12>Ｌつ<14>Ｍつ<17>Ｌつ<19>Ｌつ<1C>Ｍつ<1E>Ｌつ Ｌつ兵Ｍつ時Ｌつ（Ｌつ行Ｍつ界Ｌつ気Ｆつ０輪つ０Ｐつ。Ｐつ十Ｐつ）Ｑつ手Ｐつ出Ｐつ生Ｐつ<1F>Ｐつ<1D>Ｐつ<1A>Ｑつ<18>Ｐつ<16>Ｐつ<13>Ｈつ<12>輪つ<0C>Ｌつ<0E>Ｋつ<11>Ｌつ<13>Ｌつ<16>Ｌつ<18>Ｋつ<1A>Ｌつ<1D>Ｌつ<1F>Ｋつ生Ｌつ出Ｌつ手Ｋつ）Ｌつ十Ｌつ。Ｌつ０輪つ<0C>Ｌつ<0E>Ｋつ<11>Ｌつ<13>Ｌつ<16>Ｌつ<18>Ｋつ<1A>Ｌつ<1D>Ｌつ<1F>Ｋつ生Ｌつ出Ｌつ手Ｋつ）Ｌつ十Ｌつ。Ｌつ０へへＯ<00><00>サ<00>ふま<02>てィばＷ<00>れみ思方ッ<1B>ギ<00>方ッ<07>方ッ<1F>方ッ生<1C>方<00>ッＷ<02><F4><1F>ト１方タＷ<1E><F2><1F>方生ッ<1C>５ッＷ<02><F4><1F>ハ１方タ<04><18>キ<0B>タＨ<1C>ＯァＷキァＷ<00>タ方ヲへへ<0A><02><00><00>ふま<02>つ<12>Ｌつ<14>Ｍつ<17>Ｌつ<19>Ｌつ<1C>Ｍつ<1E>Ｌつ Ｌつ兵Ｍつ時Ｌつ（Ｌつ行Ｍつ界Ｌつ気Ｆつ０輪つ０Ｐつ。Ｐつ十Ｐつ）Ｑつ手Ｐつ出Ｐつ生Ｐつ<1F>Ｐつ<1D>Ｐつ<1A>Ｑつ<18>Ｐつ<16>Ｐつ<13>Ｈつ<12>輪つ<12>Ｌつ<14>Ｍつ<17>Ｌつ<19>Ｌつ<1C>Ｍつ<1E>Ｌつ Ｌつ兵Ｍつ時Ｌつ（Ｌつ行Ｍつ界Ｌつ気Ｆつ０輪つ０Ｐつ。Ｐつ十Ｐつ）Ｑつ手Ｐつ出Ｐつ生Ｐつ<1F>Ｐつ<1D>Ｐつ<1A>Ｑつ<18>Ｐつ<16>Ｐつ<13>Ｈつ<12>輪つ<12>Ｌつ<14>Ｍつ<17>Ｌつ<19>Ｌつ<1C>Ｍつ<1E>Ｌつ Ｌつ兵Ｍつ時Ｌつ（Ｌつ行Ｍつ界Ｌつ気Ｆつ０輪つ０Ｐつ。Ｐつ十Ｐつ）Ｑつ手Ｐつ出Ｐつ生Ｐつ<1F>Ｐつ<1D>Ｐつ<1A>Ｑつ<18>Ｐつ<16>Ｐつ<13>Ｈつ<12>輪つ<12>Ｌつ<14>Ｍつ<17>Ｌつ<19>Ｌつ<1C>Ｍつ<1E>Ｌつ Ｌつ兵Ｍつ時Ｌつ（Ｌつ行Ｍつ界Ｌつ気Ｆつ０輪つ０Ｐつ。Ｐつ十Ｐつ）Ｑつ手Ｐつ出Ｐつ生Ｐつ<1F>Ｐつ<1D>Ｐつ<1A>Ｑつ<18>Ｐつ<16>Ｐつ<13>Ｈつ<12>輪つ<12>Ｌつ<14>Ｍつ<17>Ｌつ<19>Ｌつ<1C>Ｍつ<1E>Ｌつ Ｌつ兵Ｍつ時Ｌつ（Ｌつ行Ｍつ界Ｌつ気Ｆつ０輪つ０Ｐつ。Ｐつ十Ｐつ）Ｑつ手Ｐつ出Ｐつ生Ｐつ<1F>Ｐつ<1D>Ｐつ<1A>Ｑつ<18>Ｐつ<16>Ｐつ<13>Ｈつ<12>輪つ<0C>Ｌつ<0E>Ｋつ<11>Ｌつ<13>Ｌつ<16>Ｌつ<18>Ｋつ<1A>Ｌつ<1D>Ｌつ<1F>Ｋつ生Ｌつ出Ｌつ手Ｋつ）Ｌつ十Ｌつ。Ｌつ０輪つ<0C>Ｌつ<0E>Ｋつ<11>Ｌつ<13>Ｌつ<16>Ｌつ<18>Ｋつ<1A>Ｌつ<1D>Ｌつ<1F>Ｋつ生Ｌつ出Ｌつ手Ｋつ）Ｌつ十Ｌつ。Ｌつ０へへＰ<00><00>サ<00>ふま<06>Ｋて輪ば<00>ＷれみＣ方ッ<1B>キ<00><01>方ッ<07>方ッ<1F>方<11>ッ<1C>方<00>ッＷ<02><F4>Ｂ<1F>１方タＷ<1E><F2><1F><11>方ッ<1C>５ッＷ<02><F4>Ｄ<1F>１方タ<05><18>キ<1E>、<08><1C>ＯァＷキァＷ輪<00>？ケへへ<0A><02><00><00>ふま<06>つ<0B>Ｌつ<0B>Ｍつ<0C>Ｌつ<0C>Ｌつ<0D>Ｍつ<0E>Ｌつ<10>Ｌつ<11>Ｍつ<12>Ｌつ<14>Ｌつ<16>Ｍつ<17>Ｌつ<18>Ｆつ<18>輪つ<18>Ｐつ<17>Ｐつ<16>Ｐつ<14>Ｑつ<12>Ｐつ<12>Ｐつ<11>Ｐつ<10>Ｐつ<0E>Ｐつ<0D>Ｑつ<0C>Ｐつ<0B>Ｐつ<0B>Ｈつ<0B>輪つ<0B>Ｌつ<0B>Ｍつ<0C>Ｌつ<0C>Ｌつ<0D>Ｍつ<0E>Ｌつ<10>Ｌつ<11>Ｍつ<12>Ｌつ<14>Ｌつ<16>Ｍつ<17>Ｌつ<18>Ｆつ<18>輪つ<18>Ｐつ<17>Ｐつ<16>Ｐつ<14>Ｑつ<12>Ｐつ<12>Ｐつ<11>Ｐつ<10>Ｐつ<0E>Ｐつ<0D>Ｑつ<0C>Ｐつ<0B>Ｐつ<0B>Ｈつ<0B>輪つ<0B>Ｌつ<0B>Ｍつ<0C>Ｌつ<0C>Ｌつ<0D>Ｍつ<0E>Ｌつ<10>Ｌつ<11>Ｍつ<12>Ｌつ<14>Ｌつ<16>Ｍつ<17>Ｌつ<18>Ｆつ<18>輪つ<18>Ｐつ<17>Ｐつ<16>Ｐつ<14>Ｑつ<12>Ｐつ<12>Ｐつ<11>Ｐつ<10>Ｐつ<0E>Ｐつ<0D>Ｑつ<0C>Ｐつ<0B>Ｐつ<0B>Ｈつ<0B>輪つ<0B>Ｌつ<0B>Ｍつ<0C>Ｌつ<0C>Ｌつ<0D>Ｍつ<0E>Ｌつ<10>Ｌつ<11>Ｍつ<12>Ｌつ<14>Ｌつ<16>Ｍつ<17>Ｌつ<18>Ｆつ<18>輪つ<18>Ｐつ<17>Ｐつ<16>Ｐつ<14>Ｑつ<12>Ｐつ<12>Ｐつ<11>Ｐつ<10>Ｐつ<0E>Ｐつ<0D>Ｑつ<0C>Ｐつ<0B>Ｐつ<0B>Ｈつ<0B>輪つ<0B>Ｌつ<0B>Ｍつ<0C>Ｌつ<0C>Ｌつ<0D>Ｍつ<0E>Ｌつ<10>Ｌつ<11>Ｍつ<12>Ｌつ<14>Ｌつ<16>Ｍつ<17>Ｌつ<18>Ｆつ<18>輪つ<18>Ｐつ<17>Ｐつ<16>Ｐつ<14>Ｑつ<12>Ｐつ<12>Ｐつ<11>Ｐつ<10>Ｐつ<0E>Ｐつ<0D>Ｑつ<0C>Ｐつ<0B>Ｐつ<0B>Ｈつ<0B>輪つ<0B>Ｌつ<0B>Ｋつ<0B>Ｌつ<0B>Ｌつ<0B>Ｌつ<0C>Ｋつ<0D>Ｌつ<0E>Ｌつ<10>Ｋつ<11>Ｌつ<12>Ｌつ<12>Ｋつ<14>Ｌつ<16>Ｌつ<17>Ｌつ<18>輪つ<0B>Ｌつ<0B>Ｋつ<0B>Ｌつ<0B>Ｌつ<0B>Ｌつ<0C>Ｋつ<0D>Ｌつ<0E>Ｌつ<10>Ｋつ<11>Ｌつ<12>Ｌつ<12>Ｋつ<14>Ｌつ<16>Ｌつ<17>Ｌつ<18>へへＺ<00><02>Ｌ<00>ふま<03>つ０て輪は<00><15>れみ７今Ｅ<00>タ
0x2d596a	4	ォへへ<F8>
0x2d5ac5	97	？子へへ<1B><00><00>！<00>ふま<05>ばて輪つ ウ方世Ｏれみ<1F>方 サ<00>ツコへへ<1A><00><00>！<00>ふま<07>は<15>て輪つ輪方タＯれみ十方サ輪<00>ツコへへ生<00><00>前<00>ふま<06>Ｋつソて<00><00>は（ろみ来言Ｂ<1E><1F>タＺ<02>★<EB><F7><FD><FD>た<FD><FD>へへ
0x2d5b28	121	<07><00><00><00>ふひモへへ<05><00><00><00>ふへへ<05><00><00><00>ふへへ<05><00><00><00>ふへへ<05><00><00><00>ふへへ<05><00><00><00>ふへへ<05><00><00><00>ふへへ<05><00><00><00>ふへへ<05><00><00><00>ふへへ<05><00><00><00>ふへへ<05><00><00><00>ふへへ<05><00><00><00>ふへへ<05><00><00><00>ふへへ<05><00><00><00>ふへへ<05><00><00><00>ふへへ<05><00><00><00>ふへへ<05><00><00><00>ふへへ
0x2d5ba3	122	１<07><00><00><00>ふひモへへ<05><00><00><00>ふへへ<05><00><00><00>ふへへ<05><00><00><00>ふへへ<05><00><00><00>ふへへ<05><00><00><00>ふへへ<05><00><00><00>ふへへ<05><00><00><00>ふへへ<05><00><00><00>ふへへ<05><00><00><00>ふへへ<05><00><00><00>ふへへ<05><00><00><00>ふへへ<05><00><00><00>ふへへ<05><00><00><00>ふへへ<05><00><00><00>ふへへ<05><00><00><00>ふへへ<05><00><00><00>ふへへ
0x2d5c1f	122	１<07><00><00><00>ふひモへへ<05><00><00><00>ふへへ<05><00><00><00>ふへへ<05><00><00><00>ふへへ<05><00><00><00>ふへへ<05><00><00><00>ふへへ<05><00><00><00>ふへへ<05><00><00><00>ふへへ<05><00><00><00>ふへへ<05><00><00><00>ふへへ<05><00><00><00>ふへへ<05><00><00><00>ふへへ<05><00><00><00>ふへへ<05><00><00><00>ふへへ<05><00><00><00>ふへへ<05><00><00><00>ふへへ<05><00><00><00>ふへへ
